source,location,field,issue,action,value_before,value_after
GIAN-NIDHI,record *,*,"endpoint returned 1280 rows for 640 unique IDs (each ID twice, identical content)",dropped exact duplicate rows,,
GIAN-NIDHI,record 32,abstract,html entities,normalised text (raw value kept),"This Project presents a new intelligent helmet that  ensures that the rider cannot start the bike without wearing it. This helmet uses a simple cable replacement for wireless switching of a bike, usin","This Project presents a new intelligent helmet that ensures that the rider cannot start the bike without wearing it. This helmet uses a simple cable replacement for wireless switching of a bike, using"
GIAN-NIDHI,record 32,institution_name,html entities,normalised text (raw value kept),"P.Dr.VV.Patil Inst. of Tech. &amp; Engg. (Polytechnic), Pravaranagar,","P.Dr.VV.Patil Inst. of Tech. & Engg. (Polytechnic), Pravaranagar"
GIAN-NIDHI,record 34,abstract,html entities,normalised text (raw value kept),"The ECHO-FRIENDLY vehicle is the recent revolution in the field of automobile. In this area of petrol/Diesel crisis, electrical vehicle is going to be best alternative to the traditional IC engines. T","The ECHO-FRIENDLY vehicle is the recent revolution in the field of automobile. In this area of petrol/Diesel crisis, electrical vehicle is going to be best alternative to the traditional IC engines. T"
GIAN-NIDHI,record 35,abstract,html entities,normalised text (raw value kept),"The basic idea of the project is based upon the lines of black box used in the airplane s&amp; trains. Here the system parameter automobile like speed, engine temperature, gear position, are continuou","The basic idea of the project is based upon the lines of black box used in the airplane s& trains. Here the system parameter automobile like speed, engine temperature, gear position, are continuously "
GIAN-NIDHI,record 36,abstract,html entities,normalised text (raw value kept),"The operation of lifting the car requires, much more muscle power &amp; human inputs. They are many cases, for which the car is lifted such as for dismantling gear box, suspension Assembly, Housing, S","The operation of lifting the car requires, much more muscle power & human inputs. They are many cases, for which the car is lifted such as for dismantling gear box, suspension Assembly, Housing, Shock"
GIAN-NIDHI,record 37,abstract,html entities,normalised text (raw value kept),Charcoal silencer consists of hollow pipe in which wool is surrounded on the walls from inside. There are several oily baffles arranged in series along the pipe &amp; there is filter at the exit. Work,Charcoal silencer consists of hollow pipe in which wool is surrounded on the walls from inside. There are several oily baffles arranged in series along the pipe & there is filter at the exit. Working:
GIAN-NIDHI,record 39,abstract,html entities,normalised text (raw value kept),"The Newton automatic centrifugal clutch employees only one set of compression springs instead of the usual two seats, with this arrangement it is possible to reduce the weights of the centrifugal memb","The Newton automatic centrifugal clutch employees only one set of compression springs instead of the usual two seats, with this arrangement it is possible to reduce the weights of the centrifugal memb"
GIAN-NIDHI,record 40,abstract,html entities,normalised text (raw value kept),The design of quadra cycle consists of the mechanisms which helps the cycle to rotate in zero radius. It also consists of low radius turning mechanism. The transmission system is so made that we can o,The design of quadra cycle consists of the mechanisms which helps the cycle to rotate in zero radius. It also consists of low radius turning mechanism. The transmission system is so made that we can o
GIAN-NIDHI,record 41,abstract,html entities,normalised text (raw value kept),"Vehicle arm require an “arm controller” to command motors to achieve a coordinated &amp; predetermined motion in an external space with desired accuracy, efficiency &amp; quick response to the control","Vehicle arm require an ""arm controller"" to command motors to achieve a coordinated & predetermined motion in an external space with desired accuracy, efficiency & quick response to the controller. In "
GIAN-NIDHI,record 45,abstract,html entities,normalised text (raw value kept),"In early stages, a few towns used acetylene for lighting, including Tata in Hungary where it was installed on 24 th July 1897 &amp; North Petherton in England in 1898. Now a days acetylene is used for","In early stages, a few towns used acetylene for lighting, including Tata in Hungary where it was installed on 24 th July 1897 & North Petherton in England in 1898. Now a days acetylene is used for car"
GIAN-NIDHI,record 46,abstract,html entities,normalised text (raw value kept),Every automotive suspension has two goals: passenger comfort and vehicle control. Comfort is provided by isolating the vehicle’s passengers from road disturbances. Control is achieved by keeping the c,Every automotive suspension has two goals: passenger comfort and vehicle control. Comfort is provided by isolating the vehicle's passengers from road disturbances. Control is achieved by keeping the c
GIAN-NIDHI,record 48,abstract,html entities,normalised text (raw value kept),We have converted a standard bicycle which is readily available in the market converted into electrical drive so that effort of driving for person is reduced. We have modified standard bicycle with fi,We have converted a standard bicycle which is readily available in the market converted into electrical drive so that effort of driving for person is reduced. We have modified standard bicycle with fi
GIAN-NIDHI,record 57,abstract,html entities,normalised text (raw value kept),"There are various types of cutter, which are used according to their requirement for the particular job. They are made from different material like CI, etc. But the abrasive disc cutter is the type of","There are various types of cutter, which are used according to their requirement for the particular job. They are made from different material like CI, etc. But the abrasive disc cutter is the type of"
GIAN-NIDHI,record 58,abstract,html entities,normalised text (raw value kept),The project name “Dhoop Stick Making Machine” works on principle of extrusion of materials. This machine can be used for production of various sticks of material required for various applications.  Th,"The project name ""Dhoop Stick Making Machine"" works on principle of extrusion of materials. This machine can be used for production of various sticks of material required for various applications. The"
GIAN-NIDHI,record 59,abstract,html entities,normalised text (raw value kept),The magnetic brake system based on the principle of electromagnetism. When dc/ac current passes through the stator or field winding the iron core in the stator winding get magnetized. Magnetic flux is,The magnetic brake system based on the principle of electromagnetism. When dc/ac current passes through the stator or field winding the iron core in the stator winding get magnetized. Magnetic flux is
GIAN-NIDHI,record 60,abstract,html entities,normalised text (raw value kept),Fiber glass reinforced plastic cutting machine is specially designed for cutting of fiber component. Understanding the problems &amp; defects occurred during cutting operation of fiber component by ma,Fiber glass reinforced plastic cutting machine is specially designed for cutting of fiber component. Understanding the problems & defects occurred during cutting operation of fiber component by machin
GIAN-NIDHI,record 61,abstract,html entities,normalised text (raw value kept),As industrial is coming up across the glob various invention &amp; innovations are being carried by human to fasten various processes associated with manufacturing &amp; align things. One such thing i,As industrial is coming up across the glob various invention & innovations are being carried by human to fasten various processes associated with manufacturing & align things. One such thing is indust
GIAN-NIDHI,record 62,abstract,html entities,normalised text (raw value kept),Our country is facing a biggest problem of unemployment of educated people. Now the central and state government are encouraging the technical persons to start their own enterprise &amp; offer wide va,Our country is facing a biggest problem of unemployment of educated people. Now the central and state government are encouraging the technical persons to start their own enterprise & offer wide variet
GIAN-NIDHI,record 64,abstract,html entities,normalised text (raw value kept),Today tricycle are being looked at as a popular and cheap form of transport. It does not require any fuel and therefore it is environmental friendly. The use of tricycle is now a very common features ,Today tricycle are being looked at as a popular and cheap form of transport. It does not require any fuel and therefore it is environmental friendly. The use of tricycle is now a very common features 
GIAN-NIDHI,record 65,abstract,html entities,normalised text (raw value kept),"There are various types of couplings available to transmit the power from one shaft to another broadly classified in two categories, one for transmit power between line shaft &amp; another for offset ","There are various types of couplings available to transmit the power from one shaft to another broadly classified in two categories, one for transmit power between line shaft & another for offset shaf"
GIAN-NIDHI,record 67,abstract,html entities,normalised text (raw value kept),"Working in areas where the metal cutting is done carries heavy risk. Many safety precautions have to be followed. When the metal sheets are cutted the small, fine filings of metals which are very shar","Working in areas where the metal cutting is done carries heavy risk. Many safety precautions have to be followed. When the metal sheets are cutted the small, fine filings of metals which are very shar"
GIAN-NIDHI,record 69,abstract,html entities,normalised text (raw value kept),Working principle of our project is rotary motion is converted into oscillating motion. And oscillating motion is converted in to vibrating motion. First motor is rotated at a speed of 1440 rpm also s,Working principle of our project is rotary motion is converted into oscillating motion. And oscillating motion is converted in to vibrating motion. First motor is rotated at a speed of 1440 rpm also s
GIAN-NIDHI,record 72,abstract,html entities,normalised text (raw value kept),This machine is the modification on previous machine.  Previous m/c number of operators were more than one &amp; it was work by rotation provided by hand.  In the modification an external wheel is pro,This machine is the modification on previous machine. Previous m/c number of operators were more than one & it was work by rotation provided by hand. In the modification an external wheel is provided 
GIAN-NIDHI,record 76,project_name,html entities,normalised text (raw value kept), Multipurpose Tillage &amp; Impliment,Multipurpose Tillage & Impliment
GIAN-NIDHI,record 84,abstract,html entities,normalised text (raw value kept),In many applications it is necessary to disengage the input shaft &amp; the output shaft when there is an overload on the output shaft in order to prevent the breakage of the coupling or electrical bu,In many applications it is necessary to disengage the input shaft & the output shaft when there is an overload on the output shaft in order to prevent the breakage of the coupling or electrical burnou
GIAN-NIDHI,record 86,abstract,html entities,normalised text (raw value kept),Water is that thing which save the human life or it can work as a disaster if it goes beyond our control and makes the unimagined losses of human &amp; animals life and also disturbs number of village,Water is that thing which save the human life or it can work as a disaster if it goes beyond our control and makes the unimagined losses of human & animals life and also disturbs number of villages an
GIAN-NIDHI,record 92,abstract,html entities,normalised text (raw value kept),"our present model we proposed a construction of big pit. In this pit water is to be supplied after preliminary process such as SCREENING, AERATION is done. Screening is to avoid extra debris &amp; unw","our present model we proposed a construction of big pit. In this pit water is to be supplied after preliminary process such as SCREENING, AERATION is done. Screening is to avoid extra debris & unwante"
GIAN-NIDHI,record 95,abstract,html entities,normalised text (raw value kept),This machine is the modification on previous machine.  Previous m/c number of operators were more than one &amp; it was work by rotation provided by hand.  In the modification an external wheel is pro,This machine is the modification on previous machine. Previous m/c number of operators were more than one & it was work by rotation provided by hand. In the modification an external wheel is provided 
GIAN-NIDHI,record 99,project_name,html entities,normalised text (raw value kept), Multipurpose Tillage &amp; Impliment,Multipurpose Tillage & Impliment
GIAN-NIDHI,record 107,abstract,html entities,normalised text (raw value kept),The Proposed mechanism will be an extraordinary combination of Automobile &amp; Medical sector to provide an enormous comfort to the two wheeler rider as well as pillion by the aid of aesthetic &amp; ,The Proposed mechanism will be an extraordinary combination of Automobile & Medical sector to provide an enormous comfort to the two wheeler rider as well as pillion by the aid of aesthetic & ergonomi
GIAN-NIDHI,record 117,project_name,html entities,normalised text (raw value kept),Design &amp; Fabrication of paddle operated water pump,Design & Fabrication of paddle operated water pump
GIAN-NIDHI,record 122,project_name,html entities,normalised text (raw value kept),Design &amp; Fabrication of Sugar cane lifter.,Design & Fabrication of Sugar cane lifter.
GIAN-NIDHI,record 133,abstract,line breaks,normalised text (raw value kept),"There is no sense of using traditional manual inventory system. The manual record keeping, stock maintenance, decision making, handling large data in journals, etc. so to overcome this stress and
prob","There is no sense of using traditional manual inventory system. The manual record keeping, stock maintenance, decision making, handling large data in journals, etc. so to overcome this stress and prob"
GIAN-NIDHI,record 134,abstract,html entities,normalised text (raw value kept),Our project aims in implementing software that will help lecturers to take the attendance of students using mobile/Smartphone. Lecturer would just open the app and they will take attendance using mobi,Our project aims in implementing software that will help lecturers to take the attendance of students using mobile/Smartphone. Lecturer would just open the app and they will take attendance using mobi
GIAN-NIDHI,record 135,abstract,html entities,normalised text (raw value kept),Power factor is ratio between the useful (true) power (kW to the total (apparent) power (kVA) consumed by an item of AC electrical equipment or a complete electrical installation. It is measure how ef,Power factor is ratio between the useful (true) power (kW to the total (apparent) power (kVA) consumed by an item of AC electrical equipment or a complete electrical installation. It is measure how ef
GIAN-NIDHI,record 140,abstract,html entities,normalised text (raw value kept),"Analog devices offers an extensive range of metering Ics to serve various needs. Here is an energy meter using analog devices ADE 7757 chip for single phase, 2 wire (phase and neutral) systems used in","Analog devices offers an extensive range of metering Ics to serve various needs. Here is an energy meter using analog devices ADE 7757 chip for single phase, 2 wire (phase and neutral) systems used in"
GIAN-NIDHI,record 142,abstract,html entities,normalised text (raw value kept),The given system “Digital Remote A.C. Motor controller with frequency indicator” provides digital speed Control based on phase control to minimize power loss in vtg. Control by resistive attenuator. I,"The given system ""Digital Remote A.C. Motor controller with frequency indicator"" provides digital speed Control based on phase control to minimize power loss in vtg. Control by resistive attenuator. I"
GIAN-NIDHI,record 143,abstract,html entities,normalised text (raw value kept),"Here is a controlling circuit, which enables switching “ON” &amp; “OFF” appliances to telephone lines. It can be used to switch appliances from any distance, overcoming the limited range of infrared &","Here is a controlling circuit, which enables switching ""ON"" & ""OFF"" appliances to telephone lines. It can be used to switch appliances from any distance, overcoming the limited range of infrared & rad"
GIAN-NIDHI,record 144,abstract,html entities,normalised text (raw value kept),"In our project we use ropes as a tracks, for bus. LEDS &amp; IR sensors are placed on the rope in front of each other. When LED is exited by current it will emits the light of particular wavelength co","In our project we use ropes as a tracks, for bus. LEDS & IR sensors are placed on the rope in front of each other. When LED is exited by current it will emits the light of particular wavelength contin"
GIAN-NIDHI,record 145,abstract,html entities,normalised text (raw value kept),"In a modern power system,electical form the generating station is delivered to the ultimate consumers though a network of a transmission &amp; distribution for the satisfactory opening operating motor","In a modern power system,electical form the generating station is delivered to the ultimate consumers though a network of a transmission & distribution for the satisfactory opening operating motor lam"
GIAN-NIDHI,record 146,institution_name,html entities,normalised text (raw value kept),Institute of Institute of Civil &amp; Rural Engeneering Gargoti Kolhapur,Institute of Institute of Civil & Rural Engeneering Gargoti Kolhapur
GIAN-NIDHI,record 147,institution_name,html entities,normalised text (raw value kept),Institute For Studies In Technology &amp; Engg.Pune,Institute For Studies In Technology & Engg.Pune
GIAN-NIDHI,record 148,abstract,html entities,normalised text (raw value kept),"In today’s world of specialization and atomization, where performance &amp; speed hold the key to success, Robotics plays an important role as a practical solution for the specific need. Radio Frequen","In today's world of specialization and atomization, where performance & speed hold the key to success, Robotics plays an important role as a practical solution for the specific need. Radio Frequency ("
GIAN-NIDHI,record 149,abstract,html entities,normalised text (raw value kept),"We are representing a stepper motor in which the direction of rotation of the stepper motor (in clockwise &amp; anticlockwise direction) can be controlled remotely. The transmitter circuit, powered by","We are representing a stepper motor in which the direction of rotation of the stepper motor (in clockwise & anticlockwise direction) can be controlled remotely. The transmitter circuit, powered by a 6"
GIAN-NIDHI,record 151,abstract,html entities,normalised text (raw value kept),The project is a kind of embedded system project. The 89c51 micro-controller is used in this system. The logic behind project is to interlace the IR receiver with the controller. The most of consumer ,The project is a kind of embedded system project. The 89c51 micro-controller is used in this system. The logic behind project is to interlace the IR receiver with the controller. The most of consumer 
GIAN-NIDHI,record 152,abstract,html entities,normalised text (raw value kept),"In today’s world of specialization and atomization, where performance &amp; speed hold the key to success, Robotics plays an important role as a practical solution for the specific need. Radio Frequen","In today's world of specialization and atomization, where performance & speed hold the key to success, Robotics plays an important role as a practical solution for the specific need. Radio Frequency ("
GIAN-NIDHI,record 153,abstract,html entities,normalised text (raw value kept),"We are representing a stepper motor in which the direction of rotation of the stepper motor (in clockwise &amp; anticlockwise direction) can be controlled remotely. The transmitter circuit, powered by","We are representing a stepper motor in which the direction of rotation of the stepper motor (in clockwise & anticlockwise direction) can be controlled remotely. The transmitter circuit, powered by a 6"
GIAN-NIDHI,record 156,abstract,non-breaking spaces,normalised text (raw value kept),The recent tragedy happened in Kanpur ofststue of Dr. Baba Saheb Ambedkar was destroyed by un-authorized citizens of our state or country. Due to this government has lost lot of money in Kanpur as wel,The recent tragedy happened in Kanpur ofststue of Dr. Baba Saheb Ambedkar was destroyed by un-authorized citizens of our state or country. Due to this government has lost lot of money in Kanpur as wel
GIAN-NIDHI,record 157,abstract,html entities,normalised text (raw value kept),"We are presenting a one / two way optical communication system using a  short – wavelength visible laser diode (RLT 6505) as the light emitting element, free space as transmission media &amp; a LDR as","We are presenting a one / two way optical communication system using a short – wavelength visible laser diode (RLT 6505) as the light emitting element, free space as transmission media & a LDR as ligh"
GIAN-NIDHI,record 158,project_name,html entities,normalised text (raw value kept),Location Detector &amp; Announcement System,Location Detector & Announcement System
GIAN-NIDHI,record 158,abstract,html entities,normalised text (raw value kept),In this ever growing field of Electronics everything which is manufactured is too compact &amp; easy to handle &amp; to understand. The improving new system is introduced. LOCATION DETECTOR &amp; ANNO,In this ever growing field of Electronics everything which is manufactured is too compact & easy to handle & to understand. The improving new system is introduced. LOCATION DETECTOR & ANNOUNCEMENT SYS
GIAN-NIDHI,record 159,abstract,html entities,normalised text (raw value kept),"RFID is the low-power, short-range communication devices that can embed into everyday objects to track location, monitor security, &amp; record the status of events or even environmental conditions. I","RFID is the low-power, short-range communication devices that can embed into everyday objects to track location, monitor security, & record the status of events or even environmental conditions. It is"
GIAN-NIDHI,record 160,abstract,html entities,normalised text (raw value kept),As the name of the project suggested we are making RS 485 based LAN N/W using micro controles 9C 89c51 this is general purpose project which has many application. Our project mainly concerned with RS ,As the name of the project suggested we are making RS 485 based LAN N/W using micro controles 9C 89c51 this is general purpose project which has many application. Our project mainly concerned with RS 
GIAN-NIDHI,record 161,abstract,html entities,normalised text (raw value kept),"Our aim is to design a wireless data transmission system, which makes use of SMS for displaying messages on the rolling display. This system is usually used for displaying advertisements in public pla","Our aim is to design a wireless data transmission system, which makes use of SMS for displaying messages on the rolling display. This system is usually used for displaying advertisements in public pla"
GIAN-NIDHI,record 162,institution_name,html entities,normalised text (raw value kept),"The controller stays in the secret location. There is one remote controller for operating the spy robot, &amp; using this remote he sends the signals to spy robot to enter into enemies secret location","The controller stays in the secret location. There is one remote controller for operating the spy robot, & using this remote he sends the signals to spy robot to enter into enemies secret locations & "
GIAN-NIDHI,record 162,College Status,abstract text found in institution column (column shift),moved to abstract; institution set to unknown,"The controller stays in the secret location. There is one remote controller for operating the spy robot, & using this remote he sends the signals to spy robot to enter into enemies secret locations & ",
GIAN-NIDHI,record 164,abstract,html entities,normalised text (raw value kept),"This project is developed with the primary intention to explore &amp; develop some of the above features into robots. It aims at designing &amp; implementing a robot, which could perform Path Retracin","This project is developed with the primary intention to explore & develop some of the above features into robots. It aims at designing & implementing a robot, which could perform Path Retracing. The i"
GIAN-NIDHI,record 165,project_name,html entities,normalised text (raw value kept),Path Recorder &amp; Retracer with 3-Axis Robotic Arm,Path Recorder & Retracer with 3-Axis Robotic Arm
GIAN-NIDHI,record 165,abstract,html entities,normalised text (raw value kept),The working principle is such that the computer is interfaced with electronic circuit to drive mechanical parts by motors. The 8 bit data from the parallel port is transmitted &amp; converted into ser,The working principle is such that the computer is interfaced with electronic circuit to drive mechanical parts by motors. The 8 bit data from the parallel port is transmitted & converted into serial 
GIAN-NIDHI,record 166,abstract,html entities,normalised text (raw value kept),"SURAKSHA – a vehicle safety device is designed as a safety purpose for any four-wheeler. The whole system works on the basic principle of communication. It consists of two parts. I) Park Aid, II) Anti","SURAKSHA – a vehicle safety device is designed as a safety purpose for any four-wheeler. The whole system works on the basic principle of communication. It consists of two parts. I) Park Aid, II) Anti"
GIAN-NIDHI,record 167,abstract,html entities,normalised text (raw value kept),"The process of automatic toll collection at toll stations can be accomplished with the help of RFID technology. For automatic toll collection, the RFID tag is attached in the remote area of vehicle. T","The process of automatic toll collection at toll stations can be accomplished with the help of RFID technology. For automatic toll collection, the RFID tag is attached in the remote area of vehicle. T"
GIAN-NIDHI,record 168,College Status,abstract text found in institution column (column shift),moved to abstract; institution set to unknown,"Controlling devices using switches are common. From a few decades controlling devices using remote control switches like infrared remote control switch, wireless remote control switches, light activat",
GIAN-NIDHI,record 169,project_name,html entities,normalised text (raw value kept),FPGA based convolution encoder &amp; viterbi decoder,FPGA based convolution encoder & viterbi decoder
GIAN-NIDHI,record 169,institution_name,html entities,normalised text (raw value kept),Programmable logic devices have traditionally been used as a container for the glue logic that binds the processor to peripheral devices &amp; interface components that comprise the complete system. T,Programmable logic devices have traditionally been used as a container for the glue logic that binds the processor to peripheral devices & interface components that comprise the complete system. The r
GIAN-NIDHI,record 169,College Status,abstract text found in institution column (column shift),moved to abstract; institution set to unknown,Programmable logic devices have traditionally been used as a container for the glue logic that binds the processor to peripheral devices & interface components that comprise the complete system. The r,
GIAN-NIDHI,record 170,institution_name,html entities,normalised text (raw value kept),In this circuit the input signal are processed digitized &amp; imputed to pc via printer port &amp; this data is then displayed on screen,In this circuit the input signal are processed digitized & imputed to pc via printer port & this data is then displayed on screen
GIAN-NIDHI,record 170,College Status,abstract text found in institution column (column shift),moved to abstract; institution set to unknown,In this circuit the input signal are processed digitized & imputed to pc via printer port & this data is then displayed on screen,
GIAN-NIDHI,record 171,institution_name,html entities,normalised text (raw value kept),"In today’s world mobile phone has become the most simplest &amp; effective way of communication. What to do if we want to send a message to our friend. Simple, we write a sms &amp; send it to our frie","In today's world mobile phone has become the most simplest & effective way of communication. What to do if we want to send a message to our friend. Simple, we write a sms & send it to our friend. That"
GIAN-NIDHI,record 171,College Status,abstract text found in institution column (column shift),moved to abstract; institution set to unknown,"In today's world mobile phone has become the most simplest & effective way of communication. What to do if we want to send a message to our friend. Simple, we write a sms & send it to our friend. That",
GIAN-NIDHI,record 172,College Status,abstract text found in institution column (column shift),moved to abstract; institution set to unknown,"Today's world rapidly goes towards automation. It may be industrial, may be institution other words areas needs of automation",
GIAN-NIDHI,record 173,institution_name,html entities,normalised text (raw value kept),"In order to make this system practicable, Users are requested to Dial a specified Number (e.g. 1223) which will place a call to the specified number, our application will pick up the call &amp; answer","In order to make this system practicable, Users are requested to Dial a specified Number (e.g. 1223) which will place a call to the specified number, our application will pick up the call & answers th"
GIAN-NIDHI,record 173,College Status,abstract text found in institution column (column shift),moved to abstract; institution set to unknown,"In order to make this system practicable, Users are requested to Dial a specified Number (e.g. 1223) which will place a call to the specified number, our application will pick up the call & answers th",
GIAN-NIDHI,record 174,institution_name,html entities,normalised text (raw value kept),"The motive behind this project is protection from terrorism. In a light of heightened risk of terrorism, all people are worried about their security of their life. The explosive uses some sort of subs","The motive behind this project is protection from terrorism. In a light of heightened risk of terrorism, all people are worried about their security of their life. The explosive uses some sort of subs"
GIAN-NIDHI,record 174,College Status,abstract text found in institution column (column shift),moved to abstract; institution set to unknown,"The motive behind this project is protection from terrorism. In a light of heightened risk of terrorism, all people are worried about their security of their life. The explosive uses some sort of subs",
GIAN-NIDHI,record 175,project_name,html entities,normalised text (raw value kept),Remote Audio Level Monitoring &amp; Control,Remote Audio Level Monitoring & Control
GIAN-NIDHI,record 175,institution_name,html entities,normalised text (raw value kept),"Many a times it is required to monitor &amp; control the audio level as in public address system. Traditionally, the human operator does the job of monitoring, &amp; controlling the volume. In home en","Many a times it is required to monitor & control the audio level as in public address system. Traditionally, the human operator does the job of monitoring, & controlling the volume. In home environmen"
GIAN-NIDHI,record 175,College Status,abstract text found in institution column (column shift),moved to abstract; institution set to unknown,"Many a times it is required to monitor & control the audio level as in public address system. Traditionally, the human operator does the job of monitoring, & controlling the volume. In home environmen",
GIAN-NIDHI,record 177,abstract,html entities,normalised text (raw value kept),"In the totally technical and fast paced world man is the only being looking at ways and means for saving energy, time and money in terms of expenses in his professional life. Moreover you can’t expect","In the totally technical and fast paced world man is the only being looking at ways and means for saving energy, time and money in terms of expenses in his professional life. Moreover you can't expect"
GIAN-NIDHI,record 178,abstract,html entities,normalised text (raw value kept),"Deaf person can depended on vision to understand their environmental , therefore, they usually develop gestures &amp; then express themselves to oyhers through sing language or other modes. Persons, w","Deaf person can depended on vision to understand their environmental , therefore, they usually develop gestures & then express themselves to oyhers through sing language or other modes. Persons, who a"
GIAN-NIDHI,record 179,abstract,html entities,normalised text (raw value kept),"With nothing more than a few pieces of plumbing &amp; a source of compressed air , we build a remarkable simple device for attaining moderately low temperature.","With nothing more than a few pieces of plumbing & a source of compressed air , we build a remarkable simple device for attaining moderately low temperature."
GIAN-NIDHI,record 182,abstract,html entities,normalised text (raw value kept),"Sound energy is well known to have a healing potential on physical, mental &amp; spiritual aspect of the individual to retire in the state of harmony &amp; thought when the use of sound frequency is w","Sound energy is well known to have a healing potential on physical, mental & spiritual aspect of the individual to retire in the state of harmony & thought when the use of sound frequency is within to"
GIAN-NIDHI,record 183,project_name,html entities,normalised text (raw value kept),Banana Plant Growth by Hydrogen &amp; Mechanical Pressure,Banana Plant Growth by Hydrogen & Mechanical Pressure
GIAN-NIDHI,record 186,abstract,html entities,normalised text (raw value kept),"Physician’s chair is a project, which will help handicap as will as normal person to be their own physician &amp; measure basic parameter of their body automatically &amp; save it into the computer . ","Physician's chair is a project, which will help handicap as will as normal person to be their own physician & measure basic parameter of their body automatically & save it into the computer . quantiti"
GIAN-NIDHI,record 188,abstract,html entities,normalised text (raw value kept),“SPARSH” is an adaptive device that has been designed to meet the needs of blind &amp; blind- deaf students in today’s environment. It is also a complete Braille device for Braille learners &amp; thei,"""SPARSH"" is an adaptive device that has been designed to meet the needs of blind & blind- deaf students in today's environment. It is also a complete Braille device for Braille learners & their teache"
GIAN-NIDHI,record 199,College Status,abstract text found in institution column (column shift),moved to abstract; institution set to unknown,As the gas liberated from exhaust value valve passes through exhaust manifold first it reaches into charcoal casing from the perforated tube where the CO is absorbed by charcoal powder. Charcoal and g,
GIAN-NIDHI,record 200,abstract,html entities,normalised text (raw value kept),Vacuum Pick and place system is a material handling device using pneumatic circuit.  This circuit is fully automated by using 3 solonoid valves which either fully open or are fully closed.  A venturim,Vacuum Pick and place system is a material handling device using pneumatic circuit. This circuit is fully automated by using 3 solonoid valves which either fully open or are fully closed. A venturimet
GIAN-NIDHI,record 201,project_name,html entities,normalised text (raw value kept), Wireless temperature sensing &amp; controlling,Wireless temperature sensing & controlling
GIAN-NIDHI,record 201,abstract,html entities,normalised text (raw value kept),"The project is basically divided into to two major units, 1. Temperature sensing and transmitting. 2. Receiving &amp; Displaying Temperature Sensing refers to gauging the temperature of a place and tr","The project is basically divided into to two major units, 1. Temperature sensing and transmitting. 2. Receiving & Displaying Temperature Sensing refers to gauging the temperature of a place and transm"
GIAN-NIDHI,record 207,abstract,html entities,normalised text (raw value kept),"In the above project or a application Login is the first screen that a user will view. After the Password &amp; username is Correctly Entered, Interface will linked with next i.e. Visitor’s Registrati","In the above project or a application Login is the first screen that a user will view. After the Password & username is Correctly Entered, Interface will linked with next i.e. Visitor's Registration F"
GIAN-NIDHI,record 211,abstract,html entities,normalised text (raw value kept),"It is micro controller &amp; serial communication based system. There is a current transformer and a voltage transformer, which sends read data to the micro controller. The micro controller converts t","It is micro controller & serial communication based system. There is a current transformer and a voltage transformer, which sends read data to the micro controller. The micro controller converts this "
GIAN-NIDHI,record 217,abstract,html entities,normalised text (raw value kept),SEISMO + is related to seismology (general study of earthquake parameters). It desires the orientation of fault movement &amp; size of an earthquake. The seismic parameters are determined from wave fo,SEISMO + is related to seismology (general study of earthquake parameters). It desires the orientation of fault movement & size of an earthquake. The seismic parameters are determined from wave form a
GIAN-NIDHI,record 221,abstract,html entities,normalised text (raw value kept),"To send a bus without a person, for example while on war. Some times a traveler travels with passenger. It may require knowing the status where and in what condition the bus is hence unmanned bus conc","To send a bus without a person, for example while on war. Some times a traveler travels with passenger. It may require knowing the status where and in what condition the bus is hence unmanned bus conc"
GIAN-NIDHI,record 225,abstract,html entities,normalised text (raw value kept),"In older days, now also we have bounded to come to the keyboard to operate PC it we use the PC as a MP-3 or as a T.V. through video and with the help of our project we can operate the PC from a long d","In older days, now also we have bounded to come to the keyboard to operate PC it we use the PC as a MP-3 or as a T.V. through video and with the help of our project we can operate the PC from a long d"
GIAN-NIDHI,record 226,abstract,line breaks,normalised text (raw value kept),"PC Sentry is an institute level, Server based project. It is a combination of two different functionalities namely 
1. Desktop locking
2. Internet filtering
1.Desktop locking :
   Every user in the in","PC Sentry is an institute level, Server based project. It is a combination of two different functionalities namely 1. Desktop locking 2. Internet filtering 1.Desktop locking : Every user in the instit"
GIAN-NIDHI,record 227,project_name,html entities,normalised text (raw value kept),Task Reminder &amp; Manager,Task Reminder & Manager
GIAN-NIDHI,record 227,abstract,html entities,normalised text (raw value kept),The software helps Elite to store the complete database of the client organization. The employee information is acquired  from the client organization in the form of excel sheet. The software converts,The software helps Elite to store the complete database of the client organization. The employee information is acquired from the client organization in the form of excel sheet. The software converts 
GIAN-NIDHI,record 229,institution_name,html entities,normalised text (raw value kept),: Pravin Patil College Of Diploma  Engg. &amp; technology,Pravin Patil College Of Diploma Engg. & technology
GIAN-NIDHI,record 231,abstract,"html entities, line breaks",normalised text (raw value kept),"The problem 
Given
N=pq where p and q are distinct primes ia[Eqn1]
gcd(e,|O(n)=1 ia[Eqn2]
c=me mod n, o i0 m&lt;n ia[Eqn3]
ed i0 1 (mod | O (n) ia[Eqn4]
Prove that 
 m = cd mod o, 10 m &lt; n
Basic nu","The problem Given N=pq where p and q are distinct primes ia[Eqn1] gcd(e,|O(n)=1 ia[Eqn2] c=me mod n, o i0 m<n ia[Eqn3] ed i0 1 (mod | O (n) ia[Eqn4] Prove that m = cd mod o, 10 m < n Basic number theo"
GIAN-NIDHI,record 234,abstract,html entities,normalised text (raw value kept),"An efficient mobilization of people &amp; transportation of goods material is very important for overall development of any country .It is achieved through airways, waterways &amp; roadways. Traffic c","An efficient mobilization of people & transportation of goods material is very important for overall development of any country .It is achieved through airways, waterways & roadways. Traffic controlli"
GIAN-NIDHI,record 235,abstract,html entities,normalised text (raw value kept),The virtual mouse keyboard is based on the reorganization of the interruption of IR rays &amp; this interruption is displayed as the reflective character on the monitor by the interfacing software In ,The virtual mouse keyboard is based on the reorganization of the interruption of IR rays & this interruption is displayed as the reflective character on the monitor by the interfacing software In this
GIAN-NIDHI,record 238,institution_name,html entities,normalised text (raw value kept),Jawaharlal Darda Institue of Engineering &amp; Technology,Jawaharlal Darda Institue of Engineering & Technology
GIAN-NIDHI,record 239,abstract,non-breaking spaces,normalised text (raw value kept),It will be a RDBMS which will provide base feature of a RDBMS It will work in Client Server Environment. The DBMS server will manage all the DBMS operations. It will create XML database and we will be,It will be a RDBMS which will provide base feature of a RDBMS It will work in Client Server Environment. The DBMS server will manage all the DBMS operations. It will create XML database and we will be
GIAN-NIDHI,record 239,institution_name,html entities,normalised text (raw value kept), Jawaharlal Darda Inst.Of Engg &amp; Tech,Jawaharlal Darda Inst.Of Engg & Tech
GIAN-NIDHI,record 242,project_name,html entities,normalised text (raw value kept), GSM Based Highway Car Accident Identification &amp; Alert System,GSM Based Highway Car Accident Identification & Alert System
GIAN-NIDHI,record 245,project_name,html entities,normalised text (raw value kept), Real time monitoring system using Ethernet &amp; TCP/IP protocol,Real time monitoring system using Ethernet & TCP/IP protocol
GIAN-NIDHI,record 246,abstract,html entities,normalised text (raw value kept),Cyber Crime one of the adverse effects of computerization is exponentially increasing in the most of developed and also developing countries.  Law bodies in the most of countries are getting ready to ,Cyber Crime one of the adverse effects of computerization is exponentially increasing in the most of developed and also developing countries. Law bodies in the most of countries are getting ready to t
GIAN-NIDHI,record 249,abstract,html entities,normalised text (raw value kept),Development of signature analysis techniques for use on a power system is rare. Hence we decided to simulink the fault in power system &amp; recording current signatures. These  signature will extract,Development of signature analysis techniques for use on a power system is rare. Hence we decided to simulink the fault in power system & recording current signatures. These signature will extract feat
GIAN-NIDHI,record 249,institution_name,html entities,normalised text (raw value kept),"Shri Sant Gadge Baba College of Engg. &amp; Technology, Z.T.C. Bhusawal","Shri Sant Gadge Baba College of Engg. & Technology, Z.T.C. Bhusawal"
GIAN-NIDHI,record 255,abstract,html entities,normalised text (raw value kept),This project presents an approach towards VHDL implementation of the discrete Wavelet Transform (DVT) for image compression.  The design follows the JPEG2000 standard and can be used for both lossy an,This project presents an approach towards VHDL implementation of the discrete Wavelet Transform (DVT) for image compression. The design follows the JPEG2000 standard and can be used for both lossy and
GIAN-NIDHI,record 258,abstract,non-breaking spaces,normalised text (raw value kept),Cloud computing is a type of Internet based computing that provides processing resources and data to computers and other devices on demand. Distributed systems have seen tremendous advancement in perf,Cloud computing is a type of Internet based computing that provides processing resources and data to computers and other devices on demand. Distributed systems have seen tremendous advancement in perf
GIAN-NIDHI,record 266,abstract,line breaks,normalised text (raw value kept),"The goal of computer vision is to form, imitate, and to exceed human vision using computer software and hardware at different levels. This has brought great development in the agriculture field and fr","The goal of computer vision is to form, imitate, and to exceed human vision using computer software and hardware at different levels. This has brought great development in the agriculture field and fr"
GIAN-NIDHI,record 270,abstract,html entities,normalised text (raw value kept),Information on internet is very huge in size. Web users need support to manage information easily. This makes the user’s time consuming because there are many near-duplicate results. The efficient det,Information on internet is very huge in size. Web users need support to manage information easily. This makes the user's time consuming because there are many near-duplicate results. The efficient det
GIAN-NIDHI,record 271,abstract,html entities,normalised text (raw value kept),"Design, construct &amp; maintain structures , fly ash ,This project covered major aspect of concrete mix design as the quality control measure of concrete production, as per the Indian Standard Code I","Design, construct & maintain structures , fly ash ,This project covered major aspect of concrete mix design as the quality control measure of concrete production, as per the Indian Standard Code IS: 1"
GIAN-NIDHI,record 271,institution_name,html entities,normalised text (raw value kept),Tulsiramji Gaikwad Patil College of Engineering &amp; Technology,Tulsiramji Gaikwad Patil College of Engineering & Technology
GIAN-NIDHI,record 276,abstract,html entities,normalised text (raw value kept),"Tree plantation is the best way to celebrate any occasion, this saves nature and keep surrounding pollution free but after plantation not many trees survive because of natural calamity of caretaker, t","Tree plantation is the best way to celebrate any occasion, this saves nature and keep surrounding pollution free but after plantation not many trees survive because of natural calamity of caretaker, t"
GIAN-NIDHI,record 287,abstract,html entities,normalised text (raw value kept),"Accident Detection And Security System is followed by any sequence of actions defined by the user, such as sending accident details via SMS or e-mail, or making an automated phone call to the emergenc","Accident Detection And Security System is followed by any sequence of actions defined by the user, such as sending accident details via SMS or e-mail, or making an automated phone call to the emergenc"
GIAN-NIDHI,record 295,abstract,html entities,normalised text (raw value kept),A description is given of furnace temperature controller which easily adapted for use with electric furnace of widely differing power consumption &amp; design. Three position controls is provided &amp,A description is given of furnace temperature controller which easily adapted for use with electric furnace of widely differing power consumption & design. Three position controls is provided & the fu
GIAN-NIDHI,record 296,abstract,html entities,normalised text (raw value kept),"Graphite is a crystalline forms of carbon. In the graphite each carbon atom is covalently bounded to three carbon atoms to give trigonal geometry in graphite. The parallel layer arranged, which bounde","Graphite is a crystalline forms of carbon. In the graphite each carbon atom is covalently bounded to three carbon atoms to give trigonal geometry in graphite. The parallel layer arranged, which bounde"
GIAN-NIDHI,record 297,abstract,html entities,normalised text (raw value kept),Problem in existing machine: dressing of grinding &amp; regulating wheel is done by manually. It causes serrations on surface of th ewheel. It takes more time and more rejection of job. Alternative: m,Problem in existing machine: dressing of grinding & regulating wheel is done by manually. It causes serrations on surface of th ewheel. It takes more time and more rejection of job. Alternative: manua
GIAN-NIDHI,record 300,project_name,html entities,normalised text (raw value kept),Adujesttable Compression Ratio &amp; Compression Ignition Engine,Adujesttable Compression Ratio & Compression Ignition Engine
GIAN-NIDHI,record 300,abstract,html entities,normalised text (raw value kept),"There is no question that a two stroke internal combustion engine is infinitely simpler to manufacture, has less moving parts &amp; it’s principle of operation is less complicated than a four stroke i","There is no question that a two stroke internal combustion engine is infinitely simpler to manufacture, has less moving parts & it's principle of operation is less complicated than a four stroke inter"
GIAN-NIDHI,record 301,abstract,html entities,normalised text (raw value kept),The material handling is specialized activity for a modern manufacturing concern. The main purpose of material handling is to achieve an effective &amp; economical handling system right from the intro,The material handling is specialized activity for a modern manufacturing concern. The main purpose of material handling is to achieve an effective & economical handling system right from the introduct
GIAN-NIDHI,record 302,abstract,html entities,normalised text (raw value kept),The water based refrigerator is the modification of one of the oldest traditional method used in ancient Indian obtains cold water for drinking purposes in summer season. The same approach is used in ,The water based refrigerator is the modification of one of the oldest traditional method used in ancient Indian obtains cold water for drinking purposes in summer season. The same approach is used in 
GIAN-NIDHI,record 304,abstract,html entities,normalised text (raw value kept),"ECONOMICAL DOMESTIC GAS GEYSER as name indicate that that geyser means water heater, water heating is daily requirement for domestic purpose. Our main theme is to heat water and use for a domestic pur","ECONOMICAL DOMESTIC GAS GEYSER as name indicate that that geyser means water heater, water heating is daily requirement for domestic purpose. Our main theme is to heat water and use for a domestic pur"
GIAN-NIDHI,record 305,abstract,html entities,normalised text (raw value kept),This method requires special temp. conditions &amp; also provides error because the water rise in fabric strip is not easily detected by our eyes.  But our model doesn’t require any special condition ,This method requires special temp. conditions & also provides error because the water rise in fabric strip is not easily detected by our eyes. But our model doesn't require any special condition & it 
GIAN-NIDHI,record 307,abstract,html entities,normalised text (raw value kept),"Actual process of production of bio-diesel from Jatropha seeds is carried out by the process such as, oil extraction from seed, trasesterification process &amp; the conversion of seed oil to bio-diese","Actual process of production of bio-diesel from Jatropha seeds is carried out by the process such as, oil extraction from seed, trasesterification process & the conversion of seed oil to bio-diesel."
GIAN-NIDHI,record 310,abstract,html entities,normalised text (raw value kept),The bottles are kept manually on the slat type conveyor belt the bottles are sensed at particular position using plain lever limit switches the bottles are filled unto the set ping using function of t,The bottles are kept manually on the slat type conveyor belt the bottles are sensed at particular position using plain lever limit switches the bottles are filled unto the set ping using function of t
GIAN-NIDHI,record 311,abstract,html entities,normalised text (raw value kept),As the entire world is rapidly switching towards the new technology. The digital designing used in must now days. So we are going to introduce digital technology which is used in water tank. In the ex,As the entire world is rapidly switching towards the new technology. The digital designing used in must now days. So we are going to introduce digital technology which is used in water tank. In the ex
GIAN-NIDHI,record 312,abstract,html entities,normalised text (raw value kept),"It works on the principle of batch counter, which is basically a speed checker. This speed checker will come handy for the highway traffic police as it consist of sound alarm, a digital display of spe","It works on the principle of batch counter, which is basically a speed checker. This speed checker will come handy for the highway traffic police as it consist of sound alarm, a digital display of spe"
GIAN-NIDHI,record 313,project_name,html entities,normalised text (raw value kept),Control &amp; security on ship,Control & security on ship
GIAN-NIDHI,record 313,abstract,html entities,normalised text (raw value kept),"230 V ac is applied to the SMPS &amp; get the O/P in dc, to the VCC of the 89c51 which is core based on 8051 &amp; family. Here the reset pin is also their which is if we applied the any pulse to this","230 V ac is applied to the SMPS & get the O/P in dc, to the VCC of the 89c51 which is core based on 8051 & family. Here the reset pin is also their which is if we applied the any pulse to this pin the"
GIAN-NIDHI,record 314,abstract,html entities,normalised text (raw value kept),PC that operates at up to 10KHz with +16v input vtg. It has much more improved feature than PC based oscilloscope &amp; LED scope for audio servicing publish in Dec. 2002 the oscilloscope uses to PIC1,PC that operates at up to 10KHz with +16v input vtg. It has much more improved feature than PC based oscilloscope & LED scope for audio servicing publish in Dec. 2002 the oscilloscope uses to PIC18F 2
GIAN-NIDHI,record 315,project_name,html entities,normalised text (raw value kept),Identity detector &amp; automatic toll controller,Identity detector & automatic toll controller
GIAN-NIDHI,record 315,abstract,html entities,normalised text (raw value kept),"IDATC its application, standardization &amp; innovation are constantly changing. Its adoption it still relatively new &amp; hence there are many features of the technology that are not well understood","IDATC its application, standardization & innovation are constantly changing. Its adoption it still relatively new & hence there are many features of the technology that are not well understood by gene"
GIAN-NIDHI,record 316,abstract,html entities,normalised text (raw value kept),The system basically comprises two LASER transmitters &amp; LDR sensor pairs which are installed on the highway 100 meters apart. The system display time taken by the vehicle in crossing 100 meters di,The system basically comprises two LASER transmitters & LDR sensor pairs which are installed on the highway 100 meters apart. The system display time taken by the vehicle in crossing 100 meters distan
GIAN-NIDHI,record 317,abstract,html entities,normalised text (raw value kept),Project comprises of 2 sensors – a thermocouple for temperature sensing &amp; a combination of LDR &amp; LED for heart beat sensing. If the recorded values do not match with the preset reference value,Project comprises of 2 sensors – a thermocouple for temperature sensing & a combination of LDR & LED for heart beat sensing. If the recorded values do not match with the preset reference values then t
GIAN-NIDHI,record 318,abstract,html entities,normalised text (raw value kept),As every electronic system in the world today is powered by a D. C. source. This system may require one &amp; quite often more than one of this D. C. voltage with each one of them having a different a,As every electronic system in the world today is powered by a D. C. source. This system may require one & quite often more than one of this D. C. voltage with each one of them having a different ampli
GIAN-NIDHI,record 319,abstract,html entities,normalised text (raw value kept),IR Transmission &amp; Reception: The IR frequency that is in 10 Hz get transmitted &amp; received by transmitter &amp; receiver circuit due to this no interference of noise &amp; long distance machine,IR Transmission & Reception: The IR frequency that is in 10 Hz get transmitted & received by transmitter & receiver circuit due to this no interference of noise & long distance machine control is achi
GIAN-NIDHI,record 320,abstract,html entities,normalised text (raw value kept),In our project we have to use simple techniques. In maruti 800 or any two wheeler motor cycle the level of fuel is indicates in analog form but in this techniques we do not understand exact level of f,In our project we have to use simple techniques. In maruti 800 or any two wheeler motor cycle the level of fuel is indicates in analog form but in this techniques we do not understand exact level of f
GIAN-NIDHI,record 320,institution_name,html entities,normalised text (raw value kept),Institution of civil &amp; rural engineering Gargoti,Institution of civil & rural engineering Gargoti
GIAN-NIDHI,record 321,abstract,html entities,normalised text (raw value kept),The working principle of our project is very simple. It is based on the pressure measurement using the transclocer which used is ‘strain guage’. The strain guage measures the blood pressure in the bod,The working principle of our project is very simple. It is based on the pressure measurement using the transclocer which used is 'strain guage'. The strain guage measures the blood pressure in the bod
GIAN-NIDHI,record 322,abstract,html entities,normalised text (raw value kept),Now a days on the highway accidents accruing due to speed violation. To avoids accidents and limit speed of vehicle for their permitted lane. In our project the distance keep constant (10m) &amp; the ,Now a days on the highway accidents accruing due to speed violation. To avoids accidents and limit speed of vehicle for their permitted lane. In our project the distance keep constant (10m) & the time
GIAN-NIDHI,record 323,abstract,html entities,normalised text (raw value kept),In our project front end module consist of PC connected to internet &amp; running a web server such as internet explorer. The user can be authenticated via password. By sending control signal or infor,In our project front end module consist of PC connected to internet & running a web server such as internet explorer. The user can be authenticated via password. By sending control signal or informati
GIAN-NIDHI,record 324,abstract,html entities,normalised text (raw value kept),The Breath Alcohol Detector detects the Breath Alcohol Content (BAC) of human body. By simply blowing into mouthpiece it starts to takes the sample of person’s own foul. If there is alcohol present th,The Breath Alcohol Detector detects the Breath Alcohol Content (BAC) of human body. By simply blowing into mouthpiece it starts to takes the sample of person's own foul. If there is alcohol present th
GIAN-NIDHI,record 325,project_name,html entities,normalised text (raw value kept),Automatic tea &amp; coffee maker (TEACO),Automatic tea & coffee maker (TEACO)
GIAN-NIDHI,record 325,abstract,html entities,normalised text (raw value kept),"When a coin is inserted in the slot of tea / coffee machine, the coin will go inside, which will indirectly interrupt the IR signals. These signals are transmitted &amp; received by IR transmitter rec","When a coin is inserted in the slot of tea / coffee machine, the coin will go inside, which will indirectly interrupt the IR signals. These signals are transmitted & received by IR transmitter receive"
GIAN-NIDHI,record 326,abstract,html entities,normalised text (raw value kept),"Now a days automation has become the key to success for the industries. Automation saves time, manpower &amp; human prone errors in tedious &amp; repetitive work. Our product can be used for 1. Contro","Now a days automation has become the key to success for the industries. Automation saves time, manpower & human prone errors in tedious & repetitive work. Our product can be used for 1. Controlling an"
GIAN-NIDHI,record 328,abstract,html entities,normalised text (raw value kept),"The principle is based on transaction &amp; reception of IR signals using a sensor array. The sensor o/p is connected to the i/p of a controller ports, which drives the motor driver IC. The ac motors ","The principle is based on transaction & reception of IR signals using a sensor array. The sensor o/p is connected to the i/p of a controller ports, which drives the motor driver IC. The ac motors are "
GIAN-NIDHI,record 329,abstract,html entities,normalised text (raw value kept),Lcd consisting Image or picture is emmiting light from focus point of lines then the light rays are refracted from double convex lens &amp; then the image or film is enlarged at a distance (depending ,Lcd consisting Image or picture is emmiting light from focus point of lines then the light rays are refracted from double convex lens & then the image or film is enlarged at a distance (depending upon
GIAN-NIDHI,record 331,abstract,html entities,normalised text (raw value kept),Today is world of wind speed of vehicles. Man can not control them self when drive the vehicle. Due to this type of attitude a lot of accident occurs every day. To avoid the accidents &amp; to provide,Today is world of wind speed of vehicles. Man can not control them self when drive the vehicle. Due to this type of attitude a lot of accident occurs every day. To avoid the accidents & to provide pro
GIAN-NIDHI,record 332,abstract,html entities,normalised text (raw value kept),"Now a days electronic security system is become more essential so that, we decide to do project in this field. Our system has there layer security system, first is key pad entry, then electronic lock ","Now a days electronic security system is become more essential so that, we decide to do project in this field. Our system has there layer security system, first is key pad entry, then electronic lock "
GIAN-NIDHI,record 333,project_name,html entities,normalised text (raw value kept),Flood intimation &amp; weather reporting system,Flood intimation & weather reporting system
GIAN-NIDHI,record 333,abstract,html entities,normalised text (raw value kept),Flood Intimation System works on Microcontroller based interface with computer &amp; GSM Mobile Technology. Microcontroller is heart of the system. AT89c51 is low power high performance CMOS 8 bit mic,Flood Intimation System works on Microcontroller based interface with computer & GSM Mobile Technology. Microcontroller is heart of the system. AT89c51 is low power high performance CMOS 8 bit micro c
GIAN-NIDHI,record 334,project_name,html entities,normalised text (raw value kept),Two DAM automation using Micro &amp; RF transmitter &amp; receiver,Two DAM automation using Micro & RF transmitter & receiver
GIAN-NIDHI,record 334,abstract,html entities,normalised text (raw value kept),Controlling the flow of water in 2 DAMs using RF transmission &amp; level sensors. ASK data transmission method is used no manual operation is required. It is applicable in all types of DAM which are ,Controlling the flow of water in 2 DAMs using RF transmission & level sensors. ASK data transmission method is used no manual operation is required. It is applicable in all types of DAM which are cond
GIAN-NIDHI,record 335,abstract,html entities,normalised text (raw value kept),"In applications like power stations &amp; continuous process plants, a protection system is used to trip a faulty system to prevent damages &amp; ensure the overall safety of the personnel &amp; machi","In applications like power stations & continuous process plants, a protection system is used to trip a faulty system to prevent damages & ensure the overall safety of the personnel & machinery. But th"
GIAN-NIDHI,record 336,abstract,html entities,normalised text (raw value kept),"This project is a software-hardware based project. It could be the best alternative for CCTV system recorders, surveillance or security cameras. This camera provides 360 view over horizontal plane and","This project is a software-hardware based project. It could be the best alternative for CCTV system recorders, surveillance or security cameras. This camera provides 360 view over horizontal plane and"
GIAN-NIDHI,record 336,institution_name,html entities,normalised text (raw value kept),"Padmashri Dr. Vitthalrao Vikhe Patil Institute of tech., &amp; engg., Pravarangar","Padmashri Dr. Vitthalrao Vikhe Patil Institute of tech., & engg., Pravarangar"
GIAN-NIDHI,record 337,abstract,html entities,normalised text (raw value kept),"This model is a combination of different ideas of electronics. It works on the principle of DC motors for its motion, transducer for different functions. This model is controlled through PC using radi","This model is a combination of different ideas of electronics. It works on the principle of DC motors for its motion, transducer for different functions. This model is controlled through PC using radi"
GIAN-NIDHI,record 338,abstract,html entities,normalised text (raw value kept),"Electro guard is a car lock to unlock system, which is used to overcome the drawbacks present in existing car auto locking systems.Basically it consists of sensors for level, smoke &amp; temperature d","Electro guard is a car lock to unlock system, which is used to overcome the drawbacks present in existing car auto locking systems.Basically it consists of sensors for level, smoke & temperature detec"
GIAN-NIDHI,record 341,abstract,html entities,normalised text (raw value kept),Shirodhara it is the word which deals with an Ayurvedic treatment. In this treatment the medicine which is used for treatment is falls on the forehead of the patient. The medicine is in the from of fl,Shirodhara it is the word which deals with an Ayurvedic treatment. In this treatment the medicine which is used for treatment is falls on the forehead of the patient. The medicine is in the from of fl
GIAN-NIDHI,record 342,abstract,html entities,normalised text (raw value kept),Everything operated at touch of button has become a concept of living today. This is called smart living. This system is not only beneficial for switching OFF the devices when not in use but can also ,Everything operated at touch of button has become a concept of living today. This is called smart living. This system is not only beneficial for switching OFF the devices when not in use but can also 
GIAN-NIDHI,record 343,abstract,html entities,normalised text (raw value kept),Energy is the prime source of all socio – economic activities of the human community. The demographic rate of growth globally &amp; the widening spectrum of economic growth would result in demands of ,Energy is the prime source of all socio – economic activities of the human community. The demographic rate of growth globally & the widening spectrum of economic growth would result in demands of ener
GIAN-NIDHI,record 343,institution_name,html entities,normalised text (raw value kept),"Shri Sant Gadge Baba College of Engineering &amp; Technology, Bhusawal","Shri Sant Gadge Baba College of Engineering & Technology, Bhusawal"
GIAN-NIDHI,record 344,project_name,html entities,normalised text (raw value kept),Design &amp; fabrication of sensor based escalator,Design & fabrication of sensor based escalator
GIAN-NIDHI,record 344,abstract,html entities,normalised text (raw value kept),Whenever a person approaches the up going escalator &amp; steps in the weight sensor. The signal is catches by the programmed IC &amp; it starts the corresponding motor to run the escalator via the ge,Whenever a person approaches the up going escalator & steps in the weight sensor. The signal is catches by the programmed IC & it starts the corresponding motor to run the escalator via the gearbox. T
GIAN-NIDHI,record 344,institution_name,html entities,normalised text (raw value kept), Jawaharlal Darda Institute of Eng. &amp; Tech,Jawaharlal Darda Institute of Eng. & Tech
GIAN-NIDHI,record 345,abstract,html entities,normalised text (raw value kept),We tried to develop the silencer which gives the reduction in pollutants to a considerable level. It is particularly tested with the pollution testing equipment governed by “Maharashtra Motor Vehicle ,"We tried to develop the silencer which gives the reduction in pollutants to a considerable level. It is particularly tested with the pollution testing equipment governed by ""Maharashtra Motor Vehicle "
GIAN-NIDHI,record 345,institution_name,html entities,normalised text (raw value kept),"Jawaharlal Darda Institute of Engg. &amp; Tech., Yavatmal","Jawaharlal Darda Institute of Engg. & Tech., Yavatmal"
GIAN-NIDHI,record 346,abstract,html entities,normalised text (raw value kept),"The Rotating Cylinder Valve Engine is a novel 4 cycle engine that is a practical alternative to conventional 2 &amp; 4 stroke designs, in particular for small capacity single cylinder applications. It","The Rotating Cylinder Valve Engine is a novel 4 cycle engine that is a practical alternative to conventional 2 & 4 stroke designs, in particular for small capacity single cylinder applications. It is "
GIAN-NIDHI,record 346,institution_name,html entities,normalised text (raw value kept),"Rajendra Mane College of Eng. &amp; Tech., Ambav, Devrukh","Rajendra Mane College of Eng. & Tech., Ambav, Devrukh"
GIAN-NIDHI,record 347,project_name,html entities,normalised text (raw value kept),Regenerative air cooler &amp; heater,Regenerative air cooler & heater
GIAN-NIDHI,record 347,abstract,html entities,normalised text (raw value kept),"This working model involves making Regenerative Air Cooler &amp; Heater that would enable the user to control temperature &amp; accordingly humidity of the air, air velocity (8m/s), air purity in summ","This working model involves making Regenerative Air Cooler & Heater that would enable the user to control temperature & accordingly humidity of the air, air velocity (8m/s), air purity in summer as we"
GIAN-NIDHI,record 347,institution_name,html entities,normalised text (raw value kept)," Jawaharlal Darda Institute of Engg. &amp; Tech., Yavatmal","Jawaharlal Darda Institute of Engg. & Tech., Yavatmal"
GIAN-NIDHI,record 348,abstract,html entities,normalised text (raw value kept),"The major sources of pollution, the main constituents in exhaust gas pollution is nitric oxide (NO), carbon monoxide (CO), Carbon di-oxide (CO2), Sulphur di-oxide (SO2), &amp; unburnt carbon particals","The major sources of pollution, the main constituents in exhaust gas pollution is nitric oxide (NO), carbon monoxide (CO), Carbon di-oxide (CO2), Sulphur di-oxide (SO2), & unburnt carbon particals."
GIAN-NIDHI,record 349,abstract,html entities,normalised text (raw value kept),"Municipal Solid Waste (MSW) is the waste generated in a community with the expectation of industrial &amp; agricultural waste. Therefore, treatment of these waste is an important component of an integ","Municipal Solid Waste (MSW) is the waste generated in a community with the expectation of industrial & agricultural waste. Therefore, treatment of these waste is an important component of an integrate"
GIAN-NIDHI,record 349,institution_name,html entities,normalised text (raw value kept)," Jawaharlal Darda Institute of Engg. &amp; Tech., Yavatmal","Jawaharlal Darda Institute of Engg. & Tech., Yavatmal"
GIAN-NIDHI,record 350,abstract,html entities,normalised text (raw value kept),"Automation is need of time in the fastly developing manufacturing sector of the world. In today’s world of Competition; for switching over from one technique to other, for getting enhancement in produ","Automation is need of time in the fastly developing manufacturing sector of the world. In today's world of Competition; for switching over from one technique to other, for getting enhancement in produ"
GIAN-NIDHI,record 350,institution_name,html entities,normalised text (raw value kept), Jawaharlal Darda Institute of Engg. &amp; Tech.,Jawaharlal Darda Institute of Engg. & Tech
GIAN-NIDHI,record 351,institution_name,html entities,normalised text (raw value kept),Tulsiramji Gaikwad-Patil College of Engg. &amp; Tech,Tulsiramji Gaikwad-Patil College of Engg. & Tech
GIAN-NIDHI,record 352,institution_name,html entities,normalised text (raw value kept),Tulsiramji Gaikwad-Patil College of Engg. &amp; Tech.,Tulsiramji Gaikwad-Patil College of Engg. & Tech
GIAN-NIDHI,record 353,institution_name,html entities,normalised text (raw value kept),Tulsiramji Gaikwad-Patil College of Engg. &amp; Tech.,Tulsiramji Gaikwad-Patil College of Engg. & Tech
GIAN-NIDHI,record 354,institution_name,html entities,normalised text (raw value kept),Tulsiramji Gaikwad-Patil College of Engg. &amp; Tech.,Tulsiramji Gaikwad-Patil College of Engg. & Tech
GIAN-NIDHI,record 355,institution_name,html entities,normalised text (raw value kept),Tulsiramji Gaikwad-Patil College of Engg. &amp; Tech.,Tulsiramji Gaikwad-Patil College of Engg. & Tech
GIAN-NIDHI,record 356,institution_name,html entities,normalised text (raw value kept),Tulsiramji Gaikwad-Patil College of Engg. &amp; Tech.,Tulsiramji Gaikwad-Patil College of Engg. & Tech
GIAN-NIDHI,record 357,institution_name,html entities,normalised text (raw value kept),Tulsiramji Gaikwad-Patil College of Engg. &amp; Tech.,Tulsiramji Gaikwad-Patil College of Engg. & Tech
GIAN-NIDHI,record 358,institution_name,html entities,normalised text (raw value kept),Tulsiramji Gaikwad-Patil College of Engg. &amp; Tech.,Tulsiramji Gaikwad-Patil College of Engg. & Tech
GIAN-NIDHI,record 359,institution_name,html entities,normalised text (raw value kept),Tulsiramji Gaikwad-Patil College of Engg. &amp; Tech.,Tulsiramji Gaikwad-Patil College of Engg. & Tech
GIAN-NIDHI,record 360,institution_name,html entities,normalised text (raw value kept),Tulsiramji Gaikwad Patil College of Engineering &amp; Technology,Tulsiramji Gaikwad Patil College of Engineering & Technology
GIAN-NIDHI,record 361,abstract,html entities,normalised text (raw value kept),"Design, construct &amp; maintain structures to perform at earthquake exposure up to the expectations.Earthquake is a natural phenomenon occurring with all uncertainties. Among all the natural calamiti","Design, construct & maintain structures to perform at earthquake exposure up to the expectations.Earthquake is a natural phenomenon occurring with all uncertainties. Among all the natural calamities, "
GIAN-NIDHI,record 361,institution_name,html entities,normalised text (raw value kept),Tulsiramji Gaikwad Patil College of Engineering &amp; Technology,Tulsiramji Gaikwad Patil College of Engineering & Technology
GIAN-NIDHI,record 362,abstract,html entities,normalised text (raw value kept)," Object:-Design, construct &amp; maintain structures to perform at earthquake exposure up to the expectations.Earthquake is a natural phenomenon occurring with all uncertainties. Among all the natural","Object:-Design, construct & maintain structures to perform at earthquake exposure up to the expectations.Earthquake is a natural phenomenon occurring with all uncertainties. Among all the natural cala"
GIAN-NIDHI,record 362,institution_name,html entities,normalised text (raw value kept),Tulsiramji Gaikwad Patil College of Engineering &amp; Technology,Tulsiramji Gaikwad Patil College of Engineering & Technology
GIAN-NIDHI,record 363,abstract,line breaks,normalised text (raw value kept),"            Due to the faults the cables get damage which affects the resistance in the cable. If it allowed to  persist, this can lead to voltage breakdown. To locate the fault in the cable, the cabl","Due to the faults the cables get damage which affects the resistance in the cable. If it allowed to persist, this can lead to voltage breakdown. To locate the fault in the cable, the cable must tested"
GIAN-NIDHI,record 363,institution_name,html entities,normalised text (raw value kept),Tulsiramji Gaikwad Patil College of Engineering &amp; Technology,Tulsiramji Gaikwad Patil College of Engineering & Technology
GIAN-NIDHI,record 364,institution_name,html entities,normalised text (raw value kept),Tulsiramji Gaikwad Patil College of Engineering &amp; Technology,Tulsiramji Gaikwad Patil College of Engineering & Technology
GIAN-NIDHI,record 365,institution_name,html entities,normalised text (raw value kept),Tulsiramji Gaikwad Patil College of Engineering &amp; Technology,Tulsiramji Gaikwad Patil College of Engineering & Technology
GIAN-NIDHI,record 366,abstract,line breaks,normalised text (raw value kept),"
Rickshaw are three wheel battery operated vehicle, since are battery powered have zero emission, it is to be much better than other rickshaw as they are consider almost pollution free since the  batt","Rickshaw are three wheel battery operated vehicle, since are battery powered have zero emission, it is to be much better than other rickshaw as they are consider almost pollution free since the batter"
GIAN-NIDHI,record 366,institution_name,html entities,normalised text (raw value kept),Tulsiramji Gaikwad Patil College of Engineering &amp; Technology,Tulsiramji Gaikwad Patil College of Engineering & Technology
GIAN-NIDHI,record 377,abstract,line breaks,normalised text (raw value kept),"IoT Technologies could potentially serve this need. This idea develops an loT architecture, and choose best IoT enabling technologies, an loT services, applications, and standards, towards this goal. ","IoT Technologies could potentially serve this need. This idea develops an loT architecture, and choose best IoT enabling technologies, an loT services, applications, and standards, towards this goal. "
GIAN-NIDHI,record 381,project_name,html entities,normalised text (raw value kept),Home &amp; Establishment’s Advanced Rescue Technology,Home & Establishment's Advanced Rescue Technology
GIAN-NIDHI,record 382,abstract,html entities,normalised text (raw value kept),"In consists of collector, highly insulated water storage tank &amp; well insulated pipes circulation occurs in natural convection as water is heated in its passage through collector water from bottom ","In consists of collector, highly insulated water storage tank & well insulated pipes circulation occurs in natural convection as water is heated in its passage through collector water from bottom of t"
GIAN-NIDHI,record 385,abstract,html entities,normalised text (raw value kept),Our project comprises of pH control &amp; conductivity monitoring pH is one of the essential element of water which is to be controlled. In our project PLC does the controlling process pH and conducti,Our project comprises of pH control & conductivity monitoring pH is one of the essential element of water which is to be controlled. In our project PLC does the controlling process pH and conductivity
GIAN-NIDHI,record 387,abstract,html entities,normalised text (raw value kept),"Now a days we all are facing a hazardous problems like air pollution, unsafe drinking water and so many to overcome these problems Ozone is the best solution on it. A complete disinfection of water in","Now a days we all are facing a hazardous problems like air pollution, unsafe drinking water and so many to overcome these problems Ozone is the best solution on it. A complete disinfection of water in"
GIAN-NIDHI,record 390,abstract,html entities,normalised text (raw value kept),It constists simply of wheel with a series of six sealed containers fastened around its rim hexagonally Diametrically opposite pairs of containers are connected by tubes a low boiling liquied like fre,It constists simply of wheel with a series of six sealed containers fastened around its rim hexagonally Diametrically opposite pairs of containers are connected by tubes a low boiling liquied like fre
GIAN-NIDHI,record 395,abstract,html entities,normalised text (raw value kept),We have developed a low cost solar water heater which can be made by the waste material. This water heater is easy to handle &amp; requires less space. The water heater because of its low cost (around,We have developed a low cost solar water heater which can be made by the waste material. This water heater is easy to handle & requires less space. The water heater because of its low cost (around Rs.
GIAN-NIDHI,record 397,abstract,html entities,normalised text (raw value kept),The most commonly solar cell is configured as a large area P-N junction made from silicon. When this cell is exposed to sunlight the photons striking the surface of the cell allows electrons to be kno,The most commonly solar cell is configured as a large area P-N junction made from silicon. When this cell is exposed to sunlight the photons striking the surface of the cell allows electrons to be kno
GIAN-NIDHI,record 399,abstract,html entities,normalised text (raw value kept),"Whenever a person approaches say to go upstairs, the weight sensors in between the path senses the weight of the person &amp; continues the trigger of the timer I.C. i.e. it triggers the timer I.C. &a","Whenever a person approaches say to go upstairs, the weight sensors in between the path senses the weight of the person & continues the trigger of the timer I.C. i.e. it triggers the timer I.C. & the "
GIAN-NIDHI,record 400,abstract,html entities,normalised text (raw value kept),"The main idea is not to reap energy from the sun but to collect &amp; store maximum amount of energy from it. Thus for maximum efficiency from solar power generation system, solar collection panel sho","The main idea is not to reap energy from the sun but to collect & store maximum amount of energy from it. Thus for maximum efficiency from solar power generation system, solar collection panel should "
GIAN-NIDHI,record 402,abstract,html entities,normalised text (raw value kept),"The basic idea of the project is based upon the lines of black box used in the airplane &amp; trains. Here the system parameter automobile like speed, engine temperature, gear position, are continuous","The basic idea of the project is based upon the lines of black box used in the airplane & trains. Here the system parameter automobile like speed, engine temperature, gear position, are continuously d"
GIAN-NIDHI,record 402,institution_name,non-breaking spaces,normalised text (raw value kept)," Government Residential Woman's Polytechnic, Latu","Government Residential Woman's Polytechnic, Latu"
GIAN-NIDHI,record 403,abstract,html entities,normalised text (raw value kept),"The ECHO-FRIENDLY vehicle is the recent revolution in the field of automobile. In this area of petrol/Diesel crisis, electrical vehicle is going to be best alternative to the traditional IC engines. T","The ECHO-FRIENDLY vehicle is the recent revolution in the field of automobile. In this area of petrol/Diesel crisis, electrical vehicle is going to be best alternative to the traditional IC engines. T"
GIAN-NIDHI,record 404,abstract,html entities,normalised text (raw value kept),"The operation of lifting the car requires, much more muscle power &amp; human inputs. They are many cases, for which the car is lifted such as for dismantling gear box, suspension Assembly, Housing, S","The operation of lifting the car requires, much more muscle power & human inputs. They are many cases, for which the car is lifted such as for dismantling gear box, suspension Assembly, Housing, Shock"
GIAN-NIDHI,record 404,institution_name,non-breaking spaces,normalised text (raw value kept)," Gramin Polytechnic , Vishnupuri, Nanded","Gramin Polytechnic, Vishnupuri, Nanded"
GIAN-NIDHI,record 405,abstract,html entities,normalised text (raw value kept),Charcoal silencer consists of hollow pipe in which wool is surrounded on the walls from inside. There are several oily baffles arranged in series along the pipe &amp; there is filter at the exit. Work,Charcoal silencer consists of hollow pipe in which wool is surrounded on the walls from inside. There are several oily baffles arranged in series along the pipe & there is filter at the exit. Working:
GIAN-NIDHI,record 407,abstract,html entities,normalised text (raw value kept),"The Newton automatic centrifugal clutch employees only one set of compression springs instead of the usual two seats, with this arrangement it is possible to reduce the weights of the centrifugal memb","The Newton automatic centrifugal clutch employees only one set of compression springs instead of the usual two seats, with this arrangement it is possible to reduce the weights of the centrifugal memb"
GIAN-NIDHI,record 408,abstract,"html entities, mojibake",normalised text (raw value kept),The design of quadra cycle consists of the mechanisms which helps the cycle to rotate in zero radius. It also consists of low radius turning mechanism. The transmission system is so made that we can o,The design of quadra cycle consists of the mechanisms which helps the cycle to rotate in zero radius. It also consists of low radius turning mechanism. The transmission system is so made that we can o
GIAN-NIDHI,record 409,abstract,html entities,normalised text (raw value kept),"Mobile control pick and place vehicle. Vehicle arm require an ””arm controller”” to command motors to achieve a coordinated &amp; predetermined motion in an external space with desired accuracy, effic","Mobile control pick and place vehicle. Vehicle arm require an """"arm controller"""" to command motors to achieve a coordinated & predetermined motion in an external space with desired accuracy, efficienc"
GIAN-NIDHI,record 410,institution_name,non-breaking spaces,normalised text (raw value kept)," K. J. Somaiya Polytechnic, Mumbai","K. J. Somaiya Polytechnic, Mumbai"
GIAN-NIDHI,record 411,institution_name,non-breaking spaces,normalised text (raw value kept)," G. H. Raisoni polytechnic, Nagpur.","G. H. Raisoni polytechnic, Nagpur"
GIAN-NIDHI,record 413,abstract,html entities,normalised text (raw value kept),"In early stages, a few towns used acetylene for lighting, including Tata in Hungary where it was installed on 24th July 1897 &amp; North Petherton in England in 1898. Now a days acetylene is used for ","In early stages, a few towns used acetylene for lighting, including Tata in Hungary where it was installed on 24th July 1897 & North Petherton in England in 1898. Now a days acetylene is used for carb"
GIAN-NIDHI,record 413,institution_name,non-breaking spaces,normalised text (raw value kept),Priyadarshani Polytechnic,Priyadarshani Polytechnic
GIAN-NIDHI,record 414,institution_name,non-breaking spaces,normalised text (raw value kept),"K.B.P. POLYTECHNIC, KOPARGAON.","K.B.P. POLYTECHNIC, KOPARGAON"
GIAN-NIDHI,record 415,institution_name,non-breaking spaces,normalised text (raw value kept)," Government polytechnic, Dhule","Government polytechnic, Dhule"
GIAN-NIDHI,record 417,institution_name,non-breaking spaces,normalised text (raw value kept),Thakur Polytechnic,Thakur Polytechnic
GIAN-NIDHI,record 418,institution_name,non-breaking spaces,normalised text (raw value kept), Government polytechnic Mumbai,Government polytechnic Mumbai
GIAN-NIDHI,record 419,abstract,html entities,normalised text (raw value kept),"Introduction: The prime objective in the minds of industrialist is to reduce the work more manually, which consumes a lot of time and does not achieve accuracy. The industrialists prefer machines whic","Introduction: The prime objective in the minds of industrialist is to reduce the work more manually, which consumes a lot of time and does not achieve accuracy. The industrialists prefer machines whic"
GIAN-NIDHI,record 420,institution_name,mojibake,normalised text (raw value kept), Premlila Vithaldas Polytechnic S.N.D.T. WomenÃƒÂ¢Ã¢â€šÂ¬Ã¢â€žÂ¢s University,Premlila Vithaldas Polytechnic S.N.D.T. Women's University
GIAN-NIDHI,record 421,institution_name,non-breaking spaces,normalised text (raw value kept)," K.K.Wagh Polytechnic , Nashik -3","K.K.Wagh Polytechnic, Nashik -3"
GIAN-NIDHI,record 422,abstract,"html entities, non-breaking spaces",normalised text (raw value kept),"There are various types of cutter, which are used according to their requirement for the particular job. They are made from different material like CI, etc. But the abrasive disc cutter is the type of","There are various types of cutter, which are used according to their requirement for the particular job. They are made from different material like CI, etc. But the abrasive disc cutter is the type of"
GIAN-NIDHI,record 422,institution_name,non-breaking spaces,normalised text (raw value kept), Amrutvahini Polytechnic. Sangamner,Amrutvahini Polytechnic. Sangamner
GIAN-NIDHI,record 423,abstract,html entities,normalised text (raw value kept),The project name ”“Dhoop Stick Making Machine” works on principle of extrusion of materials. This machine can be used for production of various sticks of material required for various applications. Th,"The project name """"Dhoop Stick Making Machine"" works on principle of extrusion of materials. This machine can be used for production of various sticks of material required for various applications. Th"
GIAN-NIDHI,record 424,abstract,html entities,normalised text (raw value kept),The magnetic brake system based on the principle of electromagnetism. When dc/ac current passes through the stator or field winding the iron core in the stator winding get magnetized. Magnetic flux is,The magnetic brake system based on the principle of electromagnetism. When dc/ac current passes through the stator or field winding the iron core in the stator winding get magnetized. Magnetic flux is
GIAN-NIDHI,record 425,abstract,html entities,normalised text (raw value kept),Fiber glass reinforced plastic cutting machine is specially designed for cutting of fiber component. Understanding the problems &amp; defects occurred during cutting operation of fiber component by ma,Fiber glass reinforced plastic cutting machine is specially designed for cutting of fiber component. Understanding the problems & defects occurred during cutting operation of fiber component by machin
GIAN-NIDHI,record 425,institution_name,mojibake,normalised text (raw value kept), All India Shri Shivaji Memorial SocietyÃƒÂ¢Ã¢â€šÂ¬Ã¢â€žÂ¢s Polytechnic,All India Shri Shivaji Memorial Society's Polytechnic
GIAN-NIDHI,record 426,abstract,html entities,normalised text (raw value kept),As industrial is coming up across the glob various invention &amp; innovations are being carried by human to fasten various processes associated with manufacturing &amp; align things. One such thing i,As industrial is coming up across the glob various invention & innovations are being carried by human to fasten various processes associated with manufacturing & align things. One such thing is indust
GIAN-NIDHI,record 426,institution_name,non-breaking spaces,normalised text (raw value kept),"Government Polytechnic, Yavatmal","Government Polytechnic, Yavatmal"
GIAN-NIDHI,record 427,abstract,html entities,normalised text (raw value kept),Our country is facing a biggest problem of unemployment of educated people. Now the central and state government are encouraging the technical persons to start their own enterprise &amp; offer wide va,Our country is facing a biggest problem of unemployment of educated people. Now the central and state government are encouraging the technical persons to start their own enterprise & offer wide variet
GIAN-NIDHI,record 428,institution_name,non-breaking spaces,normalised text (raw value kept),"Government Polytechnic, Washim","Government Polytechnic, Washim"
GIAN-NIDHI,record 429,institution_name,non-breaking spaces,normalised text (raw value kept)," Government Polytechnic, Miraj","Government Polytechnic, Miraj"
GIAN-NIDHI,record 430,abstract,html entities,normalised text (raw value kept),"There are various types of couplings available to transmit the power from one shaft to another broadly classified in two categories, one for transmit power between line shaft &amp; another for offset ","There are various types of couplings available to transmit the power from one shaft to another broadly classified in two categories, one for transmit power between line shaft & another for offset shaf"
GIAN-NIDHI,record 430,institution_name,non-breaking spaces,normalised text (raw value kept),"Government Polytechnic, Nanded","Government Polytechnic, Nanded"
GIAN-NIDHI,record 431,institution_name,non-breaking spaces,normalised text (raw value kept)," Government Polytechnic, Dhule","Government Polytechnic, Dhule"
GIAN-NIDHI,record 433,abstract,html entities,normalised text (raw value kept),Working principle of our project is rotary motion is converted into oscillating motion. And oscillating motion is converted in to vibrating motion. First motor is rotated at a speed of 1440 rpm also s,Working principle of our project is rotary motion is converted into oscillating motion. And oscillating motion is converted in to vibrating motion. First motor is rotated at a speed of 1440 rpm also s
GIAN-NIDHI,record 433,institution_name,"mojibake, non-breaking spaces",normalised text (raw value kept),SANJIVANI RURAL EDUCATION SOCIETYÃƒÂ¢Ã¢â€šÂ¬Ã¢â€žÂ¢S K. B.P. POLYTECHNICKOPERGAON DIST. A,SANJIVANI RURAL EDUCATION SOCIETY'S K. B.P. POLYTECHNICKOPERGAON DIST. A
GIAN-NIDHI,record 434,abstract,html entities,normalised text (raw value kept),"Graphite is a crystalline forms of carbon. In the graphite each carbon atom is covalently bounded to three carbon atoms to give trigonal geometry in graphite. The parallel layer arranged, which bounde","Graphite is a crystalline forms of carbon. In the graphite each carbon atom is covalently bounded to three carbon atoms to give trigonal geometry in graphite. The parallel layer arranged, which bounde"
GIAN-NIDHI,record 434,institution_name,non-breaking spaces,normalised text (raw value kept),"Shri K. R. Pandav Polytechnic, Nagpur","Shri K. R. Pandav Polytechnic, Nagpur"
GIAN-NIDHI,record 435,abstract,html entities,normalised text (raw value kept),Problem in existing machine: dressing of grinding &amp; regulating wheel is done by manually. It causes serrations on surface of th ewheel. It takes more time and more rejection of job. Alternative: m,Problem in existing machine: dressing of grinding & regulating wheel is done by manually. It causes serrations on surface of th ewheel. It takes more time and more rejection of job. Alternative: manua
GIAN-NIDHI,record 435,institution_name,non-breaking spaces,normalised text (raw value kept),"Government Polytechnic, Nasik","Government Polytechnic, Nasik"
GIAN-NIDHI,record 436,institution_name,non-breaking spaces,normalised text (raw value kept)," Govt. Polytechnic ,Nanded Babanager","Govt. Polytechnic, Nanded Babanager"
GIAN-NIDHI,record 438,abstract,html entities,normalised text (raw value kept),"There is no question that a two stroke internal combustion engine is infinitely simpler to manufacture, has less moving parts &amp; it's principle of operation is less complicated than a four stroke i","There is no question that a two stroke internal combustion engine is infinitely simpler to manufacture, has less moving parts & it's principle of operation is less complicated than a four stroke inter"
GIAN-NIDHI,record 439,abstract,html entities,normalised text (raw value kept),The water based refrigerator is the modification of one of the oldest traditional method used in ancient Indian obtains cold water for drinking purposes in summer season. The same approach is used in ,The water based refrigerator is the modification of one of the oldest traditional method used in ancient Indian obtains cold water for drinking purposes in summer season. The same approach is used in 
GIAN-NIDHI,record 440,institution_name,non-breaking spaces,normalised text (raw value kept), Priyadarshini Polytechnic Nagpur.,Priyadarshini Polytechnic Nagpur
GIAN-NIDHI,record 441,abstract,html entities,normalised text (raw value kept),"ECONOMICAL DOMESTIC GAS GEYSER as name indicate that that geyser means water heater, water heating is daily requirement for domestic purpose. Our main theme is to heat water and use for a domestic pur","ECONOMICAL DOMESTIC GAS GEYSER as name indicate that that geyser means water heater, water heating is daily requirement for domestic purpose. Our main theme is to heat water and use for a domestic pur"
GIAN-NIDHI,record 442,institution_name,non-breaking spaces,normalised text (raw value kept), Pillai Polytechnic (New Panvel),Pillai Polytechnic (New Panvel)
GIAN-NIDHI,record 444,institution_name,non-breaking spaces,normalised text (raw value kept),"Govt. Polytechnic ,Nasik","Govt. Polytechnic, Nasik"
GIAN-NIDHI,record 445,abstract,mojibake,normalised text (raw value kept),Power is the basic and most essential need of any country. Electrical power can be generated either by conventional or nonconventional sources. Conventional sources having itÃƒÂ¢Ã¢â€šÂ¬Ã¢â€žÂ¢s limita,Power is the basic and most essential need of any country. Electrical power can be generated either by conventional or nonconventional sources. Conventional sources having it's limitations. All around
GIAN-NIDHI,record 445,institution_name,non-breaking spaces,normalised text (raw value kept),"K.J.Somaiya Polytechnic,Mumbai","K.J.Somaiya Polytechnic, Mumbai"
GIAN-NIDHI,record 446,abstract,html entities,normalised text (raw value kept),"Analog devices offers an extensive range of metering Ics to serve various needs. Here is an energy meter using analog devices ADE 7757 chip for single phase, 2 wire (phase and neutral) systems used in","Analog devices offers an extensive range of metering Ics to serve various needs. Here is an energy meter using analog devices ADE 7757 chip for single phase, 2 wire (phase and neutral) systems used in"
GIAN-NIDHI,record 446,institution_name,mojibake,normalised text (raw value kept),Govt.Residential WomenÃƒÂ¢Ã¢â€šÂ¬Ã¢â€žÂ¢s Polytechnic Latur.,Govt.Residential Women's Polytechnic Latur
GIAN-NIDHI,record 447,abstract,html entities,normalised text (raw value kept),The given system ””Digital Remote A.C. Motor controller with frequency indicator”” provides digital speed Control based on phase control to minimize power loss in vtg. Control by resistive attenuator.,"The given system """"Digital Remote A.C. Motor controller with frequency indicator"""" provides digital speed Control based on phase control to minimize power loss in vtg. Control by resistive attenuator."
GIAN-NIDHI,record 448,abstract,"html entities, mojibake",normalised text (raw value kept),"Here is a controlling circuit, which enables switching ”ON” &amp; ”OFF” appliances to telephone lines. It can be used to switch appliances from any distance, overcoming the limited range of infrared &","Here is a controlling circuit, which enables switching ""ON"" & ""OFF"" appliances to telephone lines. It can be used to switch appliances from any distance, overcoming the limited range of infrared & rad"
GIAN-NIDHI,record 449,abstract,html entities,normalised text (raw value kept),"In our project we use ropes as a tracks, for bus. LEDS &amp; IR sensors are placed on the rope in front of each other. When LED is exited by current it will emits the light of particular wavelength co","In our project we use ropes as a tracks, for bus. LEDS & IR sensors are placed on the rope in front of each other. When LED is exited by current it will emits the light of particular wavelength contin"
GIAN-NIDHI,record 450,abstract,html entities,normalised text (raw value kept),"In a modern power system,electical form the generating station is delivered to the ultimate consumers though a network of a transmission &amp; distribution for the satisfactory opening operating motor","In a modern power system,electical form the generating station is delivered to the ultimate consumers though a network of a transmission & distribution for the satisfactory opening operating motor lam"
GIAN-NIDHI,record 450,institution_name,non-breaking spaces,normalised text (raw value kept)," K.K. Wagh Polytechnic ,NASIK.","K.K. Wagh Polytechnic, NASIK"
GIAN-NIDHI,record 451,abstract,"html entities, mojibake",normalised text (raw value kept),"230 V ac is applied to the SMPS &amp; get the O/P in dc, to the VCC of the 89c51 which is core based on 8051 &amp; family. Here the reset pin is also their which is if we applied the any pulse to this","230 V ac is applied to the SMPS & get the O/P in dc, to the VCC of the 89c51 which is core based on 8051 & family. Here the reset pin is also their which is if we applied the any pulse to this pin the"
GIAN-NIDHI,record 451,institution_name,non-breaking spaces,normalised text (raw value kept),"Govt. Polytechnic, Mumbai","Govt. Polytechnic, Mumbai"
GIAN-NIDHI,record 452,abstract,html entities,normalised text (raw value kept),PC that operates at up to 10KHz with +16v input vtg. It has much more improved feature than PC based oscilloscope &amp; LED scope for audio servicing publish in Dec. 2002 the oscilloscope uses to PIC1,PC that operates at up to 10KHz with +16v input vtg. It has much more improved feature than PC based oscilloscope & LED scope for audio servicing publish in Dec. 2002 the oscilloscope uses to PIC18F 2
GIAN-NIDHI,record 453,abstract,html entities,normalised text (raw value kept),The system basically comprises two LASER transmitters &amp; LDR sensor pairs which are installed on the highway 100 meters apart. The system display time taken by the vehicle in crossing 100 meters di,The system basically comprises two LASER transmitters & LDR sensor pairs which are installed on the highway 100 meters apart. The system display time taken by the vehicle in crossing 100 meters distan
GIAN-NIDHI,record 453,institution_name,mojibake,normalised text (raw value kept),"Govt. Residental WomenÃƒÂ¢Ã¢â€šÂ¬Ã¢â€žÂ¢s Polytechnic, Latur","Govt. Residental Women's Polytechnic, Latur"
GIAN-NIDHI,record 454,abstract,html entities,normalised text (raw value kept),Project comprises of 2 sensors - a thermocouple for temperature sensing &amp; a combination of LDR &amp; LED for heart beat sensing. If the recorded values do not match with the preset reference value,Project comprises of 2 sensors - a thermocouple for temperature sensing & a combination of LDR & LED for heart beat sensing. If the recorded values do not match with the preset reference values then t
GIAN-NIDHI,record 454,institution_name,non-breaking spaces,normalised text (raw value kept), Thakur Polytechnic,Thakur Polytechnic
GIAN-NIDHI,record 455,abstract,html entities,normalised text (raw value kept),As every electronic system in the world today is powered by a D. C. source. This system may require one &amp; quite often more than one of this D. C. voltage with each one of them having a different a,As every electronic system in the world today is powered by a D. C. source. This system may require one & quite often more than one of this D. C. voltage with each one of them having a different ampli
GIAN-NIDHI,record 455,institution_name,non-breaking spaces,normalised text (raw value kept), K. K. Wagh Polytechnic,K. K. Wagh Polytechnic
GIAN-NIDHI,record 456,abstract,html entities,normalised text (raw value kept),IR Transmission &amp; Reception: The IR frequency that is in 10 Hz get transmitted &amp; received by transmitter &amp; receiver circuit due to this no interference of noise &amp; long distance machine,IR Transmission & Reception: The IR frequency that is in 10 Hz get transmitted & received by transmitter & receiver circuit due to this no interference of noise & long distance machine control is achi
GIAN-NIDHI,record 456,institution_name,non-breaking spaces,normalised text (raw value kept),"Govt. Polytechnic, Osmanabad","Govt. Polytechnic, Osmanabad"
GIAN-NIDHI,record 457,abstract,html entities,normalised text (raw value kept),The working principle of our project is very simple. It is based on the pressure measurement using the transclocer which used is 'strain guage'. The strain guage measures the blood pressure in the bod,The working principle of our project is very simple. It is based on the pressure measurement using the transclocer which used is 'strain guage'. The strain guage measures the blood pressure in the bod
GIAN-NIDHI,record 457,institution_name,non-breaking spaces,normalised text (raw value kept)," SES Polytechnic, Solapur","SES Polytechnic, Solapur"
GIAN-NIDHI,record 458,abstract,html entities,normalised text (raw value kept),In our project front end module consist of PC connected to internet &amp; running a web server such as internet explorer. The user can be authenticated via password. By sending control signal or infor,In our project front end module consist of PC connected to internet & running a web server such as internet explorer. The user can be authenticated via password. By sending control signal or informati
GIAN-NIDHI,record 458,institution_name,non-breaking spaces,normalised text (raw value kept),Pimpri - Chinchwad Polytechnic,Pimpri - Chinchwad Polytechnic
GIAN-NIDHI,record 459,abstract,html entities,normalised text (raw value kept),"Now a days automation has become the key to success for the industries. Automation saves time, manpower &amp; human prone errors in tedious &amp; repetitive work. Our product can be used for 1. Contro","Now a days automation has become the key to success for the industries. Automation saves time, manpower & human prone errors in tedious & repetitive work. Our product can be used for 1. Controlling an"
GIAN-NIDHI,record 459,institution_name,non-breaking spaces,normalised text (raw value kept),"Govt. Polytechnic, Arvi","Govt. Polytechnic, Arvi"
GIAN-NIDHI,record 460,abstract,mojibake,normalised text (raw value kept),This system is fully controlled by Programmable Logic Controller (P.L.C.). P.L.C. will control the sequence and timing of the signals at various squares depending upon the request as per the appropria,This system is fully controlled by Programmable Logic Controller (P.L.C.). P.L.C. will control the sequence and timing of the signals at various squares depending upon the request as per the appropria
GIAN-NIDHI,record 461,abstract,html entities,normalised text (raw value kept),"The principle is based on transaction &amp; reception of IR signals using a sensor array. The sensor o/p is connected to the i/p of a controller ports, which drives the motor driver IC. The ac motors ","The principle is based on transaction & reception of IR signals using a sensor array. The sensor o/p is connected to the i/p of a controller ports, which drives the motor driver IC. The ac motors are "
GIAN-NIDHI,record 461,institution_name,non-breaking spaces,normalised text (raw value kept), Dr.D.Y.Patil Polytechnic,Dr.D.Y.Patil Polytechnic
GIAN-NIDHI,record 462,abstract,html entities,normalised text (raw value kept),Lcd consisting Image or picture is emmiting light from focus point of lines then the light rays are refracted from double convex lens &amp; then the image or film is enlarged at a distance (depending ,Lcd consisting Image or picture is emmiting light from focus point of lines then the light rays are refracted from double convex lens & then the image or film is enlarged at a distance (depending upon
GIAN-NIDHI,record 462,institution_name,non-breaking spaces,normalised text (raw value kept), Government polytechnic Nandad.,Government polytechnic Nandad
GIAN-NIDHI,record 463,institution_name,non-breaking spaces,normalised text (raw value kept), k.j. somaiya Polytechnic,k.j. somaiya Polytechnic
GIAN-NIDHI,record 464,abstract,html entities,normalised text (raw value kept),Today is world of wind speed of vehicles. Man can not control them self when drive the vehicle. Due to this type of attitude a lot of accident occurs every day. To avoid the accidents &amp; to provide,Today is world of wind speed of vehicles. Man can not control them self when drive the vehicle. Due to this type of attitude a lot of accident occurs every day. To avoid the accidents & to provide pro
GIAN-NIDHI,record 464,institution_name,non-breaking spaces,normalised text (raw value kept)," Govt. Polytechnic, Washim","Govt. Polytechnic, Washim"
GIAN-NIDHI,record 465,abstract,html entities,normalised text (raw value kept),"Now a days electronic security system is become more essential so that, we decide to do project in this field. Our system has there layer security system, first is key pad entry, then electronic lock ","Now a days electronic security system is become more essential so that, we decide to do project in this field. Our system has there layer security system, first is key pad entry, then electronic lock "
GIAN-NIDHI,record 465,institution_name,"mojibake, non-breaking spaces",normalised text (raw value kept),All India Shri Shivaji Memorial SocietyÃƒÂ¢Ã¢â€šÂ¬Ã¢â€žÂ¢s Polytechnic,All India Shri Shivaji Memorial Society's Polytechnic
GIAN-NIDHI,record 466,abstract,html entities,normalised text (raw value kept),Flood Intimation System works on Microcontroller based interface with computer &amp; GSM Mobile Technology. Microcontroller is heart of the system. AT89c51 is low power high performance CMOS 8 bit mic,Flood Intimation System works on Microcontroller based interface with computer & GSM Mobile Technology. Microcontroller is heart of the system. AT89c51 is low power high performance CMOS 8 bit micro c
GIAN-NIDHI,record 466,institution_name,non-breaking spaces,normalised text (raw value kept),"Govt. Polytechnic, Aurangabad","Govt. Polytechnic, Aurangabad"
GIAN-NIDHI,record 467,abstract,html entities,normalised text (raw value kept),Controlling the flow of water in 2 DAMs using RF transmission &amp; level sensors. ASK data transmission method is used no manual operation is required. It is applicable in all types of DAM which are ,Controlling the flow of water in 2 DAMs using RF transmission & level sensors. ASK data transmission method is used no manual operation is required. It is applicable in all types of DAM which are cond
GIAN-NIDHI,record 467,institution_name,non-breaking spaces,normalised text (raw value kept),"Govt. Polytechnic, Ahmednagar","Govt. Polytechnic, Ahmednagar"
GIAN-NIDHI,record 468,abstract,html entities,normalised text (raw value kept),"This model is a combination of different ideas of electronics. It works on the principle of DC motors for its motion, transducer for different functions. This model is controlled through PC using radi","This model is a combination of different ideas of electronics. It works on the principle of DC motors for its motion, transducer for different functions. This model is controlled through PC using radi"
GIAN-NIDHI,record 468,institution_name,non-breaking spaces,normalised text (raw value kept)," G. H. Raisoni polytechnic, Nagpur","G. H. Raisoni polytechnic, Nagpur"
GIAN-NIDHI,record 470,institution_name,non-breaking spaces,normalised text (raw value kept)," K. B. P. Polytechnic, Kopargaon","K. B. P. Polytechnic, Kopargaon"
GIAN-NIDHI,record 472,abstract,html entities,normalised text (raw value kept),Everything operated at touch of button has become a concept of living today. This is called smart living. This system is not only beneficial for switching OFF the devices when not in use but can also ,Everything operated at touch of button has become a concept of living today. This is called smart living. This system is not only beneficial for switching OFF the devices when not in use but can also 
GIAN-NIDHI,record 473,abstract,html entities,normalised text (raw value kept),"We are representing a stepper motor in which the direction of rotation of the stepper motor (in clockwise &amp; anticlockwise direction) can be controlled remotely. The transmitter circuit, powered by","We are representing a stepper motor in which the direction of rotation of the stepper motor (in clockwise & anticlockwise direction) can be controlled remotely. The transmitter circuit, powered by a 6"
GIAN-NIDHI,record 474,abstract,mojibake,normalised text (raw value kept),Electric automobile is the four-wheeler car in which the motive power to the wheels is provided by the A.C. motor drive. The rpm of the motor can be varied using potentiometer. Here in our project due,Electric automobile is the four-wheeler car in which the motive power to the wheels is provided by the A.C. motor drive. The rpm of the motor can be varied using potentiometer. Here in our project due
GIAN-NIDHI,record 474,institution_name,non-breaking spaces,normalised text (raw value kept), K. J. Somaiya Polytechnic,K. J. Somaiya Polytechnic
GIAN-NIDHI,record 475,institution_name,non-breaking spaces,normalised text (raw value kept),"Government polytechnic, washim","Government polytechnic, washim"
GIAN-NIDHI,record 476,institution_name,non-breaking spaces,normalised text (raw value kept),Government Polytechnic Aurangabad,Government Polytechnic Aurangabad
GIAN-NIDHI,record 477,abstract,html entities,normalised text (raw value kept),"We are presenting a one / two way optical communication system using a short - wavelength visible laser diode (RLT 6505) as the light emitting element, free space as transmission media &amp; a LDR as ","We are presenting a one / two way optical communication system using a short - wavelength visible laser diode (RLT 6505) as the light emitting element, free space as transmission media & a LDR as ligh"
GIAN-NIDHI,record 477,institution_name,"mojibake, non-breaking spaces",normalised text (raw value kept),Govt. Res. WomenÃƒÂ¢Ã¢â€šÂ¬Ã¢â€žÂ¢s Polytechnic Latur,Govt. Res. Women's Polytechnic Latur
GIAN-NIDHI,record 478,abstract,html entities,normalised text (raw value kept),"RFID is the low-power, short-range communication devices that can embed into everyday objects to track location, monitor security, &amp; record the status of events or even environmental conditions. I","RFID is the low-power, short-range communication devices that can embed into everyday objects to track location, monitor security, & record the status of events or even environmental conditions. It is"
GIAN-NIDHI,record 479,abstract,html entities,normalised text (raw value kept),Introduction: As the name of the project suggested we are making RS 485 based LAN N/W using micro controles 9C 89c51 this is general purpose project which has many application. Our project mainly conc,Introduction: As the name of the project suggested we are making RS 485 based LAN N/W using micro controles 9C 89c51 this is general purpose project which has many application. Our project mainly conc
GIAN-NIDHI,record 479,institution_name,non-breaking spaces,normalised text (raw value kept),"D. Y. Patil Polytechnic, Akurdi Pune","D. Y. Patil Polytechnic, Akurdi Pune"
GIAN-NIDHI,record 480,abstract,html entities,normalised text (raw value kept),Serial Data Communication using Serial Port &amp; RS - 232 standards. The project is based on the principle of controlling a Conductivity Meter through Computer. Whole of the programming is going to b,Serial Data Communication using Serial Port & RS - 232 standards. The project is based on the principle of controlling a Conductivity Meter through Computer. Whole of the programming is going to be ca
GIAN-NIDHI,record 480,institution_name,non-breaking spaces,normalised text (raw value kept)," Karmaveer Kakasaheb Wagh Polytechnic Panchavati, Nashik","Karmaveer Kakasaheb Wagh Polytechnic Panchavati, Nashik"
GIAN-NIDHI,record 481,abstract,html entities,normalised text (raw value kept),"Our aim is to design a wireless data transmission system, which makes use of SMS for displaying messages on the rolling display. This system is usually used for displaying advertisements in public pla","Our aim is to design a wireless data transmission system, which makes use of SMS for displaying messages on the rolling display. This system is usually used for displaying advertisements in public pla"
GIAN-NIDHI,record 481,institution_name,non-breaking spaces,normalised text (raw value kept), S. E. S. Polytechnic Solapur,S. E. S. Polytechnic Solapur
GIAN-NIDHI,record 482,abstract,html entities,normalised text (raw value kept),"The controller stays in the secret location. There is one remote controller for operating the spy robot, &amp; using this remote he sends the signals to spy robot to enter into enemies secret location","The controller stays in the secret location. There is one remote controller for operating the spy robot, & using this remote he sends the signals to spy robot to enter into enemies secret locations & "
GIAN-NIDHI,record 482,institution_name,"mojibake, non-breaking spaces",normalised text (raw value kept), Manohar Phalke Memorial FoundationÃƒÂ¢Ã¢â€šÂ¬Ã¢â€žÂ¢s Polytechnic,Manohar Phalke Memorial Foundation's Polytechnic
GIAN-NIDHI,record 483,abstract,html entities,normalised text (raw value kept),Now a days Robot's are sent to explore surfaces of planets like Mars where human may not be capable of enduring the temperature extreme. This implies that the Robot's can replace human in more than on,Now a days Robot's are sent to explore surfaces of planets like Mars where human may not be capable of enduring the temperature extreme. This implies that the Robot's can replace human in more than on
GIAN-NIDHI,record 484,abstract,html entities,normalised text (raw value kept),"This project is developed with the primary intention to explore &amp; develop some of the above features into robots. It aims at designing &amp; implementing a robot, which could perform Path Retracin","This project is developed with the primary intention to explore & develop some of the above features into robots. It aims at designing & implementing a robot, which could perform Path Retracing. The i"
GIAN-NIDHI,record 484,institution_name,non-breaking spaces,normalised text (raw value kept)," Pimpari Chinchwad Polytechnic, Nigdi, Pune","Pimpari Chinchwad Polytechnic, Nigdi, Pune"
GIAN-NIDHI,record 485,abstract,html entities,normalised text (raw value kept),WORKING PRINCIPLE: The working principle is such that the computer is interfaced with electronic circuit to drive mechanical parts by motors. The 8 bit data from the parallel port is transmitted &amp;,WORKING PRINCIPLE: The working principle is such that the computer is interfaced with electronic circuit to drive mechanical parts by motors. The 8 bit data from the parallel port is transmitted & con
GIAN-NIDHI,record 486,institution_name,"mojibake, non-breaking spaces",normalised text (raw value kept),"P. V. Polytechnic, S.N.D.T. WomenÃƒÂ¢Ã¢â€šÂ¬Ã¢â€žÂ¢s University.","P. V. Polytechnic, S.N.D.T. Women's University"
GIAN-NIDHI,record 487,abstract,html entities,normalised text (raw value kept),"The process of automatic toll collection at toll stations can be accomplished with the help of RFID technology. For automatic toll collection, the RFID tag is attached in the remote area of vehicle. T","The process of automatic toll collection at toll stations can be accomplished with the help of RFID technology. For automatic toll collection, the RFID tag is attached in the remote area of vehicle. T"
GIAN-NIDHI,record 487,institution_name,mojibake,normalised text (raw value kept),"Govt. Polytechnic, Bandra, Mumbai ÃƒÂ¢Ã¢â€šÂ¬Ã¢â‚¬Å“ 400051","Govt. Polytechnic, Bandra, Mumbai – 400051"
GIAN-NIDHI,record 488,institution_name,non-breaking spaces,normalised text (raw value kept),"G.H. Raisoni Polytechnic, Nagpur","G.H. Raisoni Polytechnic, Nagpur"
GIAN-NIDHI,record 489,abstract,html entities,normalised text (raw value kept),In this circuit the input signal are processed digitized &amp; imputed to pc via printer port &amp; this data is then displayed on screen. This circuit conditions different signals of frequency below ,In this circuit the input signal are processed digitized & imputed to pc via printer port & this data is then displayed on screen. This circuit conditions different signals of frequency below 1 kHz. T
GIAN-NIDHI,record 489,institution_name,"mojibake, non-breaking spaces",normalised text (raw value kept),"Shree Mahavir Education SocietyÃƒÂ¢Ã¢â€šÂ¬Ã¢â€žÂ¢s Institute of Technology Polytechnic, Na","Shree Mahavir Education Society's Institute of Technology Polytechnic, Na"
GIAN-NIDHI,record 490,abstract,html entities,normalised text (raw value kept),"In today's world mobile phone has become the most simplest &amp; effective way of communication. What to do if we want to send a message to our friend. Simple, we write a sms &amp; send it to our frie","In today's world mobile phone has become the most simplest & effective way of communication. What to do if we want to send a message to our friend. Simple, we write a sms & send it to our friend. That"
GIAN-NIDHI,record 490,institution_name,non-breaking spaces,normalised text (raw value kept),"Amrutvahini Polytechnic, Amrutnagar, Sangamner, A.Nagar.","Amrutvahini Polytechnic, Amrutnagar, Sangamner, A.Nagar"
GIAN-NIDHI,record 491,abstract,html entities,normalised text (raw value kept),"Today's world rapidly goes towards automation. It may be industrial, may be institution other words areas needs of automation. For understanding the same concept with a why not making such device whic","Today's world rapidly goes towards automation. It may be industrial, may be institution other words areas needs of automation. For understanding the same concept with a why not making such device whic"
GIAN-NIDHI,record 491,institution_name,non-breaking spaces,normalised text (raw value kept), K.B.P. Polytechnic Kopergaon,K.B.P. Polytechnic Kopergaon
GIAN-NIDHI,record 492,abstract,html entities,normalised text (raw value kept),"WORKING PRINCIPLE: In order to make this system practicable, Users are requested to Dial a specified Number (e.g. 1223) which will place a call to the specified number, our application will pick up th","WORKING PRINCIPLE: In order to make this system practicable, Users are requested to Dial a specified Number (e.g. 1223) which will place a call to the specified number, our application will pick up th"
GIAN-NIDHI,record 493,abstract,html entities,normalised text (raw value kept),"The motive behind this project is protection from terrorism. In a light of heightened risk of terrorism, all people are worried about their security of their life. The explosive uses some sort of subs","The motive behind this project is protection from terrorism. In a light of heightened risk of terrorism, all people are worried about their security of their life. The explosive uses some sort of subs"
GIAN-NIDHI,record 493,institution_name,non-breaking spaces,normalised text (raw value kept),Sardar Vallabhbhai Patel Polytechnic,Sardar Vallabhbhai Patel Polytechnic
GIAN-NIDHI,record 494,abstract,html entities,normalised text (raw value kept),"Many a times it is required to monitor &amp; control the audio level as in public address system. Traditionally, the human operator does the job of monitoring, &amp; controlling the volume. In home en","Many a times it is required to monitor & control the audio level as in public address system. Traditionally, the human operator does the job of monitoring, & controlling the volume. In home environmen"
GIAN-NIDHI,record 494,institution_name,non-breaking spaces,normalised text (raw value kept)," Govt. Polytechnic, Arvi, Dist. Wardha","Govt. Polytechnic, Arvi, Dist. Wardha"
GIAN-NIDHI,record 495,abstract,html entities,normalised text (raw value kept),"In the above project or a application Login is the first screen that a user will view. After the Password &amp; username is Correctly Entered, Interface will linked with next i.e. Visitor's Registrati","In the above project or a application Login is the first screen that a user will view. After the Password & username is Correctly Entered, Interface will linked with next i.e. Visitor's Registration F"
GIAN-NIDHI,record 495,institution_name,non-breaking spaces,normalised text (raw value kept), Y. B. Patil Polytechnic,Y. B. Patil Polytechnic
GIAN-NIDHI,record 496,institution_name,non-breaking spaces,normalised text (raw value kept),"Govt. Residential Women's Polytechnic, Latur","Govt. Residential Women's Polytechnic, Latur"
GIAN-NIDHI,record 498,abstract,html entities,normalised text (raw value kept),"It is micro controller &amp; serial communication based system. There is a current transformer and a voltage transformer, which sends read data to the micro controller. The micro controller converts t","It is micro controller & serial communication based system. There is a current transformer and a voltage transformer, which sends read data to the micro controller. The micro controller converts this "
GIAN-NIDHI,record 499,institution_name,non-breaking spaces,normalised text (raw value kept)," K. K. Wagh Polytechnic, Nashik","K. K. Wagh Polytechnic, Nashik"
GIAN-NIDHI,record 500,institution_name,non-breaking spaces,normalised text (raw value kept),"Venutai Chavan Polytechnic, Pune","Venutai Chavan Polytechnic, Pune"
GIAN-NIDHI,record 501,institution_name,non-breaking spaces,normalised text (raw value kept),"Pimpri Chinchwad Polytechnic, Pune","Pimpri Chinchwad Polytechnic, Pune"
GIAN-NIDHI,record 502,abstract,html entities,normalised text (raw value kept),SEISMO + is related to seismology (general study of earthquake parameters). It desires the orientation of fault movement &amp; size of an earthquake. The seismic parameters are determined from wave fo,SEISMO + is related to seismology (general study of earthquake parameters). It desires the orientation of fault movement & size of an earthquake. The seismic parameters are determined from wave form a
GIAN-NIDHI,record 503,institution_name,non-breaking spaces,normalised text (raw value kept)," Govt. Polytechnic, Arvi, Wardha","Govt. Polytechnic, Arvi, Wardha"
GIAN-NIDHI,record 504,institution_name,non-breaking spaces,normalised text (raw value kept),Thakur Polytechnic,Thakur Polytechnic
GIAN-NIDHI,record 506,abstract,html entities,normalised text (raw value kept),"In a fast developing country like India, it is very important to have access to a PC. Still, not everyone can afford to have his or her own PC. Thus, many a times, groups of people use a single PC in ","In a fast developing country like India, it is very important to have access to a PC. Still, not everyone can afford to have his or her own PC. Thus, many a times, groups of people use a single PC in "
GIAN-NIDHI,record 506,institution_name,non-breaking spaces,normalised text (raw value kept),Sardar Vallabhbhai Patel Polytechnic,Sardar Vallabhbhai Patel Polytechnic
GIAN-NIDHI,record 507,institution_name,non-breaking spaces,normalised text (raw value kept),"K. B. P. Polytechnic, Ahmednagar","K. B. P. Polytechnic, Ahmednagar"
GIAN-NIDHI,record 508,institution_name,non-breaking spaces,normalised text (raw value kept)," G H Raisoni Polytechnic, Nagpur","G H Raisoni Polytechnic, Nagpur"
GIAN-NIDHI,record 509,abstract,html entities,normalised text (raw value kept),"In older days, now also we have bounded to come to the keyboard to operate PC it we use the PC as a MP-3 or as a T.V. through video and with the help of our project we can operate the PC from a long d","In older days, now also we have bounded to come to the keyboard to operate PC it we use the PC as a MP-3 or as a T.V. through video and with the help of our project we can operate the PC from a long d"
GIAN-NIDHI,record 509,institution_name,non-breaking spaces,normalised text (raw value kept)," Priyadarshini Polytechnic, Nagpur","Priyadarshini Polytechnic, Nagpur"
GIAN-NIDHI,record 510,project_name,html entities,normalised text (raw value kept),Task Reminder &amp; Manager,Task Reminder & Manager
GIAN-NIDHI,record 510,abstract,html entities,normalised text (raw value kept),The software helps Elite to store the complete database of the client organization. The employee information is acquired from the client organization in the form of excel sheet. The software converts ,The software helps Elite to store the complete database of the client organization. The employee information is acquired from the client organization in the form of excel sheet. The software converts 
GIAN-NIDHI,record 511,institution_name,"mojibake, non-breaking spaces",normalised text (raw value kept),"Mahatma Education Society, PillaÃƒÂ¢Ã¢â€šÂ¬Ã¢â€žÂ¢s Polytechnic","Mahatma Education Society, Pilla's Polytechnic"
GIAN-NIDHI,record 512,institution_name,"mojibake, non-breaking spaces",normalised text (raw value kept), MaeerÃƒÂ¢Ã¢â€šÂ¬Ã¢â€žÂ¢s Sri Savitribai Phule Polytechnic Pune,Maeer's Sri Savitribai Phule Polytechnic Pune
GIAN-NIDHI,record 513,abstract,html entities,normalised text (raw value kept),"RSA Theory The problem Given N=pq where p and q are distinct primes ia[Eqn1] gcd(e,|O(n)=1 ia[Eqn2] c=me mod n, o i0 m&lt;n ia[Eqn3] ed i0 1 (mod | O (n) ia[Eqn4] Prove that m = cd mod o, 10 m &lt; n ","RSA Theory The problem Given N=pq where p and q are distinct primes ia[Eqn1] gcd(e,|O(n)=1 ia[Eqn2] c=me mod n, o i0 m<n ia[Eqn3] ed i0 1 (mod | O (n) ia[Eqn4] Prove that m = cd mod o, 10 m < n Basic "
GIAN-NIDHI,record 514,institution_name,non-breaking spaces,normalised text (raw value kept),"Government Polytechnic, Mumbai","Government Polytechnic, Mumbai"
GIAN-NIDHI,record 515,institution_name,non-breaking spaces,normalised text (raw value kept),"Government Polytechnic, Jalana","Government Polytechnic, Jalana"
GIAN-NIDHI,record 516,abstract,"html entities, mojibake",normalised text (raw value kept),The virtual mouse keyboard is based on the reorganization of the interruption of IR rays &amp; this interruption is displayed as the reflective character on the monitor by the interfacing software In ,The virtual mouse keyboard is based on the reorganization of the interruption of IR rays & this interruption is displayed as the reflective character on the monitor by the interfacing software In this
GIAN-NIDHI,record 519,abstract,html entities,normalised text (raw value kept),Water is that thing which save the human life or it can work as a disaster if it goes beyond our control and makes the unimagined losses of human &amp; animals life and also disturbs number of village,Water is that thing which save the human life or it can work as a disaster if it goes beyond our control and makes the unimagined losses of human & animals life and also disturbs number of villages an
GIAN-NIDHI,record 519,institution_name,non-breaking spaces,normalised text (raw value kept)," Govt. Polytechnic, Aurangabad","Govt. Polytechnic, Aurangabad"
GIAN-NIDHI,record 521,institution_name,non-breaking spaces,normalised text (raw value kept)," Govt. Polytechnic, Nanded","Govt. Polytechnic, Nanded"
GIAN-NIDHI,record 522,institution_name,non-breaking spaces,normalised text (raw value kept),"Shri Bhavubhai Mafatlal Polytechnic,Mumbai","Shri Bhavubhai Mafatlal Polytechnic, Mumbai"
GIAN-NIDHI,record 523,institution_name,non-breaking spaces,normalised text (raw value kept),"G. H. Raisoni Polytechnic, Nagpur","G. H. Raisoni Polytechnic, Nagpur"
GIAN-NIDHI,record 524,abstract,html entities,normalised text (raw value kept),"Our present model we proposed a construction of big pit. In this pit water is to be supplied after preliminary process such as SCREENING, AERATION is done. Screening is to avoid extra debris &amp; unw","Our present model we proposed a construction of big pit. In this pit water is to be supplied after preliminary process such as SCREENING, AERATION is done. Screening is to avoid extra debris & unwante"
GIAN-NIDHI,record 524,institution_name,non-breaking spaces,normalised text (raw value kept),"Govt. Polytechnic, Khamgaon","Govt. Polytechnic, Khamgaon"
GIAN-NIDHI,record 525,abstract,html entities,normalised text (raw value kept),"Actual process of production of bio-diesel from Jatropha seeds is carried out by the process such as, oil extraction from seed, trasesterification process &amp; the conversion of seed oil to bio-diese","Actual process of production of bio-diesel from Jatropha seeds is carried out by the process such as, oil extraction from seed, trasesterification process & the conversion of seed oil to bio-diesel. I"
GIAN-NIDHI,record 527,institution_name,non-breaking spaces,normalised text (raw value kept),"K.K.Wagh Polytechnic, Nasik","K.K.Wagh Polytechnic, Nasik"
GIAN-NIDHI,record 528,institution_name,"mojibake, non-breaking spaces",normalised text (raw value kept),"Premlila Vithaldas Polytechnic, S.N.D.T. WomenÃƒÂ¢Ã¢â€šÂ¬Ã¢â€žÂ¢s University","Premlila Vithaldas Polytechnic, S.N.D.T. Women's University"
GIAN-NIDHI,record 529,institution_name,non-breaking spaces,normalised text (raw value kept),"Govt. Polytechnic, Khamgaon","Govt. Polytechnic, Khamgaon"
GIAN-NIDHI,record 530,abstract,html entities,normalised text (raw value kept),Our project comprises of pH control &amp; conductivity monitoring pH is one of the essential element of water which is to be controlled. In our project PLC does the controlling process pH and conducti,Our project comprises of pH control & conductivity monitoring pH is one of the essential element of water which is to be controlled. In our project PLC does the controlling process pH and conductivity
GIAN-NIDHI,record 530,institution_name,non-breaking spaces,normalised text (raw value kept),Govt. Polytechnic Mumbai,Govt. Polytechnic Mumbai
GIAN-NIDHI,record 531,institution_name,non-breaking spaces,normalised text (raw value kept)," K. J. Somaiya polytechnic, Vidyanagar, Mumbai","K. J. Somaiya polytechnic, Vidyanagar, Mumbai"
GIAN-NIDHI,record 532,abstract,html entities,normalised text (raw value kept),"Now a days we all are facing a hazardous problems like air pollution, unsafe drinking water and so many to overcome these problems Ozone is the best solution on it. A complete disinfection of water in","Now a days we all are facing a hazardous problems like air pollution, unsafe drinking water and so many to overcome these problems Ozone is the best solution on it. A complete disinfection of water in"
GIAN-NIDHI,record 532,institution_name,non-breaking spaces,normalised text (raw value kept)," Govt. Residential Women's Polytechnic, Latur","Govt. Residential Women's Polytechnic, Latur"
GIAN-NIDHI,record 533,institution_name,non-breaking spaces,normalised text (raw value kept),"SMES Institute of Tech., Polytechnic, Nashik","SMES Institute of Tech., Polytechnic, Nashik"
GIAN-NIDHI,record 534,institution_name,non-breaking spaces,normalised text (raw value kept)," Thakur Polytechnic, Mumbai","Thakur Polytechnic, Mumbai"
GIAN-NIDHI,record 535,abstract,html entities,normalised text (raw value kept),It constists simply of wheel with a series of six sealed containers fastened around its rim hexagonally Diametrically opposite pairs of containers are connected by tubes a low boiling liquied like fre,It constists simply of wheel with a series of six sealed containers fastened around its rim hexagonally Diametrically opposite pairs of containers are connected by tubes a low boiling liquied like fre
GIAN-NIDHI,record 535,institution_name,non-breaking spaces,normalised text (raw value kept),"Govt. Polytechnic, Nanded","Govt. Polytechnic, Nanded"
GIAN-NIDHI,record 536,institution_name,non-breaking spaces,normalised text (raw value kept),"Govt. Polytechnic, Arvi","Govt. Polytechnic, Arvi"
GIAN-NIDHI,record 537,institution_name,non-breaking spaces,normalised text (raw value kept),"K. K. Wagh Polytechnic, Nashik","K. K. Wagh Polytechnic, Nashik"
GIAN-NIDHI,record 538,institution_name,non-breaking spaces,normalised text (raw value kept),"Govt. Polytechnic, Aurangabad","Govt. Polytechnic, Aurangabad"
GIAN-NIDHI,record 539,abstract,html entities,normalised text (raw value kept),"A gas kit has 3 diaphragms that work on pressure difference, which is due to engine suction stroke and pressure inside the high-pressure cylinder. Gas is supplied between first &amp; middle diaphragm.","A gas kit has 3 diaphragms that work on pressure difference, which is due to engine suction stroke and pressure inside the high-pressure cylinder. Gas is supplied between first & middle diaphragm. Mid"
GIAN-NIDHI,record 539,institution_name,non-breaking spaces,normalised text (raw value kept),"Amrutvahini Polytechnic, Automobile dept., A. Nagar","Amrutvahini Polytechnic, Automobile dept., A. Nagar"
GIAN-NIDHI,record 540,abstract,html entities,normalised text (raw value kept),We have developed a low cost solar water heater which can be made by the waste material. This water heater is easy to handle &amp; requires less space. The water heater because of its low cost (around,We have developed a low cost solar water heater which can be made by the waste material. This water heater is easy to handle & requires less space. The water heater because of its low cost (around Rs.
GIAN-NIDHI,record 540,institution_name,non-breaking spaces,normalised text (raw value kept),"Govt. Polytechnic, Miraj","Govt. Polytechnic, Miraj"
GIAN-NIDHI,record 541,institution_name,non-breaking spaces,normalised text (raw value kept),"Govt. Polytechnic, Osmanabad","Govt. Polytechnic, Osmanabad"
GIAN-NIDHI,record 542,abstract,html entities,normalised text (raw value kept),The most commonly solar cell is configured as a large area P-N junction made from silicon. When this cell is exposed to sunlight the photons striking the surface of the cell allows electrons to be kno,The most commonly solar cell is configured as a large area P-N junction made from silicon. When this cell is exposed to sunlight the photons striking the surface of the cell allows electrons to be kno
GIAN-NIDHI,record 544,abstract,html entities,normalised text (raw value kept),"Whenever a person approaches say to go upstairs, the weight sensors in between the path senses the weight of the person &amp; continues the trigger of the timer I.C. i.e. it triggers the timer I.C. &a","Whenever a person approaches say to go upstairs, the weight sensors in between the path senses the weight of the person & continues the trigger of the timer I.C. i.e. it triggers the timer I.C. & the "
GIAN-NIDHI,record 544,institution_name,non-breaking spaces,normalised text (raw value kept),"Govt. Polytechnic, Washim","Govt. Polytechnic, Washim"
GIAN-NIDHI,record 545,abstract,html entities,normalised text (raw value kept),"The main idea is not to reap energy from the sun but to collect &amp; store maximum amount of energy from it. Thus for maximum efficiency from solar power generation system, solar collection panel sho","The main idea is not to reap energy from the sun but to collect & store maximum amount of energy from it. Thus for maximum efficiency from solar power generation system, solar collection panel should "
GIAN-NIDHI,record 545,institution_name,non-breaking spaces,normalised text (raw value kept),"K. B. P. Polytechnic, Kopargaon","K. B. P. Polytechnic, Kopargaon"
GIAN-NIDHI,record 547,abstract,html entities,normalised text (raw value kept),This machine is the modification on previous machine. Previous m/c number of operators were more than one &amp; it was work by rotation provided by hand. In the modification an external wheel is provi,This machine is the modification on previous machine. Previous m/c number of operators were more than one & it was work by rotation provided by hand. In the modification an external wheel is provided 
GIAN-NIDHI,record 547,institution_name,non-breaking spaces,normalised text (raw value kept),"Government Polytechnic College, Nanded","Government Polytechnic College, Nanded"
GIAN-NIDHI,record 548,institution_name,non-breaking spaces,normalised text (raw value kept),D.Y. Patil Pratisthan's Y. B. Patil polytechnic,D.Y. Patil Pratisthan's Y. B. Patil polytechnic
GIAN-NIDHI,record 549,institution_name,"mojibake, non-breaking spaces",normalised text (raw value kept)," Premlila Vithaldas Polytechnic, SNDT WomenÃƒÂ¢Ã¢â€šÂ¬Ã¢â€žÂ¢s University","Premlila Vithaldas Polytechnic, SNDT Women's University"
GIAN-NIDHI,record 551,institution_name,non-breaking spaces,normalised text (raw value kept)," Government Polytechnic, Arvi , Dist-Wardha","Government Polytechnic, Arvi, Dist-Wardha"
GIAN-NIDHI,record 552,institution_name,non-breaking spaces,normalised text (raw value kept),Government Polytechnic Osmanabad,Government Polytechnic Osmanabad
GIAN-NIDHI,record 553,institution_name,non-breaking spaces,normalised text (raw value kept),"Thakur Polytechnic, Thakur complex, Kandiwali (east)","Thakur Polytechnic, Thakur complex, Kandiwali (east)"
GIAN-NIDHI,record 554,institution_name,non-breaking spaces,normalised text (raw value kept)," Priyadarshani Polytechnic, Nagpur","Priyadarshani Polytechnic, Nagpur"
GIAN-NIDHI,record 556,institution_name,non-breaking spaces,normalised text (raw value kept)," K. B. P. Polytechnic, Kopargaon.","K. B. P. Polytechnic, Kopargaon"
GIAN-NIDHI,record 557,institution_name,non-breaking spaces,normalised text (raw value kept),Government Polytechnic Nashik,Government Polytechnic Nashik
GIAN-NIDHI,record 558,abstract,"html entities, mojibake",normalised text (raw value kept),"In the totally technical and fast paced world man is the only being looking at ways and means for saving energy, time and money in terms of expenses in his professional life. Moreover you canÃƒÂ¢Ã¢â€š","In the totally technical and fast paced world man is the only being looking at ways and means for saving energy, time and money in terms of expenses in his professional life. Moreover you can't expect"
GIAN-NIDHI,record 558,institution_name,"mojibake, non-breaking spaces",normalised text (raw value kept),"Premlila Vithaldas , Polytechnic S.N.D.T. WomenÃƒÂ¢Ã¢â€šÂ¬Ã¢â€žÂ¢s University, Juhu, mumbai","Premlila Vithaldas, Polytechnic S.N.D.T. Women's University, Juhu, mumbai"
GIAN-NIDHI,record 559,abstract,html entities,normalised text (raw value kept),"With nothing more than a few pieces of plumbing &amp; a source of compressed air , we build a remarkable simple device for attaining moderately low temperature. Vortex tube is a simple device operatin","With nothing more than a few pieces of plumbing & a source of compressed air , we build a remarkable simple device for attaining moderately low temperature. Vortex tube is a simple device operating as"
GIAN-NIDHI,record 559,institution_name,non-breaking spaces,normalised text (raw value kept),"Priyadarshini Polytechnic , Nagpur","Priyadarshini Polytechnic, Nagpur"
GIAN-NIDHI,record 560,abstract,html entities,normalised text (raw value kept),Today the world is moving rapidly towards automation. Be it in industries or institution or other work areas the need of automation is becoming essential. Understanding need of same in the agriculture,Today the world is moving rapidly towards automation. Be it in industries or institution or other work areas the need of automation is becoming essential. Understanding need of same in the agriculture
GIAN-NIDHI,record 560,institution_name,non-breaking spaces,normalised text (raw value kept),"K.B.P. Polytechnic, Kopargaon","K.B.P. Polytechnic, Kopargaon"
GIAN-NIDHI,record 561,abstract,html entities,normalised text (raw value kept),"Sound energy is well known to have a healing potential on physical, mental &amp; spiritual aspect of the individual to retire in the state of harmony &amp; thought when the use of sound frequency is w","Sound energy is well known to have a healing potential on physical, mental & spiritual aspect of the individual to retire in the state of harmony & thought when the use of sound frequency is within to"
GIAN-NIDHI,record 561,institution_name,non-breaking spaces,normalised text (raw value kept),"K.J.Somaiya Polytechnic, Mumbai","K.J.Somaiya Polytechnic, Mumbai"
GIAN-NIDHI,record 562,institution_name,non-breaking spaces,normalised text (raw value kept),"Government Polytechnic, Aurangabad","Government Polytechnic, Aurangabad"
GIAN-NIDHI,record 563,abstract,"html entities, mojibake, line breaks",normalised text (raw value kept),"Physician's chair is a project, which will help handicap as will as normal person to be their own physician &amp; measure basic parameter of their body automatically &amp; save it into the computer . ","Physician's chair is a project, which will help handicap as will as normal person to be their own physician & measure basic parameter of their body automatically & save it into the computer . quantiti"
GIAN-NIDHI,record 564,abstract,"html entities, mojibake",normalised text (raw value kept),This project is used for application of the Electronics Knowledge in to the real world.RF ID BASED POSITION LOCATORY SYSTEM which help in finding the location of the TRANSMETER Which will be away from,This project is used for application of the Electronics Knowledge in to the real world.RF ID BASED POSITION LOCATORY SYSTEM which help in finding the location of the TRANSMETER Which will be away from
GIAN-NIDHI,record 564,institution_name,mojibake,normalised text (raw value kept),"Premlila Vithaldas Polytechnic , S.N.D.T. WomanÃƒÂ¢Ã¢â€šÂ¬Ã¢â€žÂ¢s University.","Premlila Vithaldas Polytechnic, S.N.D.T. Woman's University"
GIAN-NIDHI,record 565,abstract,html entities,normalised text (raw value kept),SPARSH is an adaptive device that has been designed to meet the needs of blind &amp; blind- deaf students in today's environment. It is also a complete Braille device for Braille learners &amp; their ,SPARSH is an adaptive device that has been designed to meet the needs of blind & blind- deaf students in today's environment. It is also a complete Braille device for Braille learners & their teacher.
GIAN-NIDHI,record 565,institution_name,non-breaking spaces,normalised text (raw value kept)," Premlila Vithaldas Polytechnic, SNDT Woman's University.","Premlila Vithaldas Polytechnic, SNDT Woman's University"
GIAN-NIDHI,record 566,institution_name,non-breaking spaces,normalised text (raw value kept)," K.K.Wagh Polytechnic, Nashik","K.K.Wagh Polytechnic, Nashik"
GIAN-NIDHI,record 571,institution_name,non-breaking spaces,normalised text (raw value kept),"Priyadarshani Polytechnic, Nagpur","Priyadarshani Polytechnic, Nagpur"
GIAN-NIDHI,record 572,abstract,mojibake,normalised text (raw value kept),"Computers and the western world is one and same thing, but we can't say the relation between computers and the Asian World or India for that matter. The dependability of we Indian's on the western wor","Computers and the western world is one and same thing, but we can't say the relation between computers and the Asian World or India for that matter. The dependability of we Indian's on the western wor"
GIAN-NIDHI,record 573,institution_name,non-breaking spaces,normalised text (raw value kept)," Sardar Vallabhai patel Polytechnic, Mumbai","Sardar Vallabhai patel Polytechnic, Mumbai"
GIAN-NIDHI,record 573,Abstracts,placeholder value,set to empty,not available,
GIAN-NIDHI,record 574,institution_name,non-breaking spaces,normalised text (raw value kept)," K.B.P. Polytechnic, Kopargaon","K.B.P. Polytechnic, Kopargaon"
GIAN-NIDHI,record 575,abstract,html entities,normalised text (raw value kept),Vacuum Pick and place system is a material handling device using pneumatic circuit. This circuit is fully automated by using 3 solonoid valves which either fully open or are fully closed. A venturimet,Vacuum Pick and place system is a material handling device using pneumatic circuit. This circuit is fully automated by using 3 solonoid valves which either fully open or are fully closed. A venturimet
GIAN-NIDHI,record 576,abstract,html entities,normalised text (raw value kept),"The project is basically divided into to two major units, 1. Temperature sensing and transmitting. 2. Receiving &amp; Displaying","The project is basically divided into to two major units, 1. Temperature sensing and transmitting. 2. Receiving & Displaying"
GIAN-NIDHI,record 581,institution_name,non-breaking spaces,normalised text (raw value kept),"Sardar Vallabhbhai Patel Polytechnic, Boriwali West, Mumbai","Sardar Vallabhbhai Patel Polytechnic, Boriwali West, Mumbai"
GIAN-NIDHI,record 582,project_name,non-breaking spaces,normalised text (raw value kept),A Study Of Work-culture In Polytechnic Environment,A Study Of Work-culture In Polytechnic Environment
GIAN-NIDHI,record 583,project_name,non-breaking spaces,normalised text (raw value kept),Student S Workculture In Polytechnic Environment,Student S Workculture In Polytechnic Environment
GIAN-NIDHI,record 584,project_name,non-breaking spaces,normalised text (raw value kept),Polytechnic Education An Appraisal,Polytechnic Education An Appraisal
GIAN-NIDHI,record 585,project_name,non-breaking spaces,normalised text (raw value kept),Study Of Work Culture Of Polytechnic Teachers,Study Of Work Culture Of Polytechnic Teachers
GIAN-NIDHI,record 587,institution_name,non-breaking spaces,normalised text (raw value kept),Shri Bagubhai Mafatlal Polytechnic,Shri Bagubhai Mafatlal Polytechnic
GIAN-NIDHI,record 590,project_name,non-breaking spaces,normalised text (raw value kept),A Study On The Development Of Appropriate Strategies For Effective Functioning Of CommunityPolytechnic In Jharkhand,A Study On The Development Of Appropriate Strategies For Effective Functioning Of CommunityPolytechnic In Jharkhand
GIAN-NIDHI,record 591,institution_name,non-breaking spaces,normalised text (raw value kept)," Government Polytechnic, Bhuj,","Government Polytechnic, Bhuj"
GIAN-NIDHI,record 592,abstract,html entities,normalised text (raw value kept),"The current statistics and forecast by experts, we would have a whooping 2.5 million cars added on the Indian roads every year. But today's car population growth is at 8% every year. The rate of growt","The current statistics and forecast by experts, we would have a whooping 2.5 million cars added on the Indian roads every year. But today's car population growth is at 8% every year. The rate of growt"
GIAN-NIDHI,record 592,institution_name,non-breaking spaces,normalised text (raw value kept),"Govt. Polytechnic, Himatnagar","Govt. Polytechnic, Himatnagar"
GIAN-NIDHI,record 593,institution_name,non-breaking spaces,normalised text (raw value kept),"Vidyabharti Trust Polytechnic, Umrakh ,Bardoli, Surat","Vidyabharti Trust Polytechnic, Umrakh, Bardoli, Surat"
GIAN-NIDHI,record 594,institution_name,non-breaking spaces,normalised text (raw value kept),"Vidyabharti Trust Polytechnic, Umrakh ,Bardoli, Surat","Vidyabharti Trust Polytechnic, Umrakh, Bardoli, Surat"
GIAN-NIDHI,record 596,institution_name,non-breaking spaces,normalised text (raw value kept),Bhagvan Mahavir Polytechnic,Bhagvan Mahavir Polytechnic
GIAN-NIDHI,record 597,abstract,html entities,normalised text (raw value kept),Time attendance system and access control systems have become the most important part of the companies and large-scale industries including educational institutions. In conventional system musters wer,Time attendance system and access control systems have become the most important part of the companies and large-scale industries including educational institutions. In conventional system musters wer
GIAN-NIDHI,record 598,institution_name,non-breaking spaces,normalised text (raw value kept),Bhagvan Mahavir Polytechnic,Bhagvan Mahavir Polytechnic
GIAN-NIDHI,record 599,institution_name,non-breaking spaces,normalised text (raw value kept),Bhagvan Mahavir Polytechnic,Bhagvan Mahavir Polytechnic
GIAN-NIDHI,record 604,institution_name,non-breaking spaces,normalised text (raw value kept),Bhagvan Mahavir Polytechnic,Bhagvan Mahavir Polytechnic
GIAN-NIDHI,record 606,institution_name,non-breaking spaces,normalised text (raw value kept), Bhagvan Mahavir Polytechnic,Bhagvan Mahavir Polytechnic
GIAN-NIDHI,record 608,abstract,html entities,normalised text (raw value kept),a brushless motor is constructed with permanent magnet rotor &amp; wire wound stator poles. Electrical energy is converted in to mechanical energy by attractive magnetic force b/w permanenet magnet an,a brushless motor is constructed with permanent magnet rotor & wire wound stator poles. Electrical energy is converted in to mechanical energy by attractive magnetic force b/w permanenet magnet and ro
GIAN-NIDHI,record 615,institution_name,non-breaking spaces,normalised text (raw value kept),Bhagvan Mahavir Polytechnic,Bhagvan Mahavir Polytechnic
GIAN-NIDHI,record 616,institution_name,non-breaking spaces,normalised text (raw value kept),Bhagvan Mahavir Polytechnic,Bhagvan Mahavir Polytechnic
GIAN-NIDHI,record 617,institution_name,non-breaking spaces,normalised text (raw value kept),Bhagvan Mahavir Polytechnic,Bhagvan Mahavir Polytechnic
GIAN-NIDHI,record 618,institution_name,non-breaking spaces,normalised text (raw value kept),Bhagvan Mahavir Polytechnic,Bhagvan Mahavir Polytechnic
GIAN-NIDHI,record 619,institution_name,non-breaking spaces,normalised text (raw value kept),Bhagvan Mahavir Polytechnic,Bhagvan Mahavir Polytechnic
GIAN-NIDHI,record 620,abstract,html entities,normalised text (raw value kept),This system manages the complete functioning of a Construction Company having its site at different locations. It has modules like CRM- which will take care of all the inquiries &amp; bookings of the ,This system manages the complete functioning of a Construction Company having its site at different locations. It has modules like CRM- which will take care of all the inquiries & bookings of the resp
GIAN-NIDHI,record 620,institution_name,non-breaking spaces,normalised text (raw value kept),Bhagvan Mahavir Polytechnic,Bhagvan Mahavir Polytechnic
GIAN-NIDHI,record 622,institution_name,non-breaking spaces,normalised text (raw value kept),Bhagvan Mahavir Polytechnic,Bhagvan Mahavir Polytechnic
GIAN-NIDHI,record 623,institution_name,non-breaking spaces,normalised text (raw value kept),Bhagvan Mahavir Polytechnic,Bhagvan Mahavir Polytechnic
GIAN-NIDHI,record 623,Project Name,placeholder value,"kept, flagged",Not available,
GIAN-NIDHI,record 624,institution_name,non-breaking spaces,normalised text (raw value kept),Bhagvan Mahavir Polytechnic,Bhagvan Mahavir Polytechnic
GIAN-NIDHI,record 625,institution_name,non-breaking spaces,normalised text (raw value kept),Bhagvan Mahavir Polytechnic,Bhagvan Mahavir Polytechnic
GIAN-NIDHI,record 626,institution_name,non-breaking spaces,normalised text (raw value kept),Bhagvan Mahavir Polytechnic,Bhagvan Mahavir Polytechnic
GIAN-NIDHI,record 627,institution_name,non-breaking spaces,normalised text (raw value kept),Bhagvan Mahavir Polytechnic,Bhagvan Mahavir Polytechnic
GIAN-NIDHI,record 627,Project Name,placeholder value,"kept, flagged",Not available,
GIAN-NIDHI,record 628,institution_name,non-breaking spaces,normalised text (raw value kept),Bhagvan Mahavir Polytechnic,Bhagvan Mahavir Polytechnic
GIAN-NIDHI,record 628,Project Name,placeholder value,"kept, flagged",Not available,
GIAN-NIDHI,record 629,institution_name,non-breaking spaces,normalised text (raw value kept),Bhagvan Mahavir Polytechnic,Bhagvan Mahavir Polytechnic
GIAN-NIDHI,record 629,Project Name,placeholder value,"kept, flagged",Not available,
GIAN-NIDHI,record 630,institution_name,non-breaking spaces,normalised text (raw value kept),Bhagvan Mahavir Polytechnic,Bhagvan Mahavir Polytechnic
GIAN-NIDHI,record 630,Project Name,placeholder value,"kept, flagged",Not available,
GIAN-NIDHI,record 631,institution_name,non-breaking spaces,normalised text (raw value kept),Bhagvan Mahavir Polytechnic,Bhagvan Mahavir Polytechnic
GIAN-NIDHI,record 631,Project Name,placeholder value,"kept, flagged",Not available,
GIAN-NIDHI,record 632,institution_name,non-breaking spaces,normalised text (raw value kept),Bhagvan Mahavir Polytechnic,Bhagvan Mahavir Polytechnic
GIAN-NIDHI,record 632,Project Name,placeholder value,"kept, flagged",Not available,
GIAN-NIDHI,record 633,institution_name,non-breaking spaces,normalised text (raw value kept),Bhagvan Mahavir Polytechnic,Bhagvan Mahavir Polytechnic
GIAN-NIDHI,record 633,Project Name,placeholder value,"kept, flagged",Not available,
GIAN-NIDHI,record 634,institution_name,non-breaking spaces,normalised text (raw value kept),Bhagvan Mahavir Polytechnic,Bhagvan Mahavir Polytechnic
GIAN-NIDHI,record 635,abstract,non-breaking spaces,normalised text (raw value kept),"A geo-fence could be dynamically generated—as in a radius around a store or point location. Or a geo-fence can be a predefined set of boundaries, like school attendance zones or neighborhood boundarie","A geo-fence could be dynamically generated—as in a radius around a store or point location. Or a geo-fence can be a predefined set of boundaries, like school attendance zones or neighborhood boundarie"
GIAN-NIDHI,record 635,institution_name,non-breaking spaces,normalised text (raw value kept),Bhagvan Mahavir Polytechnic,Bhagvan Mahavir Polytechnic
GIAN-NIDHI,record 636,institution_name,non-breaking spaces,normalised text (raw value kept),Bhagvan Mahavir Polytechnic,Bhagvan Mahavir Polytechnic
GIAN-NIDHI,record 637,institution_name,non-breaking spaces,normalised text (raw value kept),Bhagvan Mahavir Polytechnic,Bhagvan Mahavir Polytechnic
GIAN-NIDHI,record 637,Project Name,placeholder value,"kept, flagged",not available,
GIAN-NIDHI,record 638,institution_name,non-breaking spaces,normalised text (raw value kept),Bhagvan Mahavir Polytechnic,Bhagvan Mahavir Polytechnic
GIAN-NIDHI,record 638,Project Name,placeholder value,"kept, flagged",not available,
GIAN-NIDHI,record 639,abstract,html entities,normalised text (raw value kept),"Our aim is to make a pedal power hack saw which operates on manual power , no need electricity for running this machine .The pedal power hack saw machine is generally operate in wood cutting industry ","Our aim is to make a pedal power hack saw which operates on manual power , no need electricity for running this machine .The pedal power hack saw machine is generally operate in wood cutting industry "
GIAN-NIDHI,record 639,institution_name,non-breaking spaces,normalised text (raw value kept),Bhagvan Mahavir Polytechnic,Bhagvan Mahavir Polytechnic
GIAN-NIDHI,record *,College Status,reviewed institution variants,merged: Same institution name; Kopargaon/Kopergaon is a spelling variant of the same town.,"K.B.P. Polytechnic, Kopargaon | K. B.P. POLYTECHNIC KOPERGAON",
GIAN-NIDHI,record *,College Status,reviewed institution variants,merged: 'Nandad' is a one-letter misspelling of Nanded; generic name but same city.,"Govt. Polytechnic, Nanded | Government polytechnic Nandad",
GIAN-NIDHI,record *,College Status,reviewed institution variants,merged: Same name and city; 'Polytechnique' and truncated 'Latu' are typing variants.,"Govt. Residential Women's Polytechnic, Latur | Government Residential Women's Polytechnique Latur | Government Residential Woman's Polytechnic, Latu",
GIAN-NIDHI,record *,College Status,reviewed institution variants,merged: Distinctive proper-name institution; variants differ only by abbreviation/spelling; no conflicting location.,"Jawaharlal Darda Institute of Engg and Tech. Yavatmal | Jawaharlal Darda Institute of Engg. & Tech | Jawarhlal Darda Institute of Engg and technology, Yavatmal | Jawaharlal Darda Institue of Engineeri",
GIAN-NIDHI,record *,College Status,reviewed institution variants,merged: Distinctive name; Nasik/Nashik spelling; 'Polytechni' truncated. NOTE: 'K. K. Wagh Women's Polytechnic' is a different institution and is NOT merged.,"K. K. Wagh Polytechnic, Nashik | K.K. Wagh Polytechnic, NASIK | K.K.Wagh Polytechnic, Nashik -3 | K.K.W. Polytechnic, Nasik – 3 | K. K. Wagh Polytechnic | K. K. Wagh Polytechni",
GIAN-NIDHI,record *,College Status,reviewed look-alike institutions (keep_separate),NOT merged: Similar strings but different cities (Arvi vs Amravati).,"Govt. Polytechnic, Arvi | Govt. Polytechnic, Amravati",
GIAN-NIDHI,record *,College Status,reviewed institution variants,"merged: Same generic name and same city (Arvi, Wardha district).","Govt. Polytechnic, Arvi | Government Polytechnic, Arvi, Dist- Wardha | Govt. Polytechnic, Arvi, Wardha",
GIAN-NIDHI,record *,College Status,reviewed institution variants,merged: Same distinctive name; SNDT/S.N.D.T. and Woman's/Women's/Premila are spelling variants.,"Premlila Vithaldas Polytechnic, S.N.D.T. Woman's University | Premlila Vithaldas Polytechnic, SNDT Women's University | Premila Vithaldas Polytechnic, S.N.D.T. Woman's university",
GIAN-NIDHI,record *,College Status,reviewed institution variants,merged: Same name and city; one-letter spelling variant.,"Priyadarshani Polytechnic, Nagpur | Priyadarshini Polytechnic, Nagpur",
GIAN-NIDHI,record *,College Status,reviewed institution variants,merged: Nasik/Nashik spelling of the same city.,"Government Polytechnic, Nasik | Government Polytechnic, Nashik",
GIAN-NIDHI,record *,College Status,reviewed institution variants,merged: 'Jalana' misspelling of Jalna.,"Govt. Polytechnic Jalna | Government Polytechnic, Jalana",
GIAN-NIDHI,record *,College Status,reviewed look-alike institutions (keep_separate),NOT merged: Different cities (Jalgaon vs Jalna).,"Government polytechnic, Jalgaon | Govt. Polytechnic Jalna",
GIAN-NIDHI,record *,College Status,reviewed institution variants,merged: Same acronym; Budhgaon spelling variants.,P.V.P.I.T. – Budhghon | P.V.P.I.T. Budhgaon | P. V. P. I. T. Budhagaon,
GIAN-NIDHI,record *,College Status,reviewed institution variants,merged: Same name; spelling variants of Budhgaon.,"P.V.P Institute of technology Budhagaon | P.V.P.Institute of Technology, Budhgaon",
GIAN-NIDHI,record *,College Status,reviewed institution variants,merged: Same name and town; spelling/abbreviation variants.,"Padambhushan Vasantrao Patil Institute of technology, Budhgaon | Padmabhooshan Vasantrao Patil Inst.of Tech., Budhgaon",
GIAN-NIDHI,record *,College Status,reviewed institution variants,merged: Same name and town; spelling variants.,"Padmabhushan Vasantraodada Patil Institute of technology, Budhgaon, Sangli | Padmabhooshan Vasantraodada Patil Institute Of Technology Budhgaon Sangli",
GIAN-NIDHI,record *,College Status,reviewed look-alike institutions (unresolved),"NOT merged: The acronym matches the initials of the full name and the town matches, but the expansion is an inference (and 'Vasantrao' vs 'Vasantraodada' differ). Kept separate, flagged possible_same_as.","P.V.P.I.T. Budhgaon | Padmabhooshan Vasantraodada Patil Institute Of Technology Budhgaon Sangli | Padambhushan Vasantrao Patil Institute of technology, Budhgaon | P.V.P Institute of technology Budhaga",
GIAN-NIDHI,record *,College Status,reviewed look-alike institutions (unresolved),"NOT merged: Probably a typo (Bhavubhai/Bhagubhai), but a different first name could denote a different trust; kept separate, flagged.","Shri Bhavubhai Mafatlal Polytechnic, Mumbai | Shri Bhagubhai Mafatlal Polytechnic, Mumbai",
GIAN-NIDHI,record *,College Status,reviewed look-alike institutions (keep_separate),NOT merged: Different initials (Y.B. vs D.Y.); could be different institutions in the same locality.,"Y.B. Patil Polytechnic, Akurdi, Pune - 44 | D. Y. Patil Polytechnic, Akurdi Pune",
GIAN-NIDHI,record *,College Status,reviewed institution variants,merged: Same name and town; 'Polytecnic' typo.,"Amrutvahini Polytecnic, Sangamner | Amrutvahini Polytechnic, Sangamner | Amrutvahini Polytechnic. Sangamner",
GIAN-NIDHI,record *,College Status,reviewed institution variants,merged: Himatnagar/Himmatnagar spelling of the same town.,"Govt. Polytechnic, Himatnagar | Govt. Polytechnic, Himmatnagar",
GIAN-NIDHI,record *,College Status,reviewed institution variants,merged: Same name and town; Institute/Institution variant.,"Institute of Civil and Rural Engineering, Gargoti | Institution of civil & rural engineering Gargoti",
GIAN-NIDHI,record *,College Status,reviewed institution variants,merged: Same distinctive name and city (Amaravati/Amravati spelling).,"Panjabrao Deshmukh Polytechnic, Amaravati | Dr. Panjabrao Deshmukh Polytechnic, Amravati",
GIAN-NIDHI,record *,College Status,reviewed institution variants,merged: Same name and city; 'Z.T.C.' is an additional locality qualifier.,"Shri Sant Gadge Baba College of Engg. & Technology, Z.T.C. Bhusawal | Shri Sant Gadge Baba College of Engineering & Technology, Bhusawal",
GIAN-NIDHI,record *,College Status,reviewed institution variants,"merged: Distinctive proper-name institution; one variant omits the city, no conflict.","K. J. Somaiya Polytechnic, Mumbai | K. J. Somaiya Polytechnic",
GIAN-NIDHI,record 2,College Status,institution name variant,mapped to canonical name,"G.H .Raisoni polytechnic, Nagpur","G. H. Raisoni polytechnic, Nagpur"
GIAN-NIDHI,record 4,College Status,institution name variant,mapped to canonical name,Government Polytechnic Miraj,"Government Polytechnic, Miraj"
GIAN-NIDHI,record 9,College Status,institution name variant,mapped to canonical name,"Gramin Polytechnic Vishnupuri, Nanded","Gramin Polytechnic, Vishnupuri, Nanded"
GIAN-NIDHI,record 10,College Status,institution name variant,mapped to canonical name,"Government Polytechnic, Aurangabad","Govt. Polytechnic, Aurangabad"
GIAN-NIDHI,record 14,College Status,institution name variant,mapped to canonical name,"Government Polytechnic, Ahmednagar","Govt. Polytechnic, Ahmednagar"
GIAN-NIDHI,record 16,College Status,institution name variant,mapped to canonical name,Government Polytechnic Pune,Government polytechnic Pune
GIAN-NIDHI,record 26,College Status,institution name variant,mapped to canonical name,Sahyadri Polytechnic Sawarde,Sahyadri polytechnic Sawarde
GIAN-NIDHI,record 34,College Status,institution name variant,mapped to canonical name,"Government Polytechnic, Jalna","Government Polytechnic, Jalana"
GIAN-NIDHI,record 35,College Status,institution name variant,mapped to canonical name,"Government Residential Woman's Polytechnic, Latur","Govt. Residential Women's Polytechnic, Latur"
GIAN-NIDHI,record 39,College Status,institution name variant,mapped to canonical name,S.E.S. Polytechnic Solapur,"S. E. S. Polytechnic, Solapur"
GIAN-NIDHI,record 46,College Status,institution name variant,mapped to canonical name,"K.B.P. POLYTECHNIC, KOPARGAON","K.B.P. Polytechnic, Kopargaon"
GIAN-NIDHI,record 54,College Status,institution name variant,mapped to canonical name,Premlila Vithaldas Polytechnic S.N.D.T. Women's University,"Premlila Vithaldas Polytechnic, SNDT Women's University"
GIAN-NIDHI,record 55,College Status,institution name variant,mapped to canonical name,Walchand College of Engg. Sangli,"Walchand college of engineering, Sangli"
GIAN-NIDHI,record 56,College Status,institution name variant,mapped to canonical name,"K.K.Wagh Polytechnic, Nashik","K. K. Wagh Polytechnic, Nashik"
GIAN-NIDHI,record 57,College Status,institution name variant,mapped to canonical name,Amrutvahini Polytechnic. Sangamner,"Amrutvahini Polytechnic, Sangamner"
GIAN-NIDHI,record 59,College Status,institution name variant,mapped to canonical name,"Government Polytechnic, Ahmednager","Govt. Polytechnic, Ahmednagar"
GIAN-NIDHI,record 62,College Status,institution name variant,mapped to canonical name,"S.E.S. Polytechnic, Solapur","S. E. S. Polytechnic, Solapur"
GIAN-NIDHI,record 65,College Status,institution name variant,mapped to canonical name,"Government Polytechnic, Nanded","Govt. Polytechnic, Nanded"
GIAN-NIDHI,record 66,College Status,institution name variant,mapped to canonical name,"Government Polytechnic, Dhule","Government polytechnic, Dhule"
GIAN-NIDHI,record 67,College Status,institution name variant,mapped to canonical name,"G. H. Raisoni Polytechnic, Nagpur","G. H. Raisoni polytechnic, Nagpur"
GIAN-NIDHI,record 69,College Status,institution name variant,mapped to canonical name,K. B.P. POLYTECHNIC KOPERGAON,"K.B.P. Polytechnic, Kopargaon"
GIAN-NIDHI,record 71,College Status,institution name variant,mapped to canonical name,Government Polytechnic Khamgaon,"Govt. Polytechnic, Khamgaon"
GIAN-NIDHI,record 75,College Status,institution name variant,mapped to canonical name,"K.K.W. Polytechnic, Nasik – 3","K. K. Wagh Polytechnic, Nashik"
GIAN-NIDHI,record 76,College Status,institution name variant,mapped to canonical name,"Government Polytechnic, Arvi, Dist- Wardha","Govt. Polytechnic, Arvi"
GIAN-NIDHI,record 78,College Status,institution name variant,mapped to canonical name,Government Polytechnic Osmanabad,"Govt. Polytechnic, Osmanabad"
GIAN-NIDHI,record 80,College Status,institution name variant,mapped to canonical name,"Priyadarshani Polytechnic, Nagpur","Priyadarshini Polytechnic, Nagpur"
GIAN-NIDHI,record 83,College Status,institution name variant,mapped to canonical name,"K. B. P. Polytechnic, Kopargaon","K.B.P. Polytechnic, Kopargaon"
GIAN-NIDHI,record 87,College Status,institution name variant,mapped to canonical name,K. K. Wagh Polytechnic,"K. K. Wagh Polytechnic, Nashik"
GIAN-NIDHI,record 88,College Status,institution name variant,mapped to canonical name,"Govt. Polytechnic, Solapur","Government Polytechnic, Solapur"
GIAN-NIDHI,record 91,College Status,institution name variant,mapped to canonical name,"G. H. Raisoni Polytechnic, Nagpur","G. H. Raisoni polytechnic, Nagpur"
GIAN-NIDHI,record 94,College Status,institution name variant,mapped to canonical name,Government Polytechnic Khamgaon,"Govt. Polytechnic, Khamgaon"
GIAN-NIDHI,record 98,College Status,institution name variant,mapped to canonical name,"K.K.W. Polytechnic, Nasik – 3","K. K. Wagh Polytechnic, Nashik"
GIAN-NIDHI,record 99,College Status,institution name variant,mapped to canonical name,"Government Polytechnic, Arvi, Dist- Wardha","Govt. Polytechnic, Arvi"
GIAN-NIDHI,record 101,College Status,institution name variant,mapped to canonical name,Government Polytechnic Osmanabad,"Govt. Polytechnic, Osmanabad"
GIAN-NIDHI,record 103,College Status,institution name variant,mapped to canonical name,"Priyadarshani Polytechnic, Nagpur","Priyadarshini Polytechnic, Nagpur"
GIAN-NIDHI,record 106,College Status,institution name variant,mapped to canonical name,"K. B. P. Polytechnic, Kopargaon","K.B.P. Polytechnic, Kopargaon"
GIAN-NIDHI,record 133,College Status,institution name variant,mapped to canonical name,"Panjabrao Deshmukh Polytechnic, Amaravati","Dr. Panjabrao Deshmukh Polytechnic, Amravati"
GIAN-NIDHI,record 137,College Status,institution name variant,mapped to canonical name,Govt. Polytechnic Jalna,"Government Polytechnic, Jalana"
GIAN-NIDHI,record 138,College Status,institution name variant,mapped to canonical name,"Govt. Polytechnic, Nasik","Government Polytechnic, Nashik"
GIAN-NIDHI,record 139,College Status,institution name variant,mapped to canonical name,"K.J.Somaiya Polytechnic, Mumbai","K. J. Somaiya Polytechnic, Mumbai"
GIAN-NIDHI,record 145,College Status,institution name variant,mapped to canonical name,"K.K. Wagh Polytechnic, NASIK","K. K. Wagh Polytechnic, Nashik"
GIAN-NIDHI,record 149,College Status,institution name variant,mapped to canonical name,Govt. Polytechnic Khamgaon,"Govt. Polytechnic, Khamgaon"
GIAN-NIDHI,record 150,College Status,institution name variant,mapped to canonical name,K. J. Somaiya Polytechnic,"K. J. Somaiya Polytechnic, Mumbai"
GIAN-NIDHI,record 151,College Status,institution name variant,mapped to canonical name,"Government polytechnic, washim","Government Polytechnic, Washim"
GIAN-NIDHI,record 153,College Status,institution name variant,mapped to canonical name,Govt. Polytechnic Khamgaon,"Govt. Polytechnic, Khamgaon"
GIAN-NIDHI,record 154,College Status,institution name variant,mapped to canonical name,K. J. Somaiya Polytechnic,"K. J. Somaiya Polytechnic, Mumbai"
GIAN-NIDHI,record 155,College Status,institution name variant,mapped to canonical name,"Government polytechnic, washim","Government Polytechnic, Washim"
GIAN-NIDHI,record 156,College Status,institution name variant,mapped to canonical name,Government Polytechnic Aurangabad,"Govt. Polytechnic, Aurangabad"
GIAN-NIDHI,record 158,College Status,institution name variant,mapped to canonical name,"S. R. G. S I. O. T Hadapsar, Pune","S.R.G.S. I.O.T. HADAPSAR, PUNE"
GIAN-NIDHI,record 161,College Status,institution name variant,mapped to canonical name,S. E. S. Polytechnic Solapur,"S. E. S. Polytechnic, Solapur"
GIAN-NIDHI,record 176,College Status,institution name variant,mapped to canonical name,Government Polytechnic Nashik,"Government Polytechnic, Nashik"
GIAN-NIDHI,record 178,College Status,institution name variant,mapped to canonical name,"P.V.P.Institute of Technology, Budhgaon",P.V.P Institute of technology Budhagaon
GIAN-NIDHI,record 182,College Status,institution name variant,mapped to canonical name,"K.J.Somaiya Polytechnic, Mumbai","K. J. Somaiya Polytechnic, Mumbai"
GIAN-NIDHI,record 184,College Status,institution name variant,mapped to canonical name,"Government Polytechnic, Aurangabad","Govt. Polytechnic, Aurangabad"
GIAN-NIDHI,record 185,College Status,institution name variant,mapped to canonical name,"Padmabhushan Vasantraodada Patil Institute of technology, Budhgaon, Sangli",Padmabhooshan Vasantraodada Patil Institute Of Technology Budhgaon Sangli
GIAN-NIDHI,record 186,College Status,institution name variant,mapped to canonical name,"Premila Vithaldas Polytechnic, S.N.D.T. Woman's university","Premlila Vithaldas Polytechnic, SNDT Women's University"
GIAN-NIDHI,record 187,College Status,institution name variant,mapped to canonical name,"Premlila Vithaldas Polytechnic, S.N.D.T. Woman's University","Premlila Vithaldas Polytechnic, SNDT Women's University"
GIAN-NIDHI,record 188,College Status,institution name variant,mapped to canonical name,"Premlila Vithaldas Polytechnic, SNDT Woman's University","Premlila Vithaldas Polytechnic, SNDT Women's University"
GIAN-NIDHI,record 189,College Status,institution name variant,mapped to canonical name,"K.K.Wagh Polytechnic, Nashik","K. K. Wagh Polytechnic, Nashik"
GIAN-NIDHI,record 190,College Status,institution name variant,mapped to canonical name,Thakur Polytechnic Mumbai,"Thakur Polytechnic, Mumbai"
GIAN-NIDHI,record 192,College Status,institution name variant,mapped to canonical name,K.J. SOMAIYA POLYTECHNIC,"K. J. Somaiya Polytechnic, Mumbai"
GIAN-NIDHI,record 195,College Status,institution name variant,mapped to canonical name,Walchand College of Engineering Sangli,"Walchand college of engineering, Sangli"
GIAN-NIDHI,record 196,College Status,institution name variant,mapped to canonical name,"Priyadarshani Polytechnic, Nagpur","Priyadarshini Polytechnic, Nagpur"
GIAN-NIDHI,record 200,College Status,institution name variant,mapped to canonical name,K.B.P. Polytechnic Kopargaon,"K.B.P. Polytechnic, Kopargaon"
GIAN-NIDHI,record 213,College Status,institution name variant,mapped to canonical name,S.N.D.T. Women's University,S. N. D. T. Women's University
GIAN-NIDHI,record 218,College Status,institution name variant,mapped to canonical name,"Govt. Polytechnic, Arvi, Wardha","Govt. Polytechnic, Arvi"
GIAN-NIDHI,record 220,College Status,institution name variant,mapped to canonical name,"Govt. Polytechnic, Pune",Government polytechnic Pune
GIAN-NIDHI,record 221,College Status,institution name variant,mapped to canonical name,"Amrutvahini Polytecnic, Sangamner","Amrutvahini Polytechnic, Sangamner"
GIAN-NIDHI,record 224,College Status,institution name variant,mapped to canonical name,"G H Raisoni Polytechnic, Nagpur","G. H. Raisoni polytechnic, Nagpur"
GIAN-NIDHI,record 226,College Status,institution name variant,mapped to canonical name,"Padmabhooshan Vasantrao Patil Inst.of Tech., Budhgaon","Padambhushan Vasantrao Patil Institute of technology, Budhgaon"
GIAN-NIDHI,record 230,College Status,institution name variant,mapped to canonical name,Maeer's Sri Savitribai Phule Polytechnic Pune,"MAEER's Sri Savitribai Phule Polytechnic, Pune"
GIAN-NIDHI,record 232,College Status,institution name variant,mapped to canonical name,"Government Polytechnic, Mumbai",Government polytechnic Mumbai
GIAN-NIDHI,record 238,College Status,institution name variant,mapped to canonical name,Jawaharlal Darda Institue of Engineering & Technology,Jawaharlal Darda Institute of Engg and Tech. Yavatmal
GIAN-NIDHI,record 239,College Status,institution name variant,mapped to canonical name,Jawaharlal Darda Inst.Of Engg & Tech,Jawaharlal Darda Institute of Engg and Tech. Yavatmal
GIAN-NIDHI,record 240,College Status,institution name variant,mapped to canonical name,"Jawarhlal Darda Institute of Engg and technology, Yavatmal",Jawaharlal Darda Institute of Engg and Tech. Yavatmal
GIAN-NIDHI,record 241,College Status,institution name variant,mapped to canonical name,"Jawarhlal Darda Institute of Engg and technology, Yavatmal",Jawaharlal Darda Institute of Engg and Tech. Yavatmal
GIAN-NIDHI,record 242,College Status,institution name variant,mapped to canonical name,"P.V.P.I.T. Budhgaon, Sangali","P. V. P. I. T. Budhgaon, Sangali"
GIAN-NIDHI,record 246,College Status,institution name variant,mapped to canonical name,Jawaharlal Darda Institute of Engg. And Tech. Yavatmal,Jawaharlal Darda Institute of Engg and Tech. Yavatmal
GIAN-NIDHI,record 271,College Status,institution name variant,mapped to canonical name,Tulsiramji Gaikwad Patil College of Engineering & Technology,Tulsiramji Gaikwad-Patil College of Engineering and Technology
GIAN-NIDHI,record 295,College Status,institution name variant,mapped to canonical name,P.V.P.I.T. Budhgaon,P.V.P.I.T. – Budhghon
GIAN-NIDHI,record 297,College Status,institution name variant,mapped to canonical name,"Government Polytechnic, Nasik","Government Polytechnic, Nashik"
GIAN-NIDHI,record 303,College Status,institution name variant,mapped to canonical name,Priyadarshini Polytechnic Nagpur,"Priyadarshini Polytechnic, Nagpur"
GIAN-NIDHI,record 305,College Status,institution name variant,mapped to canonical name,Government Residential Women's Polytechnique Latur,"Govt. Residential Women's Polytechnic, Latur"
GIAN-NIDHI,record 307,College Status,institution name variant,mapped to canonical name,"Government Polytechnic, Arvi","Govt. Polytechnic, Arvi"
GIAN-NIDHI,record 308,College Status,institution name variant,mapped to canonical name,"K.B.P.Polytechnic, Kopargaon","K.B.P. Polytechnic, Kopargaon"
GIAN-NIDHI,record 309,College Status,institution name variant,mapped to canonical name,"K.K.Wagh Polytechnic, Nasik","K. K. Wagh Polytechnic, Nashik"
GIAN-NIDHI,record 311,College Status,institution name variant,mapped to canonical name,P. V. P. I. T. Budhagaon,P.V.P.I.T. – Budhghon
GIAN-NIDHI,record 313,College Status,institution name variant,mapped to canonical name,"Govt. Polytechnic, Mumbai",Government polytechnic Mumbai
GIAN-NIDHI,record 314,College Status,institution name variant,mapped to canonical name,"Govt. polytechnic, Nashik","Government Polytechnic, Nashik"
GIAN-NIDHI,record 316,College Status,institution name variant,mapped to canonical name,"Govt. Residental Women's Polytechnic, Latur","Govt. Residential Women's Polytechnic, Latur"
GIAN-NIDHI,record 318,College Status,institution name variant,mapped to canonical name,K. K. Wagh Polytechnic,"K. K. Wagh Polytechnic, Nashik"
GIAN-NIDHI,record 320,College Status,institution name variant,mapped to canonical name,Institution of civil & rural engineering Gargoti,"Institute of Civil and Rural Engineering, Gargoti"
GIAN-NIDHI,record 329,College Status,institution name variant,mapped to canonical name,Government polytechnic Nandad,"Govt. Polytechnic, Nanded"
GIAN-NIDHI,record 330,College Status,institution name variant,mapped to canonical name,k.j. somaiya Polytechnic,"K. J. Somaiya Polytechnic, Mumbai"
GIAN-NIDHI,record 331,College Status,institution name variant,mapped to canonical name,"Govt. Polytechnic, Washim","Government Polytechnic, Washim"
GIAN-NIDHI,record 340,College Status,institution name variant,mapped to canonical name,"K. B. P. Polytechnic, Kopargaon","K.B.P. Polytechnic, Kopargaon"
GIAN-NIDHI,record 343,College Status,institution name variant,mapped to canonical name,"Shri Sant Gadge Baba College of Engineering & Technology, Bhusawal","Shri Sant Gadge Baba College of Engg. & Technology, Z.T.C. Bhusawal"
GIAN-NIDHI,record 344,College Status,institution name variant,mapped to canonical name,Jawaharlal Darda Institute of Eng. & Tech,Jawaharlal Darda Institute of Engg and Tech. Yavatmal
GIAN-NIDHI,record 345,College Status,institution name variant,mapped to canonical name,"Jawaharlal Darda Institute of Engg. & Tech., Yavatmal",Jawaharlal Darda Institute of Engg and Tech. Yavatmal
GIAN-NIDHI,record 347,College Status,institution name variant,mapped to canonical name,"Jawaharlal Darda Institute of Engg. & Tech., Yavatmal",Jawaharlal Darda Institute of Engg and Tech. Yavatmal
GIAN-NIDHI,record 349,College Status,institution name variant,mapped to canonical name,"Jawaharlal Darda Institute of Engg. & Tech., Yavatmal",Jawaharlal Darda Institute of Engg and Tech. Yavatmal
GIAN-NIDHI,record 350,College Status,institution name variant,mapped to canonical name,Jawaharlal Darda Institute of Engg. & Tech,Jawaharlal Darda Institute of Engg and Tech. Yavatmal
GIAN-NIDHI,record 351,College Status,institution name variant,mapped to canonical name,Tulsiramji Gaikwad-Patil College of Engg. & Tech,Tulsiramji Gaikwad-Patil College of Engineering and Technology
GIAN-NIDHI,record 352,College Status,institution name variant,mapped to canonical name,Tulsiramji Gaikwad-Patil College of Engg. & Tech,Tulsiramji Gaikwad-Patil College of Engineering and Technology
GIAN-NIDHI,record 353,College Status,institution name variant,mapped to canonical name,Tulsiramji Gaikwad-Patil College of Engg. & Tech,Tulsiramji Gaikwad-Patil College of Engineering and Technology
GIAN-NIDHI,record 354,College Status,institution name variant,mapped to canonical name,Tulsiramji Gaikwad-Patil College of Engg. & Tech,Tulsiramji Gaikwad-Patil College of Engineering and Technology
GIAN-NIDHI,record 355,College Status,institution name variant,mapped to canonical name,Tulsiramji Gaikwad-Patil College of Engg. & Tech,Tulsiramji Gaikwad-Patil College of Engineering and Technology
GIAN-NIDHI,record 356,College Status,institution name variant,mapped to canonical name,Tulsiramji Gaikwad-Patil College of Engg. & Tech,Tulsiramji Gaikwad-Patil College of Engineering and Technology
GIAN-NIDHI,record 357,College Status,institution name variant,mapped to canonical name,Tulsiramji Gaikwad-Patil College of Engg. & Tech,Tulsiramji Gaikwad-Patil College of Engineering and Technology
GIAN-NIDHI,record 358,College Status,institution name variant,mapped to canonical name,Tulsiramji Gaikwad-Patil College of Engg. & Tech,Tulsiramji Gaikwad-Patil College of Engineering and Technology
GIAN-NIDHI,record 359,College Status,institution name variant,mapped to canonical name,Tulsiramji Gaikwad-Patil College of Engg. & Tech,Tulsiramji Gaikwad-Patil College of Engineering and Technology
GIAN-NIDHI,record 360,College Status,institution name variant,mapped to canonical name,Tulsiramji Gaikwad Patil College of Engineering & Technology,Tulsiramji Gaikwad-Patil College of Engineering and Technology
GIAN-NIDHI,record 361,College Status,institution name variant,mapped to canonical name,Tulsiramji Gaikwad Patil College of Engineering & Technology,Tulsiramji Gaikwad-Patil College of Engineering and Technology
GIAN-NIDHI,record 362,College Status,institution name variant,mapped to canonical name,Tulsiramji Gaikwad Patil College of Engineering & Technology,Tulsiramji Gaikwad-Patil College of Engineering and Technology
GIAN-NIDHI,record 363,College Status,institution name variant,mapped to canonical name,Tulsiramji Gaikwad Patil College of Engineering & Technology,Tulsiramji Gaikwad-Patil College of Engineering and Technology
GIAN-NIDHI,record 364,College Status,institution name variant,mapped to canonical name,Tulsiramji Gaikwad Patil College of Engineering & Technology,Tulsiramji Gaikwad-Patil College of Engineering and Technology
GIAN-NIDHI,record 365,College Status,institution name variant,mapped to canonical name,Tulsiramji Gaikwad Patil College of Engineering & Technology,Tulsiramji Gaikwad-Patil College of Engineering and Technology
GIAN-NIDHI,record 366,College Status,institution name variant,mapped to canonical name,Tulsiramji Gaikwad Patil College of Engineering & Technology,Tulsiramji Gaikwad-Patil College of Engineering and Technology
GIAN-NIDHI,record 381,College Status,institution name variant,mapped to canonical name,"Premlila Vithaldas Polytechnic, S.N.D.T. Women's University","Premlila Vithaldas Polytechnic, SNDT Women's University"
GIAN-NIDHI,record 385,College Status,institution name variant,mapped to canonical name,Govt. Polytechnic Mumbai,Government polytechnic Mumbai
GIAN-NIDHI,record 395,College Status,institution name variant,mapped to canonical name,"Govt. Polytechnic, Miraj","Government Polytechnic, Miraj"
GIAN-NIDHI,record 398,College Status,institution name variant,mapped to canonical name,"Priyadarshini polytechnic, Nagpur","Priyadarshini Polytechnic, Nagpur"
GIAN-NIDHI,record 399,College Status,institution name variant,mapped to canonical name,"Govt. Polytechnic, Washim","Government Polytechnic, Washim"
GIAN-NIDHI,record 400,College Status,institution name variant,mapped to canonical name,"K. B. P. Polytechnic, Kopargaon","K.B.P. Polytechnic, Kopargaon"
GIAN-NIDHI,record 402,College Status,institution name variant,mapped to canonical name,"Government Residential Woman's Polytechnic, Latu","Govt. Residential Women's Polytechnic, Latur"
GIAN-NIDHI,record 407,College Status,institution name variant,mapped to canonical name,S.E.S. Polytechnic Solapur,"S. E. S. Polytechnic, Solapur"
GIAN-NIDHI,record 414,College Status,institution name variant,mapped to canonical name,"K.B.P. POLYTECHNIC, KOPARGAON","K.B.P. Polytechnic, Kopargaon"
GIAN-NIDHI,record 420,College Status,institution name variant,mapped to canonical name,Premlila Vithaldas Polytechnic S.N.D.T. Women's University,"Premlila Vithaldas Polytechnic, SNDT Women's University"
GIAN-NIDHI,record 421,College Status,institution name variant,mapped to canonical name,"K.K.Wagh Polytechnic, Nashik -3","K. K. Wagh Polytechnic, Nashik"
GIAN-NIDHI,record 422,College Status,institution name variant,mapped to canonical name,Amrutvahini Polytechnic. Sangamner,"Amrutvahini Polytechnic, Sangamner"
GIAN-NIDHI,record 424,College Status,institution name variant,mapped to canonical name,"Government Polytechnic, Ahmednager","Govt. Polytechnic, Ahmednagar"
GIAN-NIDHI,record 427,College Status,institution name variant,mapped to canonical name,"S.E.S. Polytechnic, Solapur","S. E. S. Polytechnic, Solapur"
GIAN-NIDHI,record 430,College Status,institution name variant,mapped to canonical name,"Government Polytechnic, Nanded","Govt. Polytechnic, Nanded"
GIAN-NIDHI,record 431,College Status,institution name variant,mapped to canonical name,"Government Polytechnic, Dhule","Government polytechnic, Dhule"
GIAN-NIDHI,record 435,College Status,institution name variant,mapped to canonical name,"Government Polytechnic, Nasik","Government Polytechnic, Nashik"
GIAN-NIDHI,record 440,College Status,institution name variant,mapped to canonical name,Priyadarshini Polytechnic Nagpur,"Priyadarshini Polytechnic, Nagpur"
GIAN-NIDHI,record 443,College Status,institution name variant,mapped to canonical name,Govt. Polytechnic Jalna,"Government Polytechnic, Jalana"
GIAN-NIDHI,record 444,College Status,institution name variant,mapped to canonical name,"Govt. Polytechnic, Nasik","Government Polytechnic, Nashik"
GIAN-NIDHI,record 445,College Status,institution name variant,mapped to canonical name,"K.J.Somaiya Polytechnic, Mumbai","K. J. Somaiya Polytechnic, Mumbai"
GIAN-NIDHI,record 450,College Status,institution name variant,mapped to canonical name,"K.K. Wagh Polytechnic, NASIK","K. K. Wagh Polytechnic, Nashik"
GIAN-NIDHI,record 451,College Status,institution name variant,mapped to canonical name,"Govt. Polytechnic, Mumbai",Government polytechnic Mumbai
GIAN-NIDHI,record 452,College Status,institution name variant,mapped to canonical name,"Govt. polytechnic, Nashik","Government Polytechnic, Nashik"
GIAN-NIDHI,record 453,College Status,institution name variant,mapped to canonical name,"Govt. Residental Women's Polytechnic, Latur","Govt. Residential Women's Polytechnic, Latur"
GIAN-NIDHI,record 455,College Status,institution name variant,mapped to canonical name,K. K. Wagh Polytechnic,"K. K. Wagh Polytechnic, Nashik"
GIAN-NIDHI,record 458,College Status,institution name variant,mapped to canonical name,Pimpri - Chinchwad Polytechnic,Pimpri – Chinchwad Polytechnic
GIAN-NIDHI,record 462,College Status,institution name variant,mapped to canonical name,Government polytechnic Nandad,"Govt. Polytechnic, Nanded"
GIAN-NIDHI,record 463,College Status,institution name variant,mapped to canonical name,k.j. somaiya Polytechnic,"K. J. Somaiya Polytechnic, Mumbai"
GIAN-NIDHI,record 464,College Status,institution name variant,mapped to canonical name,"Govt. Polytechnic, Washim","Government Polytechnic, Washim"
GIAN-NIDHI,record 470,College Status,institution name variant,mapped to canonical name,"K. B. P. Polytechnic, Kopargaon","K.B.P. Polytechnic, Kopargaon"
GIAN-NIDHI,record 473,College Status,institution name variant,mapped to canonical name,Govt. Polytechnic Khamgaon,"Govt. Polytechnic, Khamgaon"
GIAN-NIDHI,record 474,College Status,institution name variant,mapped to canonical name,K. J. Somaiya Polytechnic,"K. J. Somaiya Polytechnic, Mumbai"
GIAN-NIDHI,record 475,College Status,institution name variant,mapped to canonical name,"Government polytechnic, washim","Government Polytechnic, Washim"
GIAN-NIDHI,record 476,College Status,institution name variant,mapped to canonical name,Government Polytechnic Aurangabad,"Govt. Polytechnic, Aurangabad"
GIAN-NIDHI,record 481,College Status,institution name variant,mapped to canonical name,S. E. S. Polytechnic Solapur,"S. E. S. Polytechnic, Solapur"
GIAN-NIDHI,record 488,College Status,institution name variant,mapped to canonical name,"G.H. Raisoni Polytechnic, Nagpur","G. H. Raisoni polytechnic, Nagpur"
GIAN-NIDHI,record 491,College Status,institution name variant,mapped to canonical name,K.B.P. Polytechnic Kopergaon,"K.B.P. Polytechnic, Kopargaon"
GIAN-NIDHI,record 494,College Status,institution name variant,mapped to canonical name,"Govt. Polytechnic, Arvi, Dist. Wardha","Govt. Polytechnic, Arvi"
GIAN-NIDHI,record 503,College Status,institution name variant,mapped to canonical name,"Govt. Polytechnic, Arvi, Wardha","Govt. Polytechnic, Arvi"
GIAN-NIDHI,record 505,College Status,institution name variant,mapped to canonical name,"Govt. Polytechnic, Pune",Government polytechnic Pune
GIAN-NIDHI,record 508,College Status,institution name variant,mapped to canonical name,"G H Raisoni Polytechnic, Nagpur","G. H. Raisoni polytechnic, Nagpur"
GIAN-NIDHI,record 512,College Status,institution name variant,mapped to canonical name,Maeer's Sri Savitribai Phule Polytechnic Pune,"MAEER's Sri Savitribai Phule Polytechnic, Pune"
GIAN-NIDHI,record 514,College Status,institution name variant,mapped to canonical name,"Government Polytechnic, Mumbai",Government polytechnic Mumbai
GIAN-NIDHI,record 520,College Status,institution name variant,mapped to canonical name,K. K. Wagh Polytechni,"K. K. Wagh Polytechnic, Nashik"
GIAN-NIDHI,record 523,College Status,institution name variant,mapped to canonical name,"G. H. Raisoni Polytechnic, Nagpur","G. H. Raisoni polytechnic, Nagpur"
GIAN-NIDHI,record 525,College Status,institution name variant,mapped to canonical name,"Government Polytechnic, Arvi","Govt. Polytechnic, Arvi"
GIAN-NIDHI,record 526,College Status,institution name variant,mapped to canonical name,"K.B.P.Polytechnic, Kopargaon","K.B.P. Polytechnic, Kopargaon"
GIAN-NIDHI,record 527,College Status,institution name variant,mapped to canonical name,"K.K.Wagh Polytechnic, Nasik","K. K. Wagh Polytechnic, Nashik"
GIAN-NIDHI,record 528,College Status,institution name variant,mapped to canonical name,"Premlila Vithaldas Polytechnic, S.N.D.T. Women's University","Premlila Vithaldas Polytechnic, SNDT Women's University"
GIAN-NIDHI,record 530,College Status,institution name variant,mapped to canonical name,Govt. Polytechnic Mumbai,Government polytechnic Mumbai
GIAN-NIDHI,record 540,College Status,institution name variant,mapped to canonical name,"Govt. Polytechnic, Miraj","Government Polytechnic, Miraj"
GIAN-NIDHI,record 543,College Status,institution name variant,mapped to canonical name,"Priyadarshini polytechnic, Nagpur","Priyadarshini Polytechnic, Nagpur"
GIAN-NIDHI,record 544,College Status,institution name variant,mapped to canonical name,"Govt. Polytechnic, Washim","Government Polytechnic, Washim"
GIAN-NIDHI,record 545,College Status,institution name variant,mapped to canonical name,"K. B. P. Polytechnic, Kopargaon","K.B.P. Polytechnic, Kopargaon"
GIAN-NIDHI,record 546,College Status,institution name variant,mapped to canonical name,Government Polytechnic Khamgaon,"Govt. Polytechnic, Khamgaon"
GIAN-NIDHI,record 550,College Status,institution name variant,mapped to canonical name,"K.K.W. Polytechnic, Nasik - 3","K. K. Wagh Polytechnic, Nashik"
GIAN-NIDHI,record 551,College Status,institution name variant,mapped to canonical name,"Government Polytechnic, Arvi, Dist-Wardha","Govt. Polytechnic, Arvi"
GIAN-NIDHI,record 552,College Status,institution name variant,mapped to canonical name,Government Polytechnic Osmanabad,"Govt. Polytechnic, Osmanabad"
GIAN-NIDHI,record 554,College Status,institution name variant,mapped to canonical name,"Priyadarshani Polytechnic, Nagpur","Priyadarshini Polytechnic, Nagpur"
GIAN-NIDHI,record 556,College Status,institution name variant,mapped to canonical name,"K. B. P. Polytechnic, Kopargaon","K.B.P. Polytechnic, Kopargaon"
GIAN-NIDHI,record 557,College Status,institution name variant,mapped to canonical name,Government Polytechnic Nashik,"Government Polytechnic, Nashik"
GIAN-NIDHI,record 558,College Status,institution name variant,mapped to canonical name,"Premlila Vithaldas, Polytechnic S.N.D.T. Women's University, Juhu, mumbai","Premlila Vithaldas, Polytechnic S.N.D.T. Women's University, Juhu, Mumbai"
GIAN-NIDHI,record 561,College Status,institution name variant,mapped to canonical name,"K.J.Somaiya Polytechnic, Mumbai","K. J. Somaiya Polytechnic, Mumbai"
GIAN-NIDHI,record 562,College Status,institution name variant,mapped to canonical name,"Government Polytechnic, Aurangabad","Govt. Polytechnic, Aurangabad"
GIAN-NIDHI,record 563,College Status,institution name variant,mapped to canonical name,"Premila Vithaldas Polytechnic, S.N.D.T. Woman's university","Premlila Vithaldas Polytechnic, SNDT Women's University"
GIAN-NIDHI,record 564,College Status,institution name variant,mapped to canonical name,"Premlila Vithaldas Polytechnic, S.N.D.T. Woman's University","Premlila Vithaldas Polytechnic, SNDT Women's University"
GIAN-NIDHI,record 565,College Status,institution name variant,mapped to canonical name,"Premlila Vithaldas Polytechnic, SNDT Woman's University","Premlila Vithaldas Polytechnic, SNDT Women's University"
GIAN-NIDHI,record 566,College Status,institution name variant,mapped to canonical name,"K.K.Wagh Polytechnic, Nashik","K. K. Wagh Polytechnic, Nashik"
GIAN-NIDHI,record 567,College Status,institution name variant,mapped to canonical name,Thakur Polytechnic Mumbai,"Thakur Polytechnic, Mumbai"
GIAN-NIDHI,record 569,College Status,institution name variant,mapped to canonical name,K.J. SOMAIYA POLYTECHNIC,"K. J. Somaiya Polytechnic, Mumbai"
GIAN-NIDHI,record 571,College Status,institution name variant,mapped to canonical name,"Priyadarshani Polytechnic, Nagpur","Priyadarshini Polytechnic, Nagpur"
GIAN-NIDHI,record 575,College Status,institution name variant,mapped to canonical name,K.B.P. Polytechnic Kopargaon,"K.B.P. Polytechnic, Kopargaon"
GIAN-NIDHI,record 581,College Status,institution name variant,mapped to canonical name,"Sardar Vallabhbhai Patel Polytechnic, Boriwali West, Mumbai","Sardar Vallabhbhai patel Polytechnic, Boriwali West, Mumbai"
GIAN-NIDHI,record 592,College Status,institution name variant,mapped to canonical name,"Govt. Polytechnic, Himatnagar","Govt. Polytechnic, Himmatnagar"
GIAN-NIDHI,record 640,College Status,institution name variant,mapped to canonical name,Bhagvan Mahavir polytechnic,Bhagvan Mahavir Polytechnic
GIAN-NIDHI,"record 33,401",Project Name,same title and same team (content differs),linked as DUP-001; canonical record 33; no record deleted,,
GIAN-NIDHI,"record 34,403",Project Name,same title and same team (content differs),linked as DUP-002; canonical record 34; no record deleted,,
GIAN-NIDHI,"record 35,402",Project Name,same title and same team (content differs),linked as DUP-003; canonical record 35; no record deleted,,
GIAN-NIDHI,"record 37,405",Project Name,same title and same team (identical content),linked as DUP-004; canonical record 37; no record deleted,,
GIAN-NIDHI,"record 40,408",Project Name,same title and same team (content differs),linked as DUP-005; canonical record 40; no record deleted,,
GIAN-NIDHI,"record 41,409",Project Name,same title and same team (content differs),linked as DUP-006; canonical record 41; no record deleted,,
GIAN-NIDHI,"record 43,411",Project Name,same title and same team (content differs),linked as DUP-007; canonical record 43; no record deleted,,
GIAN-NIDHI,"record 44,412",Project Name,same title and same team (content differs),linked as DUP-008; canonical record 44; no record deleted,,
GIAN-NIDHI,"record 46,414",Project Name,same title and same team (content differs),linked as DUP-009; canonical record 46; no record deleted,,
GIAN-NIDHI,"record 47,415",Project Name,same title and same team (content differs),linked as DUP-010; canonical record 47; no record deleted,,
GIAN-NIDHI,"record 50,416",Project Name,same title and same team (content differs),linked as DUP-011; canonical record 50; no record deleted,,
GIAN-NIDHI,"record 51,417",Project Name,same title and same team (content differs),linked as DUP-012; canonical record 51; no record deleted,,
GIAN-NIDHI,"record 53,419",Project Name,same title and same team (content differs),linked as DUP-013; canonical record 53; no record deleted,,
GIAN-NIDHI,"record 60,425",Project Name,same title and same team (identical content),linked as DUP-014; canonical record 60; no record deleted,,
GIAN-NIDHI,"record 68,432",Project Name,same title and same team (content differs),linked as DUP-015; canonical record 68; no record deleted,,
GIAN-NIDHI,"record 70,93",Project Name,same title and same team (identical content),linked as DUP-016; canonical record 70; no record deleted,,
GIAN-NIDHI,"record 71,94,546",Project Name,same title and same team (content differs),linked as DUP-017; canonical record 71; no record deleted,,
GIAN-NIDHI,"record 72,95,547",Project Name,same title and same team (identical content),linked as DUP-018; canonical record 72; no record deleted,,
GIAN-NIDHI,"record 73,96,548",Project Name,same title and same team (content differs),linked as DUP-019; canonical record 73; no record deleted,,
GIAN-NIDHI,"record 74,97",Project Name,same title and same team (identical content),linked as DUP-020; canonical record 74; no record deleted,,
GIAN-NIDHI,"record 75,98",Project Name,same title and same team (identical content),linked as DUP-021; canonical record 75; no record deleted,,
GIAN-NIDHI,"record 76,99",Project Name,same title and same team (identical content),linked as DUP-022; canonical record 76; no record deleted,,
GIAN-NIDHI,"record 77,100",Project Name,same title and same team (identical content),linked as DUP-023; canonical record 77; no record deleted,,
GIAN-NIDHI,"record 78,101,552",Project Name,same title and same team (content differs),linked as DUP-024; canonical record 78; no record deleted,,
GIAN-NIDHI,"record 79,102,553",Project Name,same title and same team (identical content),linked as DUP-025; canonical record 79; no record deleted,,
GIAN-NIDHI,"record 80,103,554",Project Name,same title and same team (identical content),linked as DUP-026; canonical record 80; no record deleted,,
GIAN-NIDHI,"record 81,104",Project Name,same title and same team (identical content),linked as DUP-027; canonical record 81; no record deleted,,
GIAN-NIDHI,"record 82,105",Project Name,same title and same team (identical content),linked as DUP-028; canonical record 82; no record deleted,,
GIAN-NIDHI,"record 83,106,556",Project Name,same title and same team (content differs),linked as DUP-029; canonical record 83; no record deleted,,
GIAN-NIDHI,"record 85,518",Project Name,same title and same team (content differs),linked as DUP-030; canonical record 85; no record deleted,,
GIAN-NIDHI,"record 86,519",Project Name,same title and same team (content differs),linked as DUP-031; canonical record 86; no record deleted,,
GIAN-NIDHI,"record 87,520",Project Name,same title and same team (content differs),linked as DUP-032; canonical record 87; no record deleted,,
GIAN-NIDHI,"record 89,521",Project Name,same title and same team (content differs),linked as DUP-033; canonical record 89; no record deleted,,
GIAN-NIDHI,"record 90,522",Project Name,same title and same team (identical content),linked as DUP-034; canonical record 90; no record deleted,,
GIAN-NIDHI,"record 91,523",Project Name,same title and same team (content differs),linked as DUP-035; canonical record 91; no record deleted,,
GIAN-NIDHI,"record 92,524",Project Name,same title and same team (identical content),linked as DUP-036; canonical record 92; no record deleted,,
GIAN-NIDHI,"record 328,461",Project Name,same title and same team (identical content),linked as DUP-037; canonical record 328; no record deleted,,
GIAN-NIDHI,"record 136,442",Project Name,same title and same team (identical content),linked as DUP-038; canonical record 136; no record deleted,,
GIAN-NIDHI,"record 137,443",Project Name,same title and same team (content differs),linked as DUP-039; canonical record 137; no record deleted,,
GIAN-NIDHI,"record 139,445",Project Name,same title and same team (content differs),linked as DUP-040; canonical record 139; no record deleted,,
GIAN-NIDHI,"record 140,446",Project Name,same title and same team (identical content),linked as DUP-041; canonical record 140; no record deleted,,
GIAN-NIDHI,"record 148,152",Project Name,same title and same team (identical content),linked as DUP-042; canonical record 148; no record deleted,,
GIAN-NIDHI,"record 149,153,473",Project Name,same title and same team (content differs),linked as DUP-043; canonical record 149; no record deleted,,
GIAN-NIDHI,"record 150,154,474",Project Name,same title and same team (content differs),linked as DUP-044; canonical record 150; no record deleted,,
GIAN-NIDHI,"record 151,155,475",Project Name,same title and same team (content differs),linked as DUP-045; canonical record 151; no record deleted,,
GIAN-NIDHI,"record 156,476",Project Name,same title and same team (content differs),linked as DUP-046; canonical record 156; no record deleted,,
GIAN-NIDHI,"record 159,478",Project Name,same title and same team (content differs),linked as DUP-047; canonical record 159; no record deleted,,
GIAN-NIDHI,"record 160,479",Project Name,same title and same team (content differs),linked as DUP-048; canonical record 160; no record deleted,,
GIAN-NIDHI,"record 161,481",Project Name,same title and same team (identical content),linked as DUP-049; canonical record 161; no record deleted,,
GIAN-NIDHI,"record 163,483",Project Name,same title and same team (content differs),linked as DUP-050; canonical record 163; no record deleted,,
GIAN-NIDHI,"record 164,484",Project Name,same title and same team (identical content),linked as DUP-051; canonical record 164; no record deleted,,
GIAN-NIDHI,"record 165,485",Project Name,same title and same team (content differs),linked as DUP-052; canonical record 165; no record deleted,,
GIAN-NIDHI,"record 166,486",Project Name,same title and same team (content differs),linked as DUP-053; canonical record 166; no record deleted,,
GIAN-NIDHI,"record 168,488",Project Name,same title and same team (content differs),linked as DUP-054; canonical record 168; no record deleted,,
GIAN-NIDHI,"record 170,489",Project Name,same title and same team (content differs),linked as DUP-055; canonical record 170; no record deleted,,
GIAN-NIDHI,"record 171,490",Project Name,same title and same team (content differs),linked as DUP-056; canonical record 171; no record deleted,,
GIAN-NIDHI,"record 172,491",Project Name,same title and same team (content differs),linked as DUP-057; canonical record 172; no record deleted,,
GIAN-NIDHI,"record 173,492",Project Name,same title and same team (content differs),linked as DUP-058; canonical record 173; no record deleted,,
GIAN-NIDHI,"record 174,493",Project Name,same title and same team (content differs),linked as DUP-059; canonical record 174; no record deleted,,
GIAN-NIDHI,"record 175,494",Project Name,same title and same team (content differs),linked as DUP-060; canonical record 175; no record deleted,,
GIAN-NIDHI,"record 176,557",Project Name,same title and same team (content differs),linked as DUP-061; canonical record 176; no record deleted,,
GIAN-NIDHI,"record 177,558",Project Name,same title and same team (identical content),linked as DUP-062; canonical record 177; no record deleted,,
GIAN-NIDHI,"record 179,559",Project Name,same title and same team (content differs),linked as DUP-063; canonical record 179; no record deleted,,
GIAN-NIDHI,"record 180,560",Project Name,same title and same team (content differs),linked as DUP-064; canonical record 180; no record deleted,,
GIAN-NIDHI,"record 182,561",Project Name,same title and same team (content differs),linked as DUP-065; canonical record 182; no record deleted,,
GIAN-NIDHI,"record 187,564",Project Name,same title and same team (content differs),linked as DUP-066; canonical record 187; no record deleted,,
GIAN-NIDHI,"record 188,565",Project Name,same title and same team (content differs),linked as DUP-067; canonical record 188; no record deleted,,
GIAN-NIDHI,"record 189,566",Project Name,same title and same team (content differs),linked as DUP-068; canonical record 189; no record deleted,,
GIAN-NIDHI,"record 190,567",Project Name,same title and same team (content differs),linked as DUP-069; canonical record 190; no record deleted,,
GIAN-NIDHI,"record 191,568",Project Name,same title and same team (content differs),linked as DUP-070; canonical record 191; no record deleted,,
GIAN-NIDHI,"record 192,569",Project Name,same title and same team (identical content),linked as DUP-071; canonical record 192; no record deleted,,
GIAN-NIDHI,"record 193,570",Project Name,same title and same team (content differs),linked as DUP-072; canonical record 193; no record deleted,,
GIAN-NIDHI,"record 196,571",Project Name,same title and same team (identical content),linked as DUP-073; canonical record 196; no record deleted,,
GIAN-NIDHI,"record 197,572",Project Name,same title and same team (identical content),linked as DUP-074; canonical record 197; no record deleted,,
GIAN-NIDHI,"record 198,573",Project Name,same title and same team (identical content),linked as DUP-075; canonical record 198; no record deleted,,
GIAN-NIDHI,"record 199,574",Project Name,same title and same team (content differs),linked as DUP-076; canonical record 199; no record deleted,,
GIAN-NIDHI,"record 200,575",Project Name,same title and same team (identical content),linked as DUP-077; canonical record 200; no record deleted,,
GIAN-NIDHI,"record 201,576",Project Name,same title and same team (content differs),linked as DUP-078; canonical record 201; no record deleted,,
GIAN-NIDHI,"record 202,577",Project Name,same title and same team (identical content),linked as DUP-079; canonical record 202; no record deleted,,
GIAN-NIDHI,"record 204,579",Project Name,same title and same team (content differs),linked as DUP-080; canonical record 204; no record deleted,,
GIAN-NIDHI,"record 205,580",Project Name,same title and same team (identical content),linked as DUP-081; canonical record 205; no record deleted,,
GIAN-NIDHI,"record 206,581",Project Name,same title and same team (content differs),linked as DUP-082; canonical record 206; no record deleted,,
GIAN-NIDHI,"record 208,209",Project Name,same title and same team (identical content),linked as DUP-083; canonical record 208; no record deleted,,
GIAN-NIDHI,"record 210,497",Project Name,same title and same team (identical content),linked as DUP-084; canonical record 210; no record deleted,,
GIAN-NIDHI,"record 211,498",Project Name,same title and same team (identical content),linked as DUP-085; canonical record 211; no record deleted,,
GIAN-NIDHI,"record 214,499",Project Name,same title and same team (identical content),linked as DUP-086; canonical record 214; no record deleted,,
GIAN-NIDHI,"record 215,500",Project Name,same title and same team (identical content),linked as DUP-087; canonical record 215; no record deleted,,
GIAN-NIDHI,"record 216,501",Project Name,same title and same team (identical content),linked as DUP-088; canonical record 216; no record deleted,,
GIAN-NIDHI,"record 217,502",Project Name,same title and same team (identical content),linked as DUP-089; canonical record 217; no record deleted,,
GIAN-NIDHI,"record 218,503",Project Name,same title and same team (identical content),linked as DUP-090; canonical record 218; no record deleted,,
GIAN-NIDHI,"record 219,504",Project Name,same title and same team (identical content),linked as DUP-091; canonical record 219; no record deleted,,
GIAN-NIDHI,"record 220,505",Project Name,same title and same team (identical content),linked as DUP-092; canonical record 220; no record deleted,,
GIAN-NIDHI,"record 222,506",Project Name,same title and same team (content differs),linked as DUP-093; canonical record 222; no record deleted,,
GIAN-NIDHI,"record 223,507",Project Name,same title and same team (content differs),linked as DUP-094; canonical record 223; no record deleted,,
GIAN-NIDHI,"record 224,508",Project Name,same title and same team (content differs),linked as DUP-095; canonical record 224; no record deleted,,
GIAN-NIDHI,"record 225,509",Project Name,same title and same team (content differs),linked as DUP-096; canonical record 225; no record deleted,,
GIAN-NIDHI,"record 227,510",Project Name,same title and same team (content differs),linked as DUP-097; canonical record 227; no record deleted,,
GIAN-NIDHI,"record 228,511",Project Name,same title and same team (identical content),linked as DUP-098; canonical record 228; no record deleted,,
GIAN-NIDHI,"record 232,514",Project Name,same title and same team (identical content),linked as DUP-099; canonical record 232; no record deleted,,
GIAN-NIDHI,"record 233,515",Project Name,same title and same team (content differs),linked as DUP-100; canonical record 233; no record deleted,,
GIAN-NIDHI,"record 235,516",Project Name,same title and same team (identical content),linked as DUP-101; canonical record 235; no record deleted,,
GIAN-NIDHI,"record 236,517",Project Name,same title and same team (identical content),linked as DUP-102; canonical record 236; no record deleted,,
GIAN-NIDHI,"record 298,436",Project Name,same title and same team (identical content),linked as DUP-103; canonical record 298; no record deleted,,
GIAN-NIDHI,"record 299,437",Project Name,same title and same team (content differs),linked as DUP-104; canonical record 299; no record deleted,,
GIAN-NIDHI,"record 300,438",Project Name,same title and same team (content differs),linked as DUP-105; canonical record 300; no record deleted,,
GIAN-NIDHI,"record 302,439",Project Name,same title and same team (content differs),linked as DUP-106; canonical record 302; no record deleted,,
GIAN-NIDHI,"record 304,441",Project Name,same title and same team (content differs),linked as DUP-107; canonical record 304; no record deleted,,
GIAN-NIDHI,"record 307,525",Project Name,same title and same team (content differs),linked as DUP-108; canonical record 307; no record deleted,,
GIAN-NIDHI,"record 308,526",Project Name,same title and same team (content differs),linked as DUP-109; canonical record 308; no record deleted,,
GIAN-NIDHI,"record 309,527",Project Name,same title and same team (identical content),linked as DUP-110; canonical record 309; no record deleted,,
GIAN-NIDHI,"record 313,451",Project Name,same title and same team (identical content),linked as DUP-111; canonical record 313; no record deleted,,
GIAN-NIDHI,"record 316,453",Project Name,same title and same team (identical content),linked as DUP-112; canonical record 316; no record deleted,,
GIAN-NIDHI,"record 317,454",Project Name,same title and same team (identical content),linked as DUP-113; canonical record 317; no record deleted,,
GIAN-NIDHI,"record 318,455",Project Name,same title and same team (identical content),linked as DUP-114; canonical record 318; no record deleted,,
GIAN-NIDHI,"record 327,460",Project Name,same title and same team (identical content),linked as DUP-115; canonical record 327; no record deleted,,
GIAN-NIDHI,"record 330,463",Project Name,same title and same team (identical content),linked as DUP-116; canonical record 330; no record deleted,,
GIAN-NIDHI,"record 331,464",Project Name,same title and same team (content differs),linked as DUP-117; canonical record 331; no record deleted,,
GIAN-NIDHI,"record 332,465",Project Name,same title and same team (content differs),linked as DUP-118; canonical record 332; no record deleted,,
GIAN-NIDHI,"record 337,468",Project Name,same title and same team (identical content),linked as DUP-119; canonical record 337; no record deleted,,
GIAN-NIDHI,"record 339,469",Project Name,same title and same team (identical content),linked as DUP-120; canonical record 339; no record deleted,,
GIAN-NIDHI,"record 341,471",Project Name,same title and same team (content differs),linked as DUP-121; canonical record 341; no record deleted,,
GIAN-NIDHI,"record 342,472",Project Name,same title and same team (identical content),linked as DUP-122; canonical record 342; no record deleted,,
GIAN-NIDHI,"record 360,365",Project Name,same title and same team (identical content),linked as DUP-123; canonical record 360; no record deleted,,
GIAN-NIDHI,"record 381,528",Project Name,same title and same team (content differs),linked as DUP-124; canonical record 381; no record deleted,,
GIAN-NIDHI,"record 384,529",Project Name,same title and same team (content differs),linked as DUP-125; canonical record 384; no record deleted,,
GIAN-NIDHI,"record 385,530",Project Name,same title and same team (content differs),linked as DUP-126; canonical record 385; no record deleted,,
GIAN-NIDHI,"record 386,531",Project Name,same title and same team (content differs),linked as DUP-127; canonical record 386; no record deleted,,
GIAN-NIDHI,"record 387,532",Project Name,same title and same team (content differs),linked as DUP-128; canonical record 387; no record deleted,,
GIAN-NIDHI,"record 388,533",Project Name,same title and same team (content differs),linked as DUP-129; canonical record 388; no record deleted,,
GIAN-NIDHI,"record 389,534",Project Name,same title and same team (content differs),linked as DUP-130; canonical record 389; no record deleted,,
GIAN-NIDHI,"record 390,535",Project Name,same title and same team (identical content),linked as DUP-131; canonical record 390; no record deleted,,
GIAN-NIDHI,"record 392,537",Project Name,same title and same team (content differs),linked as DUP-132; canonical record 392; no record deleted,,
GIAN-NIDHI,"record 393,538",Project Name,same title and same team (content differs),linked as DUP-133; canonical record 393; no record deleted,,
GIAN-NIDHI,"record 394,539",Project Name,same title and same team (content differs),linked as DUP-134; canonical record 394; no record deleted,,
GIAN-NIDHI,"record 395,540",Project Name,same title and same team (identical content),linked as DUP-135; canonical record 395; no record deleted,,
GIAN-NIDHI,"record 396,541",Project Name,same title and same team (identical content),linked as DUP-136; canonical record 396; no record deleted,,
GIAN-NIDHI,"record 398,543",Project Name,same title and same team (content differs),linked as DUP-137; canonical record 398; no record deleted,,
GIAN-NIDHI,"record 399,544",Project Name,same title and same team (identical content),linked as DUP-138; canonical record 399; no record deleted,,
GIAN-NIDHI,"record 400,545",Project Name,same title and same team (identical content),linked as DUP-139; canonical record 400; no record deleted,,
SY51-HB-P1,SY51-HB-P1-C02 (pp. 14-14),text,name_variant,kept as stated; flagged in chunk metadata,,
SY51-HB-P1,SY51-HB-P1-C07 (pp. 15-15),text,name_variant,kept as stated; flagged in chunk metadata,,
SY51-HB-P1,SY51-HB-P1-C08 (pp. 15-15),text,visual_transcription,kept as stated; flagged in chunk metadata,,
SY51-HB-P2,SY51-HB-P2-C02 (pp. 2-3),text,name_variant,kept as stated; flagged in chunk metadata,,
SY51-HB-P2,SY51-HB-P2-C05 (pp. 3-4),text,name_variant,kept as stated; flagged in chunk metadata,,
SY51-HB-P2,SY51-HB-P2-C06 (pp. 4-4),text,name_variant,kept as stated; flagged in chunk metadata,,
SY51-HB-P2,SY51-HB-P2-C08 (pp. 3-3),text,visual_transcription,kept as stated; flagged in chunk metadata,,
SY53-PPT,SY53-PPT-U01 (slides 1-1),text,visual_transcription,kept as stated; flagged in chunk metadata,,
SY53-PPT,SY53-PPT-U02 (slides 2-2),text,visual_transcription,kept as stated; flagged in chunk metadata,,
SY53-PPT,SY53-PPT-U04 (slides 7-12),text,visual_transcription,kept as stated; flagged in chunk metadata,,
SY53-PPT,SY53-PPT-U06 (slides 15-16),text,pii_redacted,kept as stated; flagged in chunk metadata,"Source uses masculine grammar for Subhash Gidwani ('his father'), so 'his' follows the source.",
SY53-PPT,SY53-PPT-U06 (slides 15-16),text,visual_transcription,kept as stated; flagged in chunk metadata,"Source uses masculine grammar for Subhash Gidwani ('his father'), so 'his' follows the source.",
SY53-PPT,SY53-PPT-U07 (slides 17-17),text,unclear_wording,kept as stated; flagged in chunk metadata,"Slide text says 5000 idols per year; the clipping headline says free training to more than 7000 children - different measures, not necessarily a conflict.",
SY53-PPT,SY53-PPT-U07 (slides 17-17),text,visual_transcription,kept as stated; flagged in chunk metadata,"Slide text says 5000 idols per year; the clipping headline says free training to more than 7000 children - different measures, not necessarily a conflict.",
SY53-PPT,SY53-PPT-U09 (slides 19-21),text,name_variant,kept as stated; flagged in chunk metadata,Name spelled 'शिवकुमरजी' (slide 19) and 'शिवकुमारजी' (slide 21).,
SY53-PPT,SY53-PPT-U10 (slides 22-22),text,missing_unit,kept as stated; flagged in chunk metadata,,
SY53-PPT,SY53-PPT-U12 (slides 24-24),text,unclear_wording,kept as stated; flagged in chunk metadata,,
SY53-PPT,SY53-PPT-U14 (slides 27-28),text,name_variant,kept as stated; flagged in chunk metadata,Village spelled 'कनलवा' (slide 27) and 'कनालवा' (slide 28); name given as 'रतनभाई राठवा' and 'रतनभाई पोहलिया राठवा'. Source uses masculine grammar.,
SY53-PPT,SY53-PPT-U19 (slides 35-35),text,hidden_text_in_pdf,kept as stated; flagged in chunk metadata,"Detected by drawing-order analysis (text drawn first, then covered >90% by an image). Kept, but flagged so answers can say it is not visible on the slide.",
SY53-PPT,SY53-PPT-U20 (slides 36-37),text,pii_redacted,kept as stated; flagged in chunk metadata,Buy Rs 5/kg and sell Rs 13/kg (difference Rs 8/kg) while the slide states an average margin of Rs 7/kg - stated as given; costs are said to be separate.,
SY53-PPT,SY53-PPT-U20 (slides 36-37),text,visual_transcription,kept as stated; flagged in chunk metadata,Buy Rs 5/kg and sell Rs 13/kg (difference Rs 8/kg) while the slide states an average margin of Rs 7/kg - stated as given; costs are said to be separate.,
SY53-PPT,SY53-PPT-U22 (slides 40-43),text,name_variant,kept as stated; flagged in chunk metadata,"Organisation written 'सम्पर्क संस्था' (slide 40), 'संपर्क संस्थान, पेटलावद, झाबुआ' (slide 41) and 'संपर्क संस्था' (slide 42) - treated as one organisation (same slide group, same person).",
SY53-PPT,SY53-PPT-U26 (slides 48-49),text,conflicting_values,kept as stated; flagged in chunk metadata,"Weight is given three ways on the same two slides: '2 से 4 किलो' and '2 से 4.5 किलोग्राम' (slide 48), '3 से 4 किलोग्राम' (slide 49). All values are kept and reported as stated.",
SY53-PPT,SY53-PPT-U30 (slides 53-53),text,name_variant,kept as stated; flagged in chunk metadata,"Title says 'कलमसिंह डावर', body says 'कमलजी' - treated as the same person (same slide, same farm) but the exact first name is uncertain.",
SY53-PPT,SY53-PPT-U31 (slides 54-55),text,editorial_artifact,kept as stated; flagged in chunk metadata,"Slide 54 contains the sentence 'अगर आप इसे और संक्षिप्त रूप में चाहते हैं, तो यह रहा' followed by a duplicate summary - an apparent copy-paste of an AI-assistant reply. Kept verbatim in text_original;",
SY53-PPT,SY53-PPT-U32 (slides 56-56),text,innovator_not_named,kept as stated; flagged in chunk metadata,,
SY53-PPT,SY53-PPT-U36 (slides 65-65),text,inconsistent_gender_marking,kept as stated; flagged in chunk metadata,Honorific 'श्री' with a feminine verb form ('कर रही है'); gender is not inferred.,
SY53-PPT,SY53-PPT-U44 (slides 77-77),text,innovator_not_named,kept as stated; flagged in chunk metadata,,
SY53-PPT,SY53-PPT-U46 (slides 81-81),text,visual_transcription,kept as stated; flagged in chunk metadata,,
SY53-PPT,SY53-PPT-U47 (slides 83-83),text,name_variant,kept as stated; flagged in chunk metadata,Slide title spells the surname 'श्रीवास्त' (truncated); the clipping in the slide image spells 'श्रीवास्तव' and adds '(नीरज)' and Meghnagar.,
SY53-PPT,SY53-PPT-U47 (slides 83-83),text,visual_transcription,kept as stated; flagged in chunk metadata,Slide title spells the surname 'श्रीवास्त' (truncated); the clipping in the slide image spells 'श्रीवास्तव' and adds '(नीरज)' and Meghnagar.,
SY53-PPT,SY53-PPT-U48 (slides 84-84),text,conflicting_values,kept as stated; flagged in chunk metadata,Slide body writes 'साध्यजी' for Sandhya. Slide text says 123 km in one day; the clipping says 118 km in one day (Ujjain cycle yatra) - possibly different events; both kept as stated.,
SY53-PPT,SY53-PPT-U48 (slides 84-84),text,name_variant,kept as stated; flagged in chunk metadata,Slide body writes 'साध्यजी' for Sandhya. Slide text says 123 km in one day; the clipping says 118 km in one day (Ujjain cycle yatra) - possibly different events; both kept as stated.,
SY53-PPT,SY53-PPT-U48 (slides 84-84),text,visual_transcription,kept as stated; flagged in chunk metadata,Slide body writes 'साध्यजी' for Sandhya. Slide text says 123 km in one day; the clipping says 118 km in one day (Ujjain cycle yatra) - possibly different events; both kept as stated.,
SY53-PPT,SY53-PPT-U56 (slides 92-93),text,unverified_historical_claims,kept as stated; flagged in chunk metadata,"Historical biography as printed on the slides; some statements are unusual (e.g., the Nehru sentence, 'इलालाबाद', repeated city names). Stored verbatim with attribution, not corrected from outside kno",
