entity_id,type,name,aliases,documents,description,flags,link_note
ORG-GIAN,organisation,GIAN,GIAN | gian | www.gian.org | GIANNIDHI,SY53-PPT | SY51-HB-P2 | GIAN-NIDHI | SY51-HB-P1,"Logo on the 53rd Shodhyatra title slide; 'supported by GIAN' (51st Shodhyatra, Honey Bee 35(4) p.2); publisher of the GIAN Nidhi repository. GIAN Nidhi page footer: 'GIAN is the first incubator of grassroots innovations set up in 1997 in collaboration with the Gujarat government and supported by SRISTI and IIMA in addition to the Honey Bee Network.'",,
ORG-SRISTI,organisation,SRISTI,SRISTI | www.sristi.org | सृष्टि संस्था | सृष्टि,SY53-PPT | SY51-HB-P2 | GIAN-NIDHI,Organised the 51st Shodhyatra (Honey Bee 35(4) p.2). Logo on the 53rd Shodhyatra title slide; 'सृष्टि संस्था के साथियों' worked with Dharmveer on mahua machine demonstrations (slide 60). Named as a supporter of GIAN on the GIAN Nidhi page.,,
ORG-SRISTI-INNOVATIONS,organisation,SRISTI Innovations,SRISTI Innovations | sristi innovations | sristiinnovation.com,SY53-PPT | SY51-HB-P2,Logo on the 53rd Shodhyatra title slide and on the 51st Shodhyatra route graphic (sristiinnovation.com). Role not stated.,,
ORG-HBN,organisation,Honey Bee Network,Honey Bee Network | HONEY BEE NETWORK | हनी बी,SY53-PPT | SY51-HB-P2 | GIAN-NIDHI,Supported the 51st Shodhyatra (Honey Bee 35(4) p.2). Logo on the 53rd Shodhyatra title slide; slide 90 shows 'promotion and dissemination of the Honey Bee database method'. Mentioned on the GIAN Nidhi page as supporting GIAN.,,
ORG-NIF,organisation,nif.org.in (NIF website),nif.org.in,SY51-HB-P1,"Only a URL appears: https://nif.org.in/innovation/wear_a-helmet-to-start_your-two-wheeler/706 (idea competition, Honey Bee 35(3) p.15). The organisation name is not written out in the source.",,
ORG-IIMA,organisation,IIMA,IIMA,GIAN-NIDHI,Named on the GIAN Nidhi page as a supporter of GIAN (with SRISTI and the Honey Bee Network).,,
ORG-GOVT-GUJARAT,organisation,Gujarat government,Gujarat government,GIAN-NIDHI,GIAN was set up in 1997 in collaboration with the Gujarat government (GIAN Nidhi page footer).,,
ORG-GOVT-MP,organisation,Government of Madhya Pradesh,मध्यप्रदेश सरकार | मध्य प्रदेश सरकार,SY53-PPT,"Honoured Jhabua's dolls (slide 16); with the local agriculture department, pursuing a GI tag for the Noorjahan mango (slide 49).",,
ORG-MALI-SAMAJ,organisation,Mali Samaj,Mali Samaj,SY51-HB-P1,Members of the Mali Samaj supported the 51st Shodhyatra walk as local volunteers (Honey Bee 35(3) p.13).,,
ORG-SHUBHANGINI-SPICES,organisation,M/s Shubhangini Spices,M/s Shubhangini Spices | Shubhangini Spices,SY51-HB-P1,Manufacturer processing Kasuri Methi (dried fenugreek leaves) and Pudina (mint) visited during the 51st Shodhyatra; yatris suggested UV light against contamination and discussed a possible GI application (Honey Bee 35(3) p.14).,,
ORG-SHIV-SHIVAY-FPC,organisation,Shri Shiv Shivay Farmer Producer Company Limited,श्री शिव शिवाय फार्मर प्रोड्यूसर कंपनी लिमिटेड | शिव शिवाय फार्मर प्रोड्यूसर कंपनी लिमिटेड | Shiv Shivay Farmer Producer Company | Shiv Shivay FPC,SY53-PPT,"Farmer producer company of village Bamaniya, Jhabua (MP), established 2024; aggregates linseed stalks (slides 36-37).",,
ORG-TRC,organisation,TRC,TRC | TRC संस्था,SY53-PPT,Guided the Shiv Shivay FPC and connected it to a linseed-stalk processing company (slide 37). Full name not given.,,
ORG-BHASHA-SANSTHA,organisation,'Bhasha' organisation (भाषा संस्था),“भाषा” संस्था | भाषा संस्था | Bhasha organisation,SY53-PPT,Sejal Rathwa strengthened the banana-fibre diary business together with the 'Bhasha' organisation (slide 39).,,
ORG-BHASHA-KENDRA,organisation,Bhasha Kendra (भाषा केंद्र),भाषा केंद्र | Bhasha Kendra,SY53-PPT,Published Dineshbhai Rathwa's Rathwa-dialect word booklet (slide 70).,,
ORG-SAMPARK,organisation,"Sampark (Sampark Sanstha / Sampark Sansthan, Petlawad)",सम्पर्क संस्था | संपर्क संस्था | संपर्क संस्थान | Sampark | Sampark Sanstha,SY53-PPT,"Organisation at Petlawad, Jhabua with which Harish Pawar ji works; has conserved 196 native seed varieties including 32 wheat varieties (slides 40-42).",,
ORG-VYAPARI-MAHASANGH,organisation,Vyapari Mahasangh (traders' federation),व्यापारी महासंघ | Vyapari Mahasangh,SY53-PPT,"With Kamleshji Patel and others, planted 5000 trees on Hathipav hill, Jhabua (slide 79).",,
ORG-GOOD-MORNING-CLUB,organisation,Good Morning Club,गुड मॉर्निंग क्लब | गुडमार्निंग क्लब | Good Morning Club,SY53-PPT,Club through which Mahendra Sharma and Prafulji Sharma raised health awareness among people aged 35-65; a clipping reports its silver jubilee (slide 81). Location not stated.,,
ORG-SHAKTI-EMPORIUM,organisation,Shakti Emporium ('Gudiya Ghar'),शक्ति एम्पोरियम | गुड़िया घर | Shakti Emporium | Gudiya Ghar,SY53-PPT,"Founded in the 1980s by Shri Uddhav Gidwani, known locally as 'Gudiya Ghar' (doll house), to make tribal women self-reliant and establish doll-making commercially (slide 16).",,
ORG-ISRO,organisation,ISRO,इसरो | ISRO,SY53-PPT,"Anu Bhabhor also did a programme 'in ISRO' (slide 24, wording as given).",,
ORG-HSRA,organisation,Hindustan Socialist Republican Army / Association,हिन्दुस्तान सोशलिस्ट रिपब्लिकन आर्मी | हिन्दुस्तान सोशलिस्ट रिपब्लिकन एसोसिएशन | Hindustan Socialist Republican Army | HSRA,SY53-PPT,Chandrashekhar Azad was its Commander-in-Chief (slide 93).,,
ORG-NAYAK-BHIL-DHANUK,community,"Nayak, Bhil and Dhanuk communities (Chhota Udepur)","नायक, भील और धानुक समुदाय | Nayak, Bhil and Dhanuk",SY53-PPT,"Communities of Chhota Udaipur district, Gujarat, who make lac-coated non-stick clay handis (slides 44-45).",,
ORG-GUNATA-SCHOOL,institution,Gunata Primary School,गुनाटा प्राथमिक शाला | गुनाटा स्कूल | Gunata Primary School | Gunata school,SY53-PPT,School where Jitubhai Patel teaches (400+ students) and student Mehul set up a small art museum (slide 68); the 53rd Shodhyatra halted at Gunata school on 8 June (slide 76); Mehul Rathwa studies at the school of Gunata village (slide 34).,,
ORG-ROJKUVA-SCHOOL,institution,"Rojkuva Primary School (Chhota Udaipur, Gujarat)",रोजकुवा प्राथमिक शाला | Rojkuva Primary School,SY53-PPT,School of teacher Makwana Jagdishbhai Naranbhai (slide 66).,,
ORG-HARPALPUR-SCHOOL,institution,Harpalpur Primary School (Gujarat),हरपालपुर प्राथमिक शाला | Harpalpur Primary School,SY53-PPT,School of teacher Ramanbhai Rathwa (slide 71).,,
ORG-RANGPUR-SCHOOL,institution,Rangpur Primary School (Chhota Udaipur),रंगपुर प्राथमिक विद्यालय | Rangpur Primary School,SY53-PPT,School of class-6 student Aadesh (slide 75).,,
ORG-PMC-GIRLS-SCHOOL,institution,PMC Girls School,PMC गर्ल्स स्कूल | PMC Girls School,SY53-PPT,Girls' school led by Seema Trivedi ji; enrolment rose from 1100 to 1450 in 2024 (slide 64). Location not stated.,,
ORG-SOLDIER-ACADEMY-JHABUA,institution,"Free Soldier Physical Academy, Jhabua",सोल्जर फिजिकल एकेडमी झाबुआ | Soldier Physical Academy,SY53-PPT,Started free of charge by Uday Bilwal in 2015 (slide 63).,,
ORG-JHABUA-COLLEGE,institution,Jhabua College,झाबुआ कॉलेज,SY53-PPT,Its ground is mentioned in Uday Bilwal's story (slide 63).,,
ORG-CHAKDHANI-SCHOOL,institution,"Government Higher Secondary School, Chakdhani (Nagaur)",राजकीय उच्च माध्यमिक विद्यालय चकढ़ाणी,SY51-HB-P1,School wall with an 'Alumni Board' shown in a photo captioned 'Recognising outstanding students' (Honey Bee 35(3) p.15; text read from the photo).,,
EVT-SY51,event,"51st Shodhyatra (June 17-23, 2024, Harima to Chak Dhani, Nagaur, Rajasthan)",51st Shodhyatra | 51 Shodhyatra | Shodhyatra 51 | SHODHYATRA 51 | 51st Shodhyatra | 51st,SY51-HB-P1 | SY51-HB-P2,"Week-long walk from Harima to Chak Dhani in Nagaur district, Rajasthan, June 17-23, 2024; began with 50 participants from 15 states (Part I, p.13); through nine villages (Part II, p.2); organised by SRISTI, supported by GIAN and the Honey Bee Network (Part II, p.2).",,
EVT-SY53,event,"53rd Shodhyatra (04-10 June 2025, Bhurimati, Jhabua MP to Ambala, Chhota Udepur, Gujarat)",53rd Shodhyatra | 53 वीं शोधयात्रा | 53वीं शोधयात्रा | ५३ वीं शोधयात्रा | 53rd Shodyatra | 53rd,SY53-PPT,"From Bhurimati (Jhabua, MP) to Ambala (Chhota Udepur, Gujarat), 04-10 June 2025 (slide 1); 105+ km through Jhabua and Alirajpur (MP) and Chhota Udaipur (Gujarat) (slide 4); 40+ shodhyatris from 10 states (slide 5); 23 villages - 17 in MP, 6 in Gujarat (slide 6).",,
EVT-SHODHYATRA-SERIES,event_series,Shodhyatra (series),Shodhyatra | Shodhyatras | शोधयात्रा | SHODHYATRA 1 TO 52,SY53-PPT | SY51-HB-P1 | SY51-HB-P2,"Series of walks; slide 2 of the 53rd presentation maps Shodhyatras 1-52 (summer and winter) and marks the 53rd as upcoming. Part II describes the Shodhyatra as 'an attempt to reach out to such parts of the country, where hardships and challenges of the natural surroundings motivate people to reproduce and develop frugal solutions'.",,
EVT-ICCIG,event,ICCIG,ICCIG,SY53-PPT,Desing Rathwa recently took part in ICCIG with Pithora paintings (slide 33). The acronym is not expanded in the source.,,
EVT-HALMA,tradition,Halma (हलमा),हलमा | Halma,SY53-PPT,Annual festival at which Ashok used to help people (slide 50); 'Adivasi Halma' is also mentioned on Bharti Soni's slide (slide 17).,,
EVT-GAMSHAYNI,tradition,Gamshayni (गामशायनी),गामशायनी | Gamshayni,SY53-PPT,Festival held after 100 years at Moti Dumali to change the generation of the local deity (slide 23).,,
PUB-HB-35-3,publication,Honey Bee Vol 35 (3) July - September 2024,Honey Bee Vol 35 (3),SY51-HB-P1,Newsletter issue carrying '51st Shodhyatra ... Part-I' on pp. 13-15.,,
PUB-HB-35-4,publication,Honey Bee Vol 35 (4) October - December 2024,Honey Bee Vol 35 (4),SY51-HB-P2,Newsletter issue carrying 'The pain behind the glitter! 51 Shodhyatra ... Part-II' on pp. 2-4.,,
PUB-PATRIKA,publication,Patrika (Jhabua-Alirajpur edition clipping),पत्रिका | झाबुआ-आलीराजपुर पत्रिका | Patrika,SY53-PPT,"Newspaper clipping in the slide-84 image (Patrika, Indore, Tuesday 03 June 2025) about Sandhya Kulkarni.",,
AWD-PADMA-SHRI,award,Padma Shri,Padma Shri | पद्मश्री,SY51-HB-P1 | SY53-PPT,"Sources call Sundaram Ji and Himmat Ram Bhambhuji 'Padma Shri awardee' (no year given); Ramesh and Shanti Parmar were honoured with the Padma Shri in 2023 (slide 14); Bhuri Bai is said to have received the Padma Shri (hidden text, slide 35).",,
AWD-PRESIDENTIAL-UNSPECIFIED,award,Presidential award (specific award not stated),Presidential awardee | राष्ट्रपति पुरस्कार,SY51-HB-P1 | SY53-PPT,"Santosh Pachar is called 'a Presidential awardee' (Honey Bee 35(3) p.14); Shri Dharmveer of Yamunanagar is 'honoured with the President's award' (slide 60). The sources do not name the specific award or year, so this node does NOT imply the two received the same award.",,
AWD-SHIKHAR-SAMMAN,award,Shikhar Samman,शिखर सम्मान | Shikhar Samman,SY53-PPT,"Award received by Bhuri Bai (hidden text, slide 35).",,
PER-SUNDARAM-VERMA,person,Sundaram Verma,Shri Sundaram Ji | Sundaram Ji | Sundaram Vermaji | Sunda Ram Verma,SY51-HB-P1 | SY51-HB-P2,Padma Shri awardee who developed a method to grow trees with just one litre of water; brought apples grown in Rajasthan of a variety originally developed by Hariman Sharma (Part I p.14). Part II p.4 details the one-litre technique (80-85% success rate).,,Three spellings across Part I and Part II linked because the same unique technique (one litre of water) is attributed to each.
PER-HIMMAT-RAM-BHAMBHU,person,Himmat Ram Bhambhu,Shri Himmat Ram Bhambhu | Himmat Ram Bhambhu | Himmat Ram Bhambhuji | Himmat Ramji Bambhu | Himmatramji Bambhu,SY51-HB-P1 | SY51-HB-P2,"Created Paryavaran Van, a 36-bigha mini forest at Harima village (Part I p.13); Padma Shri awardee who has planted over 5 lakh trees and fought for wildlife conservation (Part I p.14); helped conserve landscapes and waterscapes for many wildlife species (Part II p.4).",,"Spellings Bhambhu/Bambhu linked: same village (Harima), same conservation work, same event."
PER-RAMESHWAR-KHEJRI,person,Rameshwar Lal / Rameshwar Prasad (name differs between Part I and Part II),Shri Rameshwar Prasad Ji | Rameshwar Prasad Ji | Rameshwar Prasad | Mr. Rameshwar Lal ji | Rameshwar Lal ji | Rameshwar Lal,SY51-HB-P1 | SY51-HB-P2,"Part I (p.14): 'Shri Rameshwar Prasad Ji' - grafting techniques with the Khejri tree and the discovery of 14 different varieties including a thornless Khejri. Part II (pp.2, 4): 'Rameshwar Lal ji' - developed a thornless variety of Khejri (Prosopis cineraria) through grafting and collected seeds from a tree that flowered in a dry year.",name_conflict,Linked as one person with status 'probable': both mentions are tied to the same specific innovation (thornless Khejri via grafting) in the same Shodhyatra; the middle name conflicts (Prasad vs Lal) and is unresolved.
PER-HARIMAN-SHARMA,person,Hariman Sharma,Hariman Sharma,SY51-HB-P1,Originally developed (in Himachal Pradesh) the apple variety that Sundaram Ji grew in Rajasthan (Part I p.14).,,
PER-SANTOSH-PACHAR,person,Santosh Pachar,Smt. Santosh Pachar | Santosh Pachar,SY51-HB-P1,Presidential awardee who developed a new carrot variety; met at the innovators' press conference (Part I p.14).,,
PER-ASHOK-SY51,person,Mr. Ashok (51st Shodhyatra),Mr. Ashok | Ashok,SY51-HB-P1 | SY51-HB-P2,Entrepreneur who promotes organic farming and gives employment to women (Part I p.14; Part II p.2). No surname given.,,"Distinct from 'Ashok (farmer)' of the 53rd Shodhyatra (different event, region and story)."
PER-PANCHARIYA,person,Rawalchand / Rahulchand Panchariya,Mr. Rahulchand Panchariya | Rahulchand Panchariya | Mr. Rawalchand Panchariya | Rawalchand Panchariya,SY51-HB-P1 | SY51-HB-P2,"Showcased innovations in organic sweet potato cultivation and millet-based products (Part I p.14; Part II p.2). Part II p.4: spoke about the five varieties of sweet potato he had developed by selection over seven years, needing less water. Part I photo caption (p.15): 'Eight varieties of sweet potatoes, Rahulchand Panchariya'.",name_conflict | conflicting_values,"Linked as one person with status 'probable': same surname and same innovations; first name spelled Rahulchand (Part I) vs Rawalchand (Part II). Count differs: 'eight varieties' (Part I caption, varieties shown) vs 'five varieties ... he had developed' (Part II)."
PER-KAMALJI-BATI,person,Kamalji Bati,Kamalji Bati,SY51-HB-P1,Operator of the Likhmidas Temple who shared the temple's story (Part I p.14).,,Distinct from Kamalji/Kalamsingh Dawar of the 53rd Shodhyatra.
PER-SUNILJI,person,Sunilji,Sunilji,SY51-HB-P1,Operator of the Likhmidas Temple (Part I p.14).,,
PER-RAJARAM-TAK,person,Rajaram Tak,Shri Rajaram Tak | Rajaram Tak,SY51-HB-P1,Teacher who presented a model of the solar system at Atusar village (Part I p.14).,,
PER-SHRAVAN-KUMAR-SONI,person,Shravan Kumar Soni,Shri Shravan Kumar Soni | Shravan Kumar Soni,SY51-HB-P1,Demonstrated how home spaces could be made greener using bonsai plants (Part I p.14).,,
PER-KANARAMJI,person,Kanaramji (91-year-old),Shri Kanaramji | Shree Kanaramji | Kanaramji,SY51-HB-P1 | SY51-HB-P2,"91-year-old innovator; shared tips for staying fit; made a crutch that supported his leg from the thigh, freeing his hands (Part I p.14). Shared traditional animal remedies (Part II p.4).",,
PER-TEJARAM,person,Tejaram Ji,Shri Tejaram Ji | Tejaram Ji,SY51-HB-P1,64-year-old PhD holder in Economics who shared his wisdom (Part I p.14).,,
PER-ANARAMJI,person,Anaramji,Anaramji,SY51-HB-P1,"Herbalist for animals and humans, practising traditional knowledge for 40 years (Part I pp.14-15).",,
PER-SATARAM,person,Sataram,Shri Sataram | Sataram,SY51-HB-P1,The only farmer in the village using camels for farming (Part I p.15).,,
PER-PHULI-DEVI,person,Phuli Devi,Smt. Phuli Devi | Phuli Devi,SY51-HB-P1,Traditional healer (Part I p.15).,,
PER-RAMI-DEVI,person,Rami Devi,Rami Devi,SY51-HB-P1,Traditional healer (Part I p.15).,,
PER-BABULALJI,person,Babulalji,Shri Babulalji | Babulalji,SY51-HB-P1,Volunteer helping to organise the yatra in the village (Part I p.15).,,
PER-PRAHALAD,person,Prahalad,Shri Prahalad,SY51-HB-P1,Farmer at Mundwa who kept cultivating Khejri trees despite family resistance and earned a decent income (Part I p.15).,,
PER-SARJU-DEVI,person,Sarju Devi (108-year-old),Smt. Sarju Devi Ji | Sarju Devi Ji | Sarju Devi ji | Sarju Devi,SY51-HB-P1 | SY51-HB-P2,108-year-old who sang bhajans and replied to every question in poetry (Part I p.15); centenarian who shared stories and tips for a long life (Part II p.3).,,
PER-DHARAMVEER-KHAMBOJJI,person,Dharamveer Khambojji,Dharamveer Khambojji,SY51-HB-P1,"Rural entrepreneur who participated (at Kuchera) despite a fractured leg and showed his inventions, an electric wheelchair and fruit juices (Part I p.15); photo caption 'Dharamveer Khambojji interacting with children'.",,"Possibly the same person as 'Shri Dharmveer' of Yamunanagar in the 53rd Shodhyatra presentation, but NOT confirmed by the sources (no surname/place overlap). Kept as a separate entity; relationship status 'unverified'."
PER-SATAR-KHAN,person,Satar Khan,Satar Khan,SY51-HB-P1,"Teacher: the government school had 45 students when he joined, now 320; aims for over 400 (Part I p.15).",,
PER-RINKU-JEJI,person,Rinku Jeji,Rinku Jeji,SY51-HB-P1,Idea in the idea competition: a device to indicate if manure is required in the field (Part I p.15).,,Distinct from Rinku Rathwa (53rd Shodhyatra).
PER-SIMRAN,person,Simran,Simran,SY51-HB-P1,Idea: a bottle with hot and cold water simultaneously (Part I p.15).,,
PER-RAM-CHANDRA-SIROHI,person,Ram Chandra Sirohi,Ram Chandra Sirohi,SY51-HB-P2,Made study rooms equipped with tables and A/Cs for the village children (Part II p.3).,,
PER-VISHNU,person,Vishnu (teacher),Vishnu,SY51-HB-P2,Teacher who taught archery to students from tribal communities and helped them compete professionally (Part II p.3); his students are from nomadic communities (Part II p.4).,,
PER-RAM-RATANJI,person,Ram Ratanji,Ram Ratanji,SY51-HB-P2,"Sells tractors to farmers at a starting cost of Rs. 50,000, with the rest repaid at ease (Part II p.4).",,
PER-SRI-KRISHNA,person,Sri Krishna,Sri Krishna,SY51-HB-P1,Motivated the team of local volunteers supporting the walk (Part I p.13).,,
PER-SATISH,person,Satish,Satish,SY51-HB-P1,Motivated the team of local volunteers supporting the walk (Part I p.13).,,
PER-RAMESH-PARMAR,person,Ramesh Parmar,रमेश परमार | Ramesh Parmar,SY53-PPT,Of Jhabua; with Shanti Parmar makes traditional Bhili dolls and tribal toys for 30 years; Padma Shri 2023 (slide 14).,,
PER-SHANTI-PARMAR,person,Shanti Parmar,शांति परमार | Shanti Parmar,SY53-PPT,Of Jhabua; with Ramesh Parmar makes Bhili dolls; Padma Shri 2023 (slide 14).,,
PER-SUBHASH-GIDWANI,person,Subhash Gidwani,सुभाष गिदवानी | Subhash Gidwani,SY53-PPT,Jhabua; conservation and promotion of Adivasi Gudiya; 300+ exhibitions; trained about 150-200 women (slides 15-16).,,
PER-UDDHAV-GIDWANI,person,Uddhav Gidwani,उद्धव गिदवानी | Uddhav Gidwani,SY53-PPT,Father of Subhash Gidwani; founded Shakti Emporium ('Gudiya Ghar') in the 1980s (slide 16).,,
PER-BHARTI-SONI,person,Bharti Soni,भारती सोनी | Bharti Soni,SY53-PPT,Teaches school children to make clay idols (5000 a year) (slide 17).,,
PER-ARCHANA-RATHWA,person,Archana Rathwa,अर्चना राठवा | Archana Rathwa,SY53-PPT,From a village in Chhota Udepur district; turned Warli and Pithora art into a business; received Rs 1.25 lakh with an honour (slide 18).,,
PER-SHIVKUMARJI,person,Shivkumarji (Alirajpur),शिवकुमरजी | शिवकुमारजी | Shivkumarji | Shivkumar ji,SY53-PPT,"Made Gatha memory-pillar sculptures; Alirajpur, MP (slides 19-21).",,
PER-THAVARSINGH-BHURIYA,person,Thavarsingh Bhuriya,थावरसिंग भूरिया | Thavarsingh Bhuriya,SY53-PPT,"With Pema Fatiya, has made much Pithora art; a '55 long' Pithora installed in Bombay (slide 22).",,
PER-PEMA-FATIYA,person,Pema Fatiya,पेमा फातिया | Pema Fatiya,SY53-PPT,Pithora artist working with Thavarsingh Bhuriya (slide 22).,,
PER-ANU-BHABHOR,person,Anu Bhabhor,अनु भाभोर | Anu Bhabhor,SY53-PPT,400+ street plays on social issues; programme at ISRO; state-level gold medal in sport at 62 (slide 24).,,
PER-SANTOSH-BASOND,person,Santosh Basond,संतोष बसोंड | Santosh Basond,SY53-PPT,Makes bamboo products in Jhabua including a standing-use broom bought by the administration (slide 25).,,Distinct from Santosh Pachar (51st Shodhyatra).
PER-RATANBHAI-RATHWA,person,Ratanbhai (Pohliya) Rathwa,रतनभाई राठवा | रतनभाई पोहलिया राठवा | Ratanbhai Rathwa,SY53-PPT,"Folk artist of Kanalwa, Chhota Udepur; traditional wooden sculptures for 10 years (slides 27-28).",,
PER-BHARAT-VARIYA,person,Bharat Variya,भरत वरिया | Bharat Variya,SY53-PPT,'Sculptor of tribal faith' (slide 31 caption only).,,
PER-DESING-RATHWA,person,Desing Rathwa,देसींग राठवा | Desing Rathwa,SY53-PPT,Lakhara (Pithora painter); took part in ICCIG (slides 32-33).,,
PER-MEHUL-RATHWA,person,Mehul Rathwa,मेहुल राठवा | मेहुल | Mehul Rathwa | Mehul,SY53-PPT,Student artist at the school of Gunata village; held a small art exhibition (slide 34). Slide 68: 'student Mehul' set up a small art museum at Gunata Primary School.,,"Slide 68's 'छात्र मेहुल' linked to Mehul Rathwa (slide 34) with status 'probable' - same first name, same school (Gunata), both about his art."
PER-BHURI-BAI,person,Bhuri Bai,भूरी बाई | Bhuri Bai,SY53-PPT,Bhil artist of MP; put Pithora art on paper and acrylic under J. Swaminathan's guidance; Padma Shri and Shikhar Samman (slide 35 - text hidden behind an image).,hidden_text_in_pdf,
PER-J-SWAMINATHAN,person,J. Swaminathan,जे. स्वामीनाथन | J. Swaminathan,SY53-PPT,"Guided Bhuri Bai (slide 35, hidden text).",,
PER-LEELA-NINAMA,person,Leela Ninama,लीला निनामा | Leela Ninama,SY53-PPT,"Named with the Shiv Shivay FPC, Bamaniya (slide 36).",,
PER-MANJU-VASUNIYA,person,Manju Vasuniya,मंजू वसुनिया | Manju Vasuniya,SY53-PPT,"Named with the Shiv Shivay FPC, Bamaniya (slide 36).",,
PER-LALITA-SINGAD,person,Lalita Singad,ललिता सिंगाड़ | Lalita Singad,SY53-PPT,"Named with the Shiv Shivay FPC, Bamaniya (slide 36).",,
PER-SEJAL-RATHWA,person,Sejal Rathwa,सेजल राठवा | Sejal Rathwa,SY53-PPT,Makes diaries from banana fibre sold at Rs 400-600 (slides 38-39).,,
PER-HARISH-PAWAR,person,Harish Pawar,हरीश पावर | हरीश पावर जी | Harish Pawar,SY53-PPT,Of Sampark sanstha; motivates farmers to make organic inputs themselves (slides 40-42).,,
PER-SURENDRAPAL-CHAUHAN,person,Surendrapal Singh Chauhan,सुरेंद्रपालसिंह चौहान | Surendrapal Singh Chauhan | Surendrapalsingh Chauhan,SY53-PPT,Developed a sunflower variety with more than two flowers per plant over 3-4 years (slide 46).,,
PER-TERESINGH-BARCHA,person,Teresingh Barcha,तेरेसिंह बारचा | Teresingh Barcha,SY53-PPT,Farmer of the Petlawad area conserving traditional maize and moong varieties (slide 47).,,
PER-ISAK-MANSURI,person,Isak Mansuri,ईसाक मंसूरी | Isak Mansuri,SY53-PPT,"Farmer of Katthiwada who saved, conserved and promoted the Noorjahan mango variety (slide 48).",,
PER-ASHOK-SY53,person,"Ashok (farmer, 53rd Shodhyatra)",अशोक | अशोक किसान | Ashok (farmer) | Ashok,SY53-PPT,"Young man who switched from chemical to native/organic farming, now a master trainer (slide 50). Village not named.",,Distinct from Mr. Ashok of the 51st Shodhyatra.
PER-DULESINGH-BHURIYA,person,Dulesingh Bhuriya,दुलेसिंह भूरिया | दुलेसिंह | Dulesingh Bhuriya,SY53-PPT,Natural farming on 2 bigha for 5 years; earns up to Rs 1 lakh a year (slide 51).,,
PER-CHETAN-PACHAYA,person,Chetan Pachaya,चेतन पचाया | चेतन भाई | Chetan Pachaya,SY53-PPT,Planted 1300 banana plants as a first in the area; set up a Gir-cow gaushala (slide 52).,,
PER-KALAMSINGH-DAWAR,person,Kalamsingh Dawar ('Kamalji'),कलमसिंह डावर | कमलजी | Kalamsingh Dawar,SY53-PPT,"Village Chhoti Pol, tehsil Bhavra, Alirajpur; intercropping with dragon fruit (slide 53).",name_conflict,
PER-VISHAL-PARMAR,person,Vishal Parmar,विशाल परमार | Vishal Parmar,SY53-PPT,Young innovator who built a welding machine using water and electricity (slides 54-55).,,
PER-VIJAY,person,Vijay,विजय | Vijay,SY53-PPT,Brought Vishal Parmar to Kareli Mahudi for a demonstration (slide 54).,,
PER-DHARMVEER-SY53,person,"Shri Dharmveer (Yamunanagar, Haryana)",श्री धर्मवीर | धर्मवीर | Dharmveer,SY53-PPT,"From Yamunanagar (Haryana), honoured with the President's award; built a hand-operated mahua seed breaking machine after seeing the problem during the Shodhyatra (slide 60).",,Possibly the same person as 'Dharamveer Khambojji' (51st Shodhyatra) but NOT confirmed by the sources; kept separate (relationship status 'unverified').
PER-UDAY-BILWAL,person,Uday Bilwal,उदय बिलवाल | Uday Bilwal,SY53-PPT,"Born in Pipliapada, Jhabua; started the free Soldier Physical Academy Jhabua in 2015; 410+ youth selected (slides 62-63).",,
PER-SEEMA-TRIVEDI,person,Seema Trivedi,सीमा त्रिवेदी | सीमा त्रिवेदी जी | Seema Trivedi,SY53-PPT,Leads PMC Girls School (enrolment 1100 to 1450 in 2024) (slide 64).,,
PER-RENU-KACHHAWA,person,Renu Kachhawa,श्री रेणु कछावा | रेणु कछावा | Renu Kachhawa,SY53-PPT,"Assistant teacher, primary school, village Khandiyakhawal, Jhabua district; made many TLMs (slide 65).",,
PER-JAGDISHBHAI-MAKWANA,person,Makwana Jagdishbhai Naranbhai,मकवाना जगदीशभाई नाराणभाई | जगदीशभाई मकवाना | जगदीशभाई | Jagdishbhai Makwana,SY53-PPT,"Teacher at Rojkuva Primary School, Chhota Udaipur (Gujarat); education through Bhavai (slide 66).",,
PER-JITUBHAI-PATEL,person,Jitubhai Patel,जीतूभाई पटेल | जीतूभाई | Jitubhai Patel,SY53-PPT,"Teacher at Gunata Primary School, former police PSI; linked 450 women to pension schemes (slide 68).",,
PER-DINESHBHAI-RATHWA,person,Dineshbhai Rathwa,दिनेशभाई राठवा | दिनेशभाई | Dineshbhai Rathwa,SY53-PPT,Teacher who compiled a Rathwa-dialect word booklet for outside teachers (slides 69-70).,,
PER-RAMANBHAI-RATHWA,person,Ramanbhai Rathwa,रमणभाई राठवा | रमणभाई | Ramanbhai Rathwa,SY53-PPT,"Teacher at Harpalpur Primary School, Gujarat; spent Rs 2 lakh of personal money on a school (slide 71).",,
PER-NIKHILBHAI-RATHWA,person,Nikhil bhai Rathwa,निखिल भाई राठवा | Nikhil bhai Rathwa,SY53-PPT,Part of a three-person team delivering supplies to 100+ schools (slide 73).,,
PER-RITESHBHAI-DARJI,person,Riteshbhai Darji,रितेशभाई दरजी | Riteshbhai Darji,SY53-PPT,Part of the same team (slide 73).,,
PER-CHAKABHAI,person,Chakabhai,चकाभाई | Chakabhai,SY53-PPT,Part of the same team (slide 73).,,
PER-AADESH,person,Aadesh (class 6 student),आदेश | Aadesh,SY53-PPT,Class 6 student at Rangpur Primary School (Chhota Udaipur) (slide 75).,,
PER-RINKU-RATHWA,person,Rinku Rathwa,रिंकू राठवा | Rinku Rathwa,SY53-PPT,Young girl at Gunata school with outstanding sporting skill (slide 76).,,Distinct from Rinku Jeji (51st Shodhyatra).
PER-AKSHAR-VASANI,person,Akshar Vasani,अक्षर वसानी | Akshar Vasani,SY53-PPT,Young shodhyatri on the 53rd Shodhyatra (slide 76).,,
PER-RAJKUSH,person,Rajkush,राजकुश | Rajkush,SY53-PPT,Quoted on slide 77 about the toy car made in 2.5 minutes.,,
PER-KAMLESHJI-PATEL,person,Kamleshji Patel,कमलेशजी पटेल | Kamleshji Patel,SY53-PPT,"With the Vyapari Mahasangh and others planted 5000 trees on Hathipav hill, Jhabua (slide 79).",,
PER-MAHENDRA-SHARMA,person,Mahendra Sharma,महेंद्र शर्मा | Mahendra Sharma,SY53-PPT,Good Morning Club health awareness (slide 81).,,
PER-PRAFULJI-SHARMA,person,Prafulji Sharma,प्रफुलजी शर्मा | Prafulji Sharma | Praful Sharma,SY53-PPT,Good Morning Club health awareness (slide 81).,,
PER-RAJENDRA-SHRIVASTAV,person,Rajendra Shrivastav (Neeraj),राजेन्द्र श्रीवास्त | राजेंद्र श्रीवास्तव | राजेंद्रजी | Rajendra Shrivastav,SY53-PPT,"For 20 years has helped mentally ill and helpless people; reunited 500+ with families (slide 83); clipping: lives in Meghnagar, Jhabua district.",name_variant,
PER-SANDHYA-KULKARNI,person,Sandhya Kulkarni,संध्या कुलकर्णी | साध्यजी | Sandhya Kulkarni,SY53-PPT,"Nature lover and cyclist; 123 km in one day and 25 km in 2 h 25 min (slide 84); clipping: 62 years old, government servant in Jhabua for 40 years.",,
PER-GOPALBHAI-RATHWA,person,Gopal bhai Rathwa,गोपाल भाई राठवा | गोपाल भाई | Gopal bhai Rathwa,SY53-PPT,Retired from the army; free recruitment training and a small hostel for youth; trains women in organic farming and processing (slide 85).,,
PER-CHANDRASHEKHAR-AZAD,person,Chandrashekhar Azad,चंद्रशेखर आज़ाद | Chandrashekhar Azad,SY53-PPT,"Born 23 July 1906 at Bhavra, district Alirajpur; martyrdom 27 February 1931 (slides 92-93).",,
PER-SITARAM-TIWARI,person,Sitaram Tiwari,सीताराम तिवारी | Sitaram Tiwari,SY53-PPT,Father of Chandrashekhar Azad (slide 92).,,
PER-JAGRANI-DEVI,person,Jagrani Devi,जगरानी देवी | Jagrani Devi,SY53-PPT,Mother of Chandrashekhar Azad (slide 92).,,
PLC-RAJASTHAN,place,Rajasthan,Rajasthan,SY51-HB-P1 | SY51-HB-P2,State of the 51st Shodhyatra.,,
PLC-NAGAUR,place,Nagaur (Rajasthan),Nagaur,SY51-HB-P1 | SY51-HB-P2,District of the 51st Shodhyatra; has 611 gaushalas (Part I p.14); water shortage with reliance on rainwater (Part I p.15).,,
PLC-HARIMA,place,Harima,Harima Village | Harima,SY51-HB-P1 | SY51-HB-P2,Start of the 51st Shodhyatra; Paryavaran Van is at Harima (Part I p.13).,,
PLC-PARYAVARAN-VAN,place,Paryavaran Van (Harima),Paryavaran Van,SY51-HB-P1,Mini forest over 36 bighas created by Shri Himmat Ram Bhambhu (Part I p.13).,,
PLC-CHAK-DHANI,place,Chak Dhani,Chak Dhani | Chakdhanii | Chakdhani | चकढ़ाणी,SY51-HB-P1 | SY51-HB-P2,End of the 51st Shodhyatra; final meeting distributed books on animal disease treatment (Part I p.15).,,
PLC-ATUSAR,place,Atusar,Atusar,SY51-HB-P1 | SY51-HB-P2,Village on the route (Part I p.14; route graphic).,,
PLC-FIROD,place,Firod,Firod,SY51-HB-P1 | SY51-HB-P2,Village on the route; a gaushala with ~1000 cows was visited on the way (Part I p.14).,,
PLC-MUNDWA,place,Mundwa,Mundwa,SY51-HB-P1 | SY51-HB-P2,Stories of agricultural transformation (Part I p.15).,,
PLC-KUCHERA,place,Kuchera,Kuchera,SY51-HB-P1 | SY51-HB-P2,Where Dharamveer Khambojji joined the yatra (Part I p.15).,,
PLC-BHADANA,place,Bhadana,Bhadana,SY51-HB-P2,On the route graphic (Part II p.3).,,
PLC-AMANDA-KI-DHANI,place,Amanda Ki Dhani,Amanda Ki Dhani,SY51-HB-P2,On the route graphic (Part II p.3).,,
PLC-LIKHMIDAS-TEMPLE,place,Likhmidas Temple,Likhmidas Temple | Likhimdas Ji Mandir,SY51-HB-P1 | SY51-HB-P2,Temple whose operators raised Rs 1.80 crore in one day by offering 1 gaj of temple land for Rs 501 and lend stainless steel glasses (Part I p.14). Spelled 'Likhimdas Ji Mandir' on the route graphic.,,
PLC-RAMDEV-PEER-MANDIR,place,Ramdev Peer Mandir,Ramdev Peer Mandir,SY51-HB-P1,A temple and a masjid together in the same building with two adjacent rooms (Part I p.13).,,
PLC-BUTATI,place,Butati (Sant Chaturdas Temple),Butati | Sant Chaturdas Temple,SY51-HB-P1,"Sant Chaturdas Temple at Butati, known for healing paralysis (Part I p.15).",,
PLC-LOHARPURA,place,Loharpura (Nagaur city),Loharpura,SY51-HB-P2,Home to around 500 blacksmith families crafting precision tools for jewellery-making (Part II p.3).,,
PLC-HIMACHAL-PRADESH,place,Himachal Pradesh,Himachal Pradesh,SY51-HB-P1,Where Hariman Sharma originally developed the apple variety (Part I p.14).,,
PLC-MADHYA-PRADESH,place,Madhya Pradesh,मध्यप्रदेश | मध्य प्रदेश | Madhya Pradesh,SY53-PPT,State of 17 of the 23 villages of the 53rd Shodhyatra.,,
PLC-GUJARAT,place,Gujarat,गुजरात | Gujarat,SY53-PPT | GIAN-NIDHI,State of 6 of the 23 villages of the 53rd Shodhyatra.,,
PLC-JHABUA,place,Jhabua (MP),झाबुआ | Jhabua,SY53-PPT,District in Madhya Pradesh on the 53rd Shodhyatra route; described as a tribal region known for culture and handicrafts (slide 16).,,
PLC-ALIRAJPUR,place,Alirajpur (MP),अलीराजपुर | आलीराजपुर | Alirajpur,SY53-PPT,District in Madhya Pradesh on the 53rd Shodhyatra route.,,
PLC-CHHOTA-UDEPUR,place,Chhota Udepur (Gujarat),छोटाउदेपुर | छोटा उदेपुर | छोटा उदयपुर | छोटा उदैपुर | छोटाउदयपुर | Chhota Udepur | Chhota Udaipur,SY53-PPT,District in Gujarat on the 53rd Shodhyatra route (spelled five ways in the slides).,,
PLC-DAHOD,place,Dahod,दाहोद | Dahod,SY53-PPT,Mahua machine demonstrated in Dahod (slide 60).,,
PLC-BHURIMATI,place,Bhurimati (Jhabua),भूरीमाटी | Bhurimati,SY53-PPT,Starting point of the 53rd Shodhyatra (slide 1); a Gram Panchayat Bhurimati office sign appears in slide 12's photo.,,
PLC-AMBALA-CU,place,"Ambala (Chhota Udepur, Gujarat)",अंबाला | Ambala,SY53-PPT,End point of the 53rd Shodhyatra (slide 1).,,
PLC-PETLAWAD,place,Petlawad (Jhabua),पेटलावद | Petlawad,SY53-PPT,Location of Sampark Sansthan (slide 41); Teresingh Barcha's area (slide 47); dateline of the slide-17 clipping.,,
PLC-MOTI-DUMALI,place,Moti Dumali (Chhota Udepur),मोटी दुमाली | Moti Dumali,SY53-PPT,Village with the Baba Dev shrine (slide 23).,,
PLC-KANALWA,place,Kanalwa (Chhota Udepur),कनलवा | कनालवा | Kanalwa,SY53-PPT,Village of Ratanbhai Rathwa (slides 27-28).,,
PLC-BAMANIYA,place,Bamaniya (Jhabua),बामनिया | Bamaniya,SY53-PPT,Village of the Shiv Shivay FPC (slides 36-37).,,
PLC-KATTHIWADA,place,Katthiwada (Alirajpur),कट्ठीवाड़ा | Katthiwada,SY53-PPT,Area where the Noorjahan mango is grown (slide 48).,,
PLC-CHHOTI-POL,place,"Chhoti Pol (Bhavra, Alirajpur)",छोटी पोल | Chhoti Pol,SY53-PPT,Village of Kalamsingh Dawar (slide 53).,,
PLC-BHAVRA,place,Bhavra (Alirajpur),भावरा | Bhavra | Bhabra,SY53-PPT,Tehsil of Chhoti Pol (slide 53); birthplace of Chandrashekhar Azad (slide 92).,,
PLC-KADWAL,place,Kadwal,कदवाल | Kadwal,SY53-PPT,Village meeting where Vishal Parmar's welding machine was discussed (slide 54).,,
PLC-KARELI-MAHUDI,place,Kareli Mahudi,करेली महुदी | Kareli Mahudi,SY53-PPT,Where Vishal Parmar demonstrated the welding machine (slide 54).,,
PLC-GUNATA,place,Gunata,गुनाटा | Gunata,SY53-PPT,Village with Gunata Primary School; 53rd Shodhyatra halted at Gunata school on 8 June (slide 76).,,
PLC-PIPLIAPADA,place,Pipliapada (Jhabua),पिपलीपाड़ा | Pipliapada,SY53-PPT,Birthplace of Uday Bilwal (slide 63).,,
PLC-KHANDIYAKHAWAL,place,Khandiyakhawal (Jhabua),खंडियाखावल | Khandiyakhawal,SY53-PPT,Village of Renu Kachhawa's primary school (slide 65).,,
PLC-HATHIPAV,place,Hathipav (Jhabua),हाथीपाव | Hathipav,SY53-PPT,Hill/valley in Jhabua where 5000 trees were planted (slide 79).,,
PLC-MEGHNAGAR,place,Meghnagar (Jhabua),मेघनगर | Meghnagar,SY53-PPT,Where Rajendra Shrivastav lives (slide 83 clipping).,,
PLC-YAMUNANAGAR,place,Yamunanagar (Haryana),यमुनानगर | Yamunanagar,SY53-PPT,Home of Shri Dharmveer (slide 60).,,
PLC-VADODARA,place,Vadodara,वडोदरा | Vadodara,SY53-PPT,Bank employees and chartered accountants of Vadodara fund the school-supplies team (slide 73).,,
PLC-BOMBAY,place,Bombay,बॉम्बे | Bombay,SY53-PPT,Where a long Pithora by Thavarsingh Bhuriya and Pema Fatiya is installed (slide 22).,,
INN-ONE-LITRE-TREE,innovation,Growing trees with one litre of water (Sundaram Verma),one litre of water | one-litre | 1 litre water tree,SY51-HB-P1 | SY51-HB-P2,"Part I p.14: grow trees with just one litre of water, ensuring survival without further watering. Part II p.4: deep plough at first rain; plank and ladder after the last rain to break capillaries; plant saplings in 4x4x10 inch pits, cover with soil, add one litre of water once; Oct-Nov planting; 80-85% success rate.",,
PLT-KHEJRI,plant,Khejri tree (Prosopis cineraria),Khejri | khejri | Prosopis cineraria,SY51-HB-P1 | SY51-HB-P2,Tree species of the region. Prahalad cultivated Khejri trees at Mundwa (Part I p.15); thornless Khejri was developed through grafting (see INN-THORNLESS-KHEJRI).,,
INN-THORNLESS-KHEJRI,innovation,Thornless Khejri through grafting,thornless Khejri | thornless khejri | thornless variety of the Khejri tree | grafting khejri | grafting techniques with the Khejri tree,SY51-HB-P1 | SY51-HB-P2,"Grafting techniques with Khejri (Prosopis cineraria) and discovery of 14 varieties including a thornless Khejri (Part I p.14); thornless variety via grafting; seeds collected from a tree that flowered in a dry year (Part II pp.2, 4).",,
INN-KHEJRI-SEED-STORAGE,practice,"Khejri seed storage (cow dung, cow urine, ash)",store the khejri seeds,SY51-HB-P2,"Seeds washed with cow dung and cow urine, then stored in ash to prevent insect attacks (Part II p.4). The practitioner is not explicitly named.",,
INN-SWEET-POTATO-VARIETIES,innovation,"Organic, low-water sweet potato varieties (Panchariya)",sweet potato | sweet potatoes,SY51-HB-P1 | SY51-HB-P2,"Organic sweet potato cultivation (Part I p.14); 'Eight varieties of sweet potatoes' (Part I p.15 caption); five varieties developed by selection over seven years, needing less water, some with deep red hue (Part II p.4).",conflicting_values,
INN-MILLET-PRODUCTS,innovation,Millet-based products (Panchariya),millet-based products | snacks from millets,SY51-HB-P1 | SY51-HB-P2,Showcased by Rahulchand/Rawalchand Panchariya (Part I p.14; Part II p.2).,,
INN-CARROT-VARIETY,innovation,New carrot variety (Santosh Pachar),carrot variety | new carrot variety,SY51-HB-P1,Developed by Smt. Santosh Pachar (Part I p.14).,,
INN-RAJASTHAN-APPLE,practice,Apples grown in Rajasthan (variety originally developed by Hariman Sharma),apples | apple,SY51-HB-P1,Sundaram Ji brought apples grown in Rajasthan of a variety originally developed by Hariman Sharma in Himachal Pradesh (Part I p.14).,,
INN-TEMPLE-STEEL-GLASSES,innovation,Stainless-steel glass lending (Likhmidas Temple),stainless steel glasses | plastic glasses,SY51-HB-P1,"Steel glasses lent for events like marriages on condition that 20 per cent more glasses are returned, to reduce plastic glasses (Part I p.14).",,
INN-TEMPLE-LAND-DONATION,innovation,Temple fundraising: 1 gaj of land for Rs 501 (Rs 1.80 crore in one day),1 Gaj | Rs 501 | 1.80 Crore,SY51-HB-P1,Likhmidas Temple received donations worth Rs 1.80 crore in one day by offering 1 gaj of temple land for Rs 501 (Part I p.14).,,
INN-KASURI-METHI,product,Kasuri Methi processing (Nagaur),Kasuri Methi | Methi | fenugreek,SY51-HB-P1,"Selection, manual cleaning and grading of dried fenugreek leaves; Nagaur's water said to contribute to superior quality; UV-light suggestion; possible GI application discussed (Part I p.14).",,
INN-SOLAR-SYSTEM-MODEL,innovation,Model of the solar system (Rajaram Tak),model of the solar system,SY51-HB-P1,Presented by teacher Rajaram Tak at Atusar (Part I p.14).,,
INN-BONSAI-GREENING,practice,Greening homes with bonsai (Shravan Kumar Soni),bonsai,SY51-HB-P1,Demonstration of making home spaces greener with bonsai plants (Part I p.14).,,
INN-THIGH-CRUTCH,innovation,Thigh-supported crutch (Kanaramji),crutch,SY51-HB-P1,"Crutch that supported his leg from the thigh, freeing his hands (Part I p.14).",,
INN-ANIMAL-REMEDIES-KANARAM,traditional_knowledge,Traditional animal remedies (Kanaramji),traditional remedies for animals | isabgol,SY51-HB-P2,"Retained umbilical cord after calving: old bamboo ground, boiled in water, strained through cloth and given cooled; loose motion: isabgol soaked in cold water (Part II p.4).",,
INN-CAMEL-FARMING,practice,Farming with camels (Sataram),camels for farming,SY51-HB-P1,The only farmer in the village using camels for farming (Part I p.15).,,
INN-ELECTRIC-WHEELCHAIR,innovation,Electric wheelchair (Dharamveer Khambojji),electric wheelchair,SY51-HB-P1,Invention shown by Dharamveer Khambojji (Part I p.15).,,
INN-FRUIT-JUICES,innovation,Fruit juices (Dharamveer Khambojji),fruit juices,SY51-HB-P1,Shown by Dharamveer Khambojji as his inventions (Part I p.15).,,
INN-HELMET-IGNITION-IDEA,idea,Scooter that starts only when the helmet is worn,helmet is worn | wear a helmet to start,SY51-HB-P1,Idea received in the idea competitions; linked URL https://nif.org.in/innovation/wear_a-helmet-to-start_your-two-wheeler/706 (Part I p.15). Innovator not named in the article.,,
INN-MANURE-INDICATOR-IDEA,idea,Device indicating whether a field needs manure (Rinku Jeji),requirement of manure,SY51-HB-P1,Idea competition entry (Part I p.15).,,
INN-HOT-COLD-BOTTLE-IDEA,idea,Bottle with hot and cold water simultaneously (Simran),hot and cold water,SY51-HB-P1,Idea competition entry (Part I p.15).,,
INN-STUDY-ROOMS,innovation,Village study rooms with tables and A/Cs (Ram Chandra Sirohi),study rooms,SY51-HB-P2,"Reflected in the number of academic toppers, most of them girls (Part II p.3).",,
INN-STUDENT-ROBOT,innovation,Rudimentary robot by two school students,rudimentary robot,SY51-HB-P2,Made by two students in the 8th and 10th grade (Part II p.3); students not named.,,
INN-FOUR-TREE-PLANTATION,practice,Four tree types side by side so fruit is always available for birds and animals,four types of trees,SY51-HB-P2,Seen on some farms (Part II p.4); farmers not named.,,
INN-TRACTOR-CREDIT,innovation,"Tractors from Rs 50,000 with flexible repayment (Ram Ratanji)",tractors,SY51-HB-P2,Part II p.4.,,
INN-SATHIKA-MOTH,traditional_knowledge,Sathika moth ki daal (Vigna aconitifolia / turkish gram),Sathika moth ki daal | Vigna aconitifolia | turkish gram,SY51-HB-P2,"Ready in 60 days, grows with only two or three rains; taste reportedly decreased; similar for moong dal (Part II p.4).",,
INN-KER,traditional_knowledge,Ker (medicinal plant / delicacy),Ker,SY51-HB-P1,Plucked from thorny trees; medicinal; costs around Rs 1800-2000/kg; a delicacy at marriages (Part I p.14).,,
INN-LOHARPURA-TOOLS,craft,Precision tools for jewellery-making (Loharpura blacksmiths),precision tools | blacksmith,SY51-HB-P2,"~500 blacksmith families; challenges: small coal furnaces, non-ergonomic positions, poorly ventilated workshops, inadequate eye protection (Part II p.3).",,
INN-PAAN-METHI,practice,Paan methi cultivation (farmer not named),paan methi,SY51-HB-P1,Another farmer at Mundwa spoke of an innovative approach to cultivating paan methi (Part I p.15).,,
INN-BHILI-DOLLS,craft,Bhili dolls and tribal toys (Ramesh and Shanti Parmar),भीली गुड़िया | Bhili dolls | Bhili doll,SY53-PPT,Slide 14.,,
INN-ADIVASI-GUDIYA,craft,Adivasi Gudiya - Jhabua tribal doll,आदिवासी गुड़िया | झाबुआ की गुड़िया | Adivasi Gudiya | Jhabua doll | tribal doll,SY53-PPT,"Hand-made from cloth, wood and natural colours; dressed like tribal women (slides 15-16).",,
INN-CLAY-IDOL-TRAINING,practice,Teaching children to make clay idols (Bharti Soni),मिट्टी की मूर्ति | clay idols,SY53-PPT,Slide 17.,,
INN-WARLI-PITHORA-BUSINESS,innovation,Warli and Pithora art as a business (Archana Rathwa),वार्ली और पिठोरा कला,SY53-PPT,Slide 18.,,
ART-PITHORA,art_form,Pithora art,पिठोरा | पिथोरा | Pithora,SY53-PPT,"Tribal painting tradition mentioned for Archana Rathwa (slide 18), Thavarsingh Bhuriya and Pema Fatiya (slide 22), Desing Rathwa (slide 33) and Bhuri Bai (slide 35, hidden text). Spelled पिठोरा and पिथोरा.",,
ART-WARLI,art_form,Warli art,वार्ली | Warli,SY53-PPT,Slide 18.,,
INN-GATHA-MEMORY-PILLARS,craft,Gatha smriti-phalak (memory pillars),गाथा स्मृति-फलक | स्मृति-फलक | Memory Pillar | memory pillars | Gatha,SY53-PPT,Stone memorial pillars of tribal communities; sculptures by Shivkumarji (slides 19-21).,,
INN-NUKKAD-NATAK,practice,Street plays for social awareness (Anu Bhabhor),नुक्कड नाटक | street plays,SY53-PPT,400+ street plays (slide 24).,,
INN-BAMBOO-BROOM,innovation,Standing-use bamboo broom (Santosh Basond),झाडू | broom | बांस,SY53-PPT,Lasts 6 months; administration buys 500 every two months (slide 25).,,
INN-WOODEN-SCULPTURES,craft,Traditional wooden sculptures incl. Pali/Puvali grain-weighing tools (Ratanbhai Rathwa),लकड़ी से पारंपरिक मूर्तियाँ | पाली | पुवाली | wooden sculptures,SY53-PPT,5 days per sculpture; no machine or electricity (slide 28).,,
INN-TRIBAL-FAITH-SCULPTURE,craft,Sculpture of tribal faith (Bharat Variya),आदिवासी आस्था के मूर्तिकार,SY53-PPT,Slide 31 caption.,,
INN-LINSEED-STALK-AGGREGATION,innovation,Linseed (alsi) stalk aggregation and sale (Shiv Shivay FPC),अलसी के डंठल | अलसी डंठल | linseed stalks | alsi,SY53-PPT,"2000 quintals sold in 2024-25; buy Rs 5/kg, sell Rs 13/kg; processed in Gujarat into fibre/boards (slide 37).",,
INN-BANANA-FIBRE-DIARY,innovation,Banana-fibre diaries (Sejal Rathwa),केले के फाइबर | Banana Fiber | banana fibre diary | डायरी,SY53-PPT,Sold at Rs 400-600 (slide 39).,,
INN-PARTICIPATORY-WHEAT-SELECTION,practice,Farmers choose wheat varieties by tying threads (Sampark),धागा | गेहूं की वैरायटी,SY53-PPT,Variety with most threads chosen for next crop (slide 41).,,
INN-SAMPARK-SEED-CONSERVATION,practice,"Conservation of 196 native seed varieties incl. 32 wheat (Sampark, Petlawad)",196 प्रकार की देशी बीजों | 196 native seed varieties,SY53-PPT,Slide 41.,,
INN-ORGANIC-INPUTS,practice,Farmer-made organic inputs (decentralised) - Harish Pawar / Sampark,जैविक उत्पाद,SY53-PPT,Slide 42.,,
INN-HARIYALI-HANDI,innovation,Hariyali Handi - lac-coated non-stick clay pots,हरियाली हांडी | हांडी | Hariyali Handi | non-stick clay pot | lac-coated,SY53-PPT,"Lac from insects on Pohim trees, boiled twice, applied to hot pots (slide 45).",,
INN-SUNFLOWER-VARIETY,innovation,Sunflower variety with more than two flowers per plant (Surendrapal Singh Chauhan),सूरजमुखी | सुरजमुखी | sunflower,SY53-PPT,3-4 years of traditional selection (slide 46).,,
INN-TRADITIONAL-MAIZE-MOONG-SEEDS,practice,Conserving traditional maize and moong varieties (Teresingh Barcha),मक्का और मूंग,SY53-PPT,Slide 47.,,
INN-NOORJAHAN-MANGO,crop_variety,Noorjahan mango,नूरजहां | नूरजहां आम | Noorjahan Mango | Noorjahan | Nurjahan,SY53-PPT,"Grown in Katthiwada, Alirajpur; weight stated as 2-4 kg, 2-4.5 kg (slide 48) and 3-4 kg (slide 49); price up to Rs 2000 per fruit; ripens end-June/early-July; no GI tag yet (slides 48-49).",conflicting_values,
INN-ORGANIC-TRANSITION-ASHOK,practice,"Ashok's switch to native/organic farming (jeevamrut, vermicompost)",जीवामृत | जैविक खेती,SY53-PPT,Slide 50.,,
INN-NATURAL-FARMING-DULESINGH,practice,Natural farming with mulching and drip (Dulesingh Bhuriya),प्राकृतिक खेती | मलचिंग,SY53-PPT,2 bigha; up to Rs 1 lakh/year (slide 51).,,
INN-BANANA-CULTIVATION-CHETAN,practice,First banana cultivation in the area (Chetan Pachaya),केले की खेती | 1300 केले,SY53-PPT,1300 plants (slide 52).,,
INN-GIR-GAUSHALA,practice,Gir-breed cow gaushala (Chetan Pachaya),गिर नस्ल | Gir,SY53-PPT,Slide 52.,,
INN-INTERCROPPING-DRAGON-FRUIT,practice,Intercropping with dragon fruit (Kalamsingh Dawar),ड्रेगन फ्रूट | आंतर फसल | dragon fruit | intercropping,SY53-PPT,Five combinations listed (slide 53).,,
INN-WATER-ELECTRIC-WELDING,innovation,Welding machine using water and electricity (Vishal Parmar),वेल्डिंग मशीन | welding machine,SY53-PPT,Slides 54-55.,,
INN-MOBILE-AIR-PUMP,innovation,Mobile air pump (innovator not named),हवाई पंप | air pump,SY53-PPT,Slide 56 title only.,,
INN-MAHUA-DECORTICATOR,innovation,Hand-operated mahua seed breaking machine (Shri Dharmveer),महुआ बीज तोड़ने की मशीन | महुआ | महुवा | mahua | mahua seed,SY53-PPT,"Electric version first, then a hand-operated machine; ~80% success in demonstrations in Chhota Udepur, Alirajpur and Dahod; villagers' suggestions for a second model (slides 57-60).",,
INN-FREE-PHYSICAL-TRAINING,innovation,Free physical training for uniformed-service recruitment (Uday Bilwal),फिजिकल टेस्ट,SY53-PPT,410+ selected (slide 63).,,
INN-ACTIVITY-BASED-LEARNING,practice,Activity-based learning at PMC Girls School,एक्टिविटी-बेस्ड लर्निंग,SY53-PPT,Slide 64.,,
INN-TLM-KACHHAWA,innovation,Teaching-learning materials for play-based learning (Renu Kachhawa),TLM,SY53-PPT,Slide 65.,,
INN-BHAVAI-EDUCATION,innovation,Education through Bhavai folk theatre (Jagdishbhai Makwana),भवाई | Bhavai,SY53-PPT,Slide 66.,,
INN-SCHOOL-ART-MUSEUM,innovation,Student art exhibition / small art museum at Gunata school (Mehul),कलाम्यूज़ियम | कला प्रदर्शनी,SY53-PPT,Slides 34 and 68.,,
INN-PENSION-LINKAGE,innovation,Linking 450 women to old-age and widow pensions (Jitubhai Patel),वृद्धावस्था पेंशन | विधवा पेंशन,SY53-PPT,Slide 68.,,
INN-RATHWA-WORD-BOOKLET,innovation,Rathwa-dialect word booklet for teachers (Dineshbhai Rathwa),शब्द-सहायिका | बुकलेट | Rathwa dialect,SY53-PPT,Published by Bhasha Kendra; distributed with the Collector's support (slide 70).,,
INN-HARPALPUR-SCHOOL-BUILDING,innovation,School built with Rs 2 lakh of a teacher's own money (Ramanbhai Rathwa),2 लाख रुपये,SY53-PPT,Slide 71.,,
INN-SCHOOL-SUPPLIES-NETWORK,innovation,School-supplies delivery to 100+ schools (Rs 1.13 crore+),स्कूल बैग,SY53-PPT,Slide 73.,,
INN-TOY-CAR-GUNATA,innovation,Toy car made from waste in 2.5 minutes by two Gunata children,खिलौना गाड़ी | toy car,SY53-PPT,Slide 77; children not named.,,
INN-HATHIPAV-PLANTATION,innovation,5000-tree plantation on Hathipav hill with water/food for animals and birds,5000 पेड़,SY53-PPT,Slide 79.,,
INN-REUNIFICATION-RAJENDRA,innovation,Finding and reuniting mentally ill/destitute people with families (Rajendra Shrivastav),परिवार के साथ मिलाया,SY53-PPT,Slide 83.,,
INN-CYCLING-SANDHYA,practice,Cycling for health; records (Sandhya Kulkarni),साइकलिंग | cycling,SY53-PPT,Slide 84.,,
INN-FREE-RECRUITMENT-TRAINING-GOPAL,innovation,Free army/police recruitment training and hostel (Gopal bhai Rathwa),भर्ती की निःशुल्क ट्रेनिंग,SY53-PPT,Slide 85.,,
INN-WOMEN-ORGANIC-PROCESSING-TRAINING,innovation,Training women in organic farming and processing (Gopal bhai Rathwa),अचार | मसाले | औषधीय पौधों,SY53-PPT,Slide 85.,,
INN-DAL-PANIYA,traditional_food,Dal Paniya,दाल पनिया | Dal Paniya,SY53-PPT,Traditional tribal dish of Jhabua and Alirajpur (slide 86).,,
INN-KULIYARI-BHAJI,traditional_food,Kuliyari ki bhaji,कुलियारी की भाजी | Kuliyari,SY53-PPT,Monsoon greens dish of tribal/rural areas (slide 87).,,
INS-0001,institution,Bhagvan Mahavir Polytechnic,Bhagvan Mahavir Polytechnic | Bhagvan Mahavir polytechnic,GIAN-NIDHI,Institution named in 44 GIAN Nidhi record(s).,,
INS-0002,institution,Tulsiramji Gaikwad-Patil College of Engineering and Technology,Tulsiramji Gaikwad Patil College of Engineering & Technology | Tulsiramji Gaikwad-Patil College of Engg. & Tech | Tulsiramji Gaikwad-Patil College of Engineering and Technology,GIAN-NIDHI,Institution named in 30 GIAN Nidhi record(s).,,
INS-0003,institution,"K.B.P. Polytechnic, Kopargaon","K. B. P. Polytechnic, Kopargaon | K. B.P. POLYTECHNIC KOPERGAON | K.B.P. POLYTECHNIC, KOPARGAON | K.B.P. Polytechnic Kopargaon | K.B.P. Polytechnic Kopergaon | K.B.P. Polytechnic, Kopargaon | K.B.P.Polytechnic, Kopargaon",GIAN-NIDHI,Institution named in 24 GIAN Nidhi record(s).,,
INS-0004,institution,"K. K. Wagh Polytechnic, Nashik","K. K. Wagh Polytechni | K. K. Wagh Polytechnic | K. K. Wagh Polytechnic, Nashik | K.K. Wagh Polytechnic, NASIK | K.K.W. Polytechnic, Nasik - 3 | K.K.W. Polytechnic, Nasik – 3 | K.K.Wagh Polytechnic, Nashik | K.K.Wagh Polytechnic, Nashik -3 | K.K.Wagh Polytechnic, Nasik",GIAN-NIDHI,Institution named in 19 GIAN Nidhi record(s).,,
INS-0005,institution,Deogiri Institute of Engineering and Management Studies,Deogiri Institute of Engineering and Management Studies,GIAN-NIDHI,Institution named in 15 GIAN Nidhi record(s).,,
INS-0006,institution,"K. J. Somaiya Polytechnic, Mumbai","K. J. Somaiya Polytechnic | K. J. Somaiya Polytechnic, Mumbai | K.J. SOMAIYA POLYTECHNIC | K.J.Somaiya Polytechnic, Mumbai | k.j. somaiya Polytechnic",GIAN-NIDHI,Institution named in 15 GIAN Nidhi record(s).,,
INS-0007,institution,"Priyadarshini Polytechnic, Nagpur","Priyadarshani Polytechnic, Nagpur | Priyadarshini Polytechnic Nagpur | Priyadarshini Polytechnic, Nagpur | Priyadarshini polytechnic, Nagpur",GIAN-NIDHI,Institution named in 15 GIAN Nidhi record(s).,,
INS-0008,institution,"Govt. Polytechnic, Aurangabad","Government Polytechnic Aurangabad | Government Polytechnic, Aurangabad | Govt. Polytechnic, Aurangabad",GIAN-NIDHI,Institution named in 13 GIAN Nidhi record(s).,,
INS-0009,institution,Jawaharlal Darda Institute of Engg and Tech. Yavatmal,"Jawaharlal Darda Inst.Of Engg & Tech | Jawaharlal Darda Institue of Engineering & Technology | Jawaharlal Darda Institute of Eng. & Tech | Jawaharlal Darda Institute of Engg and Tech. Yavatmal | Jawaharlal Darda Institute of Engg. & Tech | Jawaharlal Darda Institute of Engg. & Tech., Yavatmal | Jawaharlal Darda Institute of Engg. And Tech. Yavatmal | Jawarhlal Darda Institute of Engg and technology, Yavatmal",GIAN-NIDHI,Institution named in 13 GIAN Nidhi record(s).,,
INS-0010,institution,"Premlila Vithaldas Polytechnic, SNDT Women's University","Premila Vithaldas Polytechnic, S.N.D.T. Woman's university | Premlila Vithaldas Polytechnic S.N.D.T. Women's University | Premlila Vithaldas Polytechnic, S.N.D.T. Woman's University | Premlila Vithaldas Polytechnic, S.N.D.T. Women's University | Premlila Vithaldas Polytechnic, SNDT Woman's University | Premlila Vithaldas Polytechnic, SNDT Women's University",GIAN-NIDHI,Institution named in 13 GIAN Nidhi record(s).,,
INS-0011,institution,Vallabh Budhid Polytechnic,Vallabh Budhid Polytechnic,GIAN-NIDHI,Institution named in 13 GIAN Nidhi record(s).,,
INS-0012,institution,"Govt. Polytechnic, Arvi","Government Polytechnic, Arvi | Government Polytechnic, Arvi, Dist- Wardha | Government Polytechnic, Arvi, Dist-Wardha | Govt. Polytechnic, Arvi | Govt. Polytechnic, Arvi, Dist. Wardha | Govt. Polytechnic, Arvi, Wardha",GIAN-NIDHI,Institution named in 12 GIAN Nidhi record(s).,,
INS-0013,institution,Thakur Polytechnic,Thakur Polytechnic,GIAN-NIDHI,Institution named in 12 GIAN Nidhi record(s).,,
INS-0014,institution,"G. H. Raisoni polytechnic, Nagpur","G H Raisoni Polytechnic, Nagpur | G. H. Raisoni Polytechnic, Nagpur | G. H. Raisoni polytechnic, Nagpur | G.H .Raisoni polytechnic, Nagpur | G.H. Raisoni Polytechnic, Nagpur",GIAN-NIDHI,Institution named in 11 GIAN Nidhi record(s).,,
INS-0015,institution,"Government Polytechnic, Washim","Government Polytechnic, Washim | Government polytechnic, washim | Govt. Polytechnic, Washim",GIAN-NIDHI,Institution named in 11 GIAN Nidhi record(s).,,
INS-0016,institution,"Govt. Polytechnic, Khamgaon","Government Polytechnic Khamgaon | Govt. Polytechnic Khamgaon | Govt. Polytechnic, Khamgaon",GIAN-NIDHI,Institution named in 10 GIAN Nidhi record(s).,,
INS-0017,institution,Government polytechnic Mumbai,"Government Polytechnic, Mumbai | Government polytechnic Mumbai | Govt. Polytechnic Mumbai | Govt. Polytechnic, Mumbai",GIAN-NIDHI,Institution named in 10 GIAN Nidhi record(s).,,
INS-0018,institution,"Govt. Polytechnic, Nanded","Government Polytechnic, Nanded | Government polytechnic Nandad | Govt. Polytechnic, Nanded",GIAN-NIDHI,Institution named in 10 GIAN Nidhi record(s).,,
INS-0019,institution,"Government Polytechnic, Nashik","Government Polytechnic Nashik | Government Polytechnic, Nashik | Government Polytechnic, Nasik | Govt. Polytechnic, Nasik | Govt. polytechnic, Nashik",GIAN-NIDHI,Institution named in 10 GIAN Nidhi record(s).,,
INS-0020,institution,"Govt. Residential Women's Polytechnic, Latur","Government Residential Woman's Polytechnic, Latu | Government Residential Woman's Polytechnic, Latur | Government Residential Women's Polytechnique Latur | Govt. Residental Women's Polytechnic, Latur | Govt. Residential Women's Polytechnic, Latur",GIAN-NIDHI,Institution named in 10 GIAN Nidhi record(s).,,
INS-0021,institution,"Govt. Polytechnic, Ahmednagar","Government Polytechnic, Ahmednagar | Government Polytechnic, Ahmednager | Govt. Polytechnic, Ahmednagar",GIAN-NIDHI,Institution named in 9 GIAN Nidhi record(s).,,
INS-0022,institution,"S. E. S. Polytechnic, Solapur","S. E. S. Polytechnic Solapur | S. E. S. Polytechnic, Solapur | S.E.S. Polytechnic Solapur | S.E.S. Polytechnic, Solapur",GIAN-NIDHI,Institution named in 8 GIAN Nidhi record(s).,,
INS-0023,institution,Sardar Vallabhbhai Patel Polytechnic,Sardar Vallabhbhai Patel Polytechnic,GIAN-NIDHI,Institution named in 8 GIAN Nidhi record(s).,,
INS-0024,institution,"Government Polytechnic, Miraj","Government Polytechnic Miraj | Government Polytechnic, Miraj | Govt. Polytechnic, Miraj",GIAN-NIDHI,Institution named in 7 GIAN Nidhi record(s).,,
INS-0025,institution,"Govt. Polytechnic, Osmanabad","Government Polytechnic Osmanabad | Govt. Polytechnic, Osmanabad",GIAN-NIDHI,Institution named in 7 GIAN Nidhi record(s).,,
INS-0026,institution,"Amrutvahini Polytechnic, Sangamner","Amrutvahini Polytechnic, Sangamner | Amrutvahini Polytechnic. Sangamner | Amrutvahini Polytecnic, Sangamner",GIAN-NIDHI,Institution named in 6 GIAN Nidhi record(s).,,
INS-0027,institution,J.D.I.E.T. Yavatmal,J.D.I.E.T. Yavatmal,GIAN-NIDHI,Institution named in 6 GIAN Nidhi record(s).,,
INS-0028,institution,Andhra University,Andhra University,GIAN-NIDHI,Institution named in 5 GIAN Nidhi record(s).,,
INS-0029,institution,"Government Polytechnic, Jalana","Government Polytechnic, Jalana | Government Polytechnic, Jalna | Govt. Polytechnic Jalna",GIAN-NIDHI,Institution named in 5 GIAN Nidhi record(s).,,
INS-0030,institution,Government polytechnic Pune,"Government Polytechnic Pune | Government polytechnic Pune | Govt. Polytechnic, Pune",GIAN-NIDHI,Institution named in 5 GIAN Nidhi record(s).,,
INS-0031,institution,All India Shri Shivaji Memorial Society's Polytechnic,All India Shri Shivaji Memorial Society's Polytechnic,GIAN-NIDHI,Institution named in 4 GIAN Nidhi record(s).,,
INS-0032,institution,"Government polytechnic, Dhule","Government Polytechnic, Dhule | Government polytechnic, Dhule",GIAN-NIDHI,Institution named in 4 GIAN Nidhi record(s).,,
INS-0033,institution,"Government Polytechnic, Solapur","Government Polytechnic, Solapur | Govt. Polytechnic, Solapur",GIAN-NIDHI,Institution named in 4 GIAN Nidhi record(s).,,
INS-0034,institution,"Gramin Polytechnic, Vishnupuri, Nanded","Gramin Polytechnic Vishnupuri, Nanded | Gramin Polytechnic, Vishnupuri, Nanded",GIAN-NIDHI,Institution named in 4 GIAN Nidhi record(s).,,
INS-0035,institution,"MAEER's Sri Savitribai Phule Polytechnic, Pune","MAEER's Sri Savitribai Phule Polytechnic, Pune | Maeer's Sri Savitribai Phule Polytechnic Pune",GIAN-NIDHI,Institution named in 4 GIAN Nidhi record(s).,,
INS-0036,institution,P.V.P.I.T. – Budhghon,P. V. P. I. T. Budhagaon | P.V.P.I.T. Budhgaon | P.V.P.I.T. – Budhghon,GIAN-NIDHI,Institution named in 4 GIAN Nidhi record(s).,,
INS-0037,institution,Padmabhooshan Vasantraodada Patil Institute Of Technology Budhgaon Sangli,"Padmabhooshan Vasantraodada Patil Institute Of Technology Budhgaon Sangli | Padmabhushan Vasantraodada Patil Institute of technology, Budhgaon, Sangli",GIAN-NIDHI,Institution named in 4 GIAN Nidhi record(s).,,
INS-0038,institution,"Thakur Polytechnic, Mumbai","Thakur Polytechnic Mumbai | Thakur Polytechnic, Mumbai",GIAN-NIDHI,Institution named in 4 GIAN Nidhi record(s).,,
INS-0039,institution,D.Y. Patil Pratisthan's Y. B. Patil polytechnic,D.Y. Patil Pratisthan's Y. B. Patil polytechnic,GIAN-NIDHI,Institution named in 3 GIAN Nidhi record(s).,,
INS-0040,institution,"Government Polytechnic College, Nanded","Government Polytechnic College, Nanded",GIAN-NIDHI,Institution named in 3 GIAN Nidhi record(s).,,
INS-0041,institution,"P. V. P. I. T. Budhgaon, Sangali","P. V. P. I. T. Budhgaon, Sangali | P.V.P.I.T. Budhgaon, Sangali",GIAN-NIDHI,Institution named in 3 GIAN Nidhi record(s).,,
INS-0042,institution,"S.R.G.S. I.O.T. HADAPSAR, PUNE","S. R. G. S I. O. T Hadapsar, Pune | S.R.G.S. I.O.T. HADAPSAR, PUNE",GIAN-NIDHI,Institution named in 3 GIAN Nidhi record(s).,,
INS-0043,institution,"Thakur Polytechnic, Thakur complex, Kandiwali (east)","Thakur Polytechnic, Thakur complex, Kandiwali (east)",GIAN-NIDHI,Institution named in 3 GIAN Nidhi record(s).,,
INS-0044,institution,"Walchand college of engineering, Sangli","Walchand College of Engg. Sangli | Walchand College of Engineering Sangli | Walchand college of engineering, Sangli",GIAN-NIDHI,Institution named in 3 GIAN Nidhi record(s).,,
INS-0045,institution,"Amrutvahini Polytechnic, Automobile dept., A. Nagar","Amrutvahini Polytechnic, Automobile dept., A. Nagar",GIAN-NIDHI,Institution named in 2 GIAN Nidhi record(s).,,
INS-0046,institution,"D. Y. Patil Polytechnic, Akurdi Pune","D. Y. Patil Polytechnic, Akurdi Pune",GIAN-NIDHI,Institution named in 2 GIAN Nidhi record(s).,,
INS-0047,institution,Dr.D.Y.Patil Polytechnic,Dr.D.Y.Patil Polytechnic,GIAN-NIDHI,Institution named in 2 GIAN Nidhi record(s).,,
INS-0048,institution,"Ekalavya Shikshan Sanstha Polytechnic, Pune","Ekalavya Shikshan Sanstha Polytechnic, Pune",GIAN-NIDHI,Institution named in 2 GIAN Nidhi record(s).,,
INS-0049,institution,"Govt. Polytechnic, Amravati","Govt. Polytechnic, Amravati",GIAN-NIDHI,Institution named in 2 GIAN Nidhi record(s).,,
INS-0050,institution,"Government Polytechnic, Bramhapuri, Dist-Chandrapur","Government Polytechnic, Bramhapuri, Dist-Chandrapur",GIAN-NIDHI,Institution named in 2 GIAN Nidhi record(s).,,
INS-0051,institution,"Govt. Polytechnic, Himmatnagar","Govt. Polytechnic, Himatnagar | Govt. Polytechnic, Himmatnagar",GIAN-NIDHI,Institution named in 2 GIAN Nidhi record(s).,,
INS-0052,institution,"Govt. Polytechnic, Nanded Babanager","Govt. Polytechnic, Nanded Babanager",GIAN-NIDHI,Institution named in 2 GIAN Nidhi record(s).,,
INS-0053,institution,Government Polytechnic Risod Road,Government Polytechnic Risod Road,GIAN-NIDHI,Institution named in 2 GIAN Nidhi record(s).,,
INS-0054,institution,"Government Polytechnic, Yavatmal","Government Polytechnic, Yavatmal",GIAN-NIDHI,Institution named in 2 GIAN Nidhi record(s).,,
INS-0055,institution,Govt. Res. Women's Polytechnic Latur,Govt. Res. Women's Polytechnic Latur,GIAN-NIDHI,Institution named in 2 GIAN Nidhi record(s).,,
INS-0056,institution,Govt.Residential Women's Polytechnic Latur,Govt.Residential Women's Polytechnic Latur,GIAN-NIDHI,Institution named in 2 GIAN Nidhi record(s).,,
INS-0057,institution,Hi-Tech Polytechnic College,Hi-Tech Polytechnic College,GIAN-NIDHI,Institution named in 2 GIAN Nidhi record(s).,,
INS-0058,institution,"Institute of Civil and Rural Engineering, Gargoti","Institute of Civil and Rural Engineering, Gargoti | Institution of civil & rural engineering Gargoti",GIAN-NIDHI,Institution named in 2 GIAN Nidhi record(s).,,
INS-0059,institution,K.B.P. Polytechnic,K.B.P. Polytechnic,GIAN-NIDHI,Institution named in 2 GIAN Nidhi record(s).,,
INS-0060,institution,"K. B. P. Polytechnic, Ahmednagar","K. B. P. Polytechnic, Ahmednagar",GIAN-NIDHI,Institution named in 2 GIAN Nidhi record(s).,,
INS-0061,institution,"K. J. Somaiya polytechnic, Vidyanagar, Mumbai","K. J. Somaiya polytechnic, Vidyanagar, Mumbai",GIAN-NIDHI,Institution named in 2 GIAN Nidhi record(s).,,
INS-0062,institution,"K. K. Wagh Polytechnic, Amrutdham, Panchvati, Nashik","K. K. Wagh Polytechnic, Amrutdham, Panchvati, Nashik",GIAN-NIDHI,Institution named in 2 GIAN Nidhi record(s).,,
INS-0063,institution,"K. K. Wagh Women's Polytechnic, Nashik","K. K. Wagh Women's Polytechnic, Nashik",GIAN-NIDHI,Institution named in 2 GIAN Nidhi record(s).,,
INS-0064,institution,"M. P. M. F. Poly., Mumbai","M. P. M. F. Poly., Mumbai",GIAN-NIDHI,Institution named in 2 GIAN Nidhi record(s).,,
INS-0065,institution,"Mahatma Education Society, Pilla's Polytechnic","Mahatma Education Society, Pilla's Polytechnic",GIAN-NIDHI,Institution named in 2 GIAN Nidhi record(s).,,
INS-0066,institution,Matushri Maniben Jethlal Shah Polytechnic Kasarvadavali Thane,Matushri Maniben Jethlal Shah Polytechnic Kasarvadavali Thane,GIAN-NIDHI,Institution named in 2 GIAN Nidhi record(s).,,
INS-0067,institution,"New Polytechnic, Kolhapur","New Polytechnic, Kolhapur",GIAN-NIDHI,Institution named in 2 GIAN Nidhi record(s).,,
INS-0068,institution,"P.Dr.V.V.P. Polytechnic, Pravaranagar","P.Dr.V.V.P. Polytechnic, Pravaranagar",GIAN-NIDHI,Institution named in 2 GIAN Nidhi record(s).,,
INS-0069,institution,P.V.P Institute of technology Budhagaon,"P.V.P Institute of technology Budhagaon | P.V.P.Institute of Technology, Budhgaon",GIAN-NIDHI,Institution named in 2 GIAN Nidhi record(s).,,
INS-0070,institution,"P. V. Polytechnic, S.N.D.T. Women's University","P. V. Polytechnic, S.N.D.T. Women's University",GIAN-NIDHI,Institution named in 2 GIAN Nidhi record(s).,,
INS-0071,institution,"Padambhushan Vasantrao Patil Institute of technology, Budhgaon","Padambhushan Vasantrao Patil Institute of technology, Budhgaon | Padmabhooshan Vasantrao Patil Inst.of Tech., Budhgaon",GIAN-NIDHI,Institution named in 2 GIAN Nidhi record(s).,,
INS-0072,institution,"Dr. Panjabrao Deshmukh Polytechnic, Amravati","Dr. Panjabrao Deshmukh Polytechnic, Amravati | Panjabrao Deshmukh Polytechnic, Amaravati",GIAN-NIDHI,Institution named in 2 GIAN Nidhi record(s).,,
INS-0073,institution,Pillai Polytechnic (New Panvel),Pillai Polytechnic (New Panvel),GIAN-NIDHI,Institution named in 2 GIAN Nidhi record(s).,,
INS-0074,institution,"Pimpari Chinchwad Polytechnic, Nigdi, Pune","Pimpari Chinchwad Polytechnic, Nigdi, Pune",GIAN-NIDHI,Institution named in 2 GIAN Nidhi record(s).,,
INS-0075,institution,Pimpri – Chinchwad Polytechnic,Pimpri - Chinchwad Polytechnic | Pimpri – Chinchwad Polytechnic,GIAN-NIDHI,Institution named in 2 GIAN Nidhi record(s).,,
INS-0076,institution,"Pimpri Chinchwad Polytechnic, Pradhikaran, Nigdi","Pimpri Chinchwad Polytechnic, Pradhikaran, Nigdi",GIAN-NIDHI,Institution named in 2 GIAN Nidhi record(s).,,
INS-0077,institution,"Pimpri Chinchwad Polytechnic, Pune","Pimpri Chinchwad Polytechnic, Pune",GIAN-NIDHI,Institution named in 2 GIAN Nidhi record(s).,,
INS-0078,institution,"Premlila Vithaldas, Polytechnic S.N.D.T. Women's University, Juhu, Mumbai","Premlila Vithaldas, Polytechnic S.N.D.T. Women's University, Juhu, Mumbai | Premlila Vithaldas, Polytechnic S.N.D.T. Women's University, Juhu, mumbai",GIAN-NIDHI,Institution named in 2 GIAN Nidhi record(s).,,
INS-0079,institution,Priyadarshani Polytechnic,Priyadarshani Polytechnic,GIAN-NIDHI,Institution named in 2 GIAN Nidhi record(s).,,
INS-0080,institution,S. N. D. T. Women's University,S. N. D. T. Women's University | S.N.D.T. Women's University,GIAN-NIDHI,Institution named in 2 GIAN Nidhi record(s).,,
INS-0081,institution,Sahyadri polytechnic Sawarde,Sahyadri Polytechnic Sawarde | Sahyadri polytechnic Sawarde,GIAN-NIDHI,Institution named in 2 GIAN Nidhi record(s).,,
INS-0082,institution,"Sardar Vallabhai patel Polytechnic, Mumbai","Sardar Vallabhai patel Polytechnic, Mumbai",GIAN-NIDHI,Institution named in 2 GIAN Nidhi record(s).,,
INS-0083,institution,"Sardar Vallabhbhai patel Polytechnic, Boriwali West, Mumbai","Sardar Vallabhbhai Patel Polytechnic, Boriwali West, Mumbai | Sardar Vallabhbhai patel Polytechnic, Boriwali West, Mumbai",GIAN-NIDHI,Institution named in 2 GIAN Nidhi record(s).,,
INS-0084,institution,"SES Polytechnic, Solapur","SES Polytechnic, Solapur",GIAN-NIDHI,Institution named in 2 GIAN Nidhi record(s).,,
INS-0085,institution,"Shri Bhagubhai Mafatlal Polytechnic, Mumbai","Shri Bhagubhai Mafatlal Polytechnic, Mumbai",GIAN-NIDHI,Institution named in 2 GIAN Nidhi record(s).,,
INS-0086,institution,"Shri Bhavubhai Mafatlal Polytechnic, Mumbai","Shri Bhavubhai Mafatlal Polytechnic, Mumbai",GIAN-NIDHI,Institution named in 2 GIAN Nidhi record(s).,,
INS-0087,institution,"Shri. H.H.J.B. Polytechnic, Chandwad","Shri. H.H.J.B. Polytechnic, Chandwad",GIAN-NIDHI,Institution named in 2 GIAN Nidhi record(s).,,
INS-0088,institution,"Shri K. R. Pandav Polytechnic, Nagpur","Shri K. R. Pandav Polytechnic, Nagpur",GIAN-NIDHI,Institution named in 2 GIAN Nidhi record(s).,,
INS-0089,institution,"Shri Sant Gadge Baba College of Engg. & Technology, Z.T.C. Bhusawal","Shri Sant Gadge Baba College of Engg. & Technology, Z.T.C. Bhusawal | Shri Sant Gadge Baba College of Engineering & Technology, Bhusawal",GIAN-NIDHI,Institution named in 2 GIAN Nidhi record(s).,,
INS-0090,institution,"SMES Institute of Tech., Polytechnic, Nashik","SMES Institute of Tech., Polytechnic, Nashik",GIAN-NIDHI,Institution named in 2 GIAN Nidhi record(s).,,
INS-0091,institution,"T.B.G. Polytechnic, Ambejogai - 431517","T.B.G. Polytechnic, Ambejogai - 431517",GIAN-NIDHI,Institution named in 2 GIAN Nidhi record(s).,,
INS-0092,institution,"Venutai Chavan Polytechnic, Pune","Venutai Chavan Polytechnic, Pune",GIAN-NIDHI,Institution named in 2 GIAN Nidhi record(s).,,
INS-0093,institution,"Vidyabharti Trust Polytechnic, Umrakh, Bardoli, Surat","Vidyabharti Trust Polytechnic, Umrakh, Bardoli, Surat",GIAN-NIDHI,Institution named in 2 GIAN Nidhi record(s).,,
INS-0094,institution,VPMP Polytechnic,VPMP Polytechnic,GIAN-NIDHI,Institution named in 2 GIAN Nidhi record(s).,,
INS-0095,institution,Y. B. Patil Polytechnic,Y. B. Patil Polytechnic,GIAN-NIDHI,Institution named in 2 GIAN Nidhi record(s).,,
INS-0096,institution,"Y.B. Patil Polytechnic, Akurdi, Pune - 44","Y.B. Patil Polytechnic, Akurdi, Pune - 44",GIAN-NIDHI,Institution named in 2 GIAN Nidhi record(s).,,
INS-0097,institution,"Y. B. Patil Polytechnic, Pradhikaran, Akurdi, Pune","Y. B. Patil Polytechnic, Pradhikaran, Akurdi, Pune",GIAN-NIDHI,Institution named in 2 GIAN Nidhi record(s).,,
INS-0098,institution,"A.G. Patil Polytechnic Institute, Solapur","A.G. Patil Polytechnic Institute, Solapur",GIAN-NIDHI,Institution named in 1 GIAN Nidhi record(s).,,
INS-0099,institution,"ACHARYA POLYTECHNIC, SOLADEVANAHALLI, BANGALORE","ACHARYA POLYTECHNIC, SOLADEVANAHALLI, BANGALORE",GIAN-NIDHI,Institution named in 1 GIAN Nidhi record(s).,,
INS-0100,institution,"Amrutvahini Polytechnic, Amrutnagar, Sangamner, A.Nagar","Amrutvahini Polytechnic, Amrutnagar, Sangamner, A.Nagar",GIAN-NIDHI,Institution named in 1 GIAN Nidhi record(s).,,
INS-0101,institution,"Amrutvahini Polytechnic, SangamnerAmrutvahini Polytechnic, Sangamner","Amrutvahini Polytechnic, SangamnerAmrutvahini Polytechnic, Sangamner",GIAN-NIDHI,Institution named in 1 GIAN Nidhi record(s).,,
INS-0102,institution,"B. G. I. T., Mumbai","B. G. I. T., Mumbai",GIAN-NIDHI,Institution named in 1 GIAN Nidhi record(s).,,
INS-0103,institution,Babasaheb Gawde Institute of Technology,Babasaheb Gawde Institute of Technology,GIAN-NIDHI,Institution named in 1 GIAN Nidhi record(s).,,
INS-0104,institution,Bharati Vidyapeeth Institute of Technology,Bharati Vidyapeeth Institute of Technology,GIAN-NIDHI,Institution named in 1 GIAN Nidhi record(s).,,
INS-0105,institution,College:Karmaveer Bhaurao Patil Polytechnic Satara,College:Karmaveer Bhaurao Patil Polytechnic Satara,GIAN-NIDHI,Institution named in 1 GIAN Nidhi record(s).,,
INS-0106,institution,G.h raisoni Polytechnic,G.h raisoni Polytechnic,GIAN-NIDHI,Institution named in 1 GIAN Nidhi record(s).,,
INS-0107,institution,Government Poly. Mumbai,Government Poly. Mumbai,GIAN-NIDHI,Institution named in 1 GIAN Nidhi record(s).,,
INS-0108,institution,"Government Poly., Nashik","Government Poly., Nashik",GIAN-NIDHI,Institution named in 1 GIAN Nidhi record(s).,,
INS-0109,institution,"Govt. Polytechnic, Bandra, Mumbai","Govt. Polytechnic, Bandra, Mumbai",GIAN-NIDHI,Institution named in 1 GIAN Nidhi record(s).,,
INS-0110,institution,"Govt. Polytechnic, Bandra, Mumbai – 400051","Govt. Polytechnic, Bandra, Mumbai – 400051",GIAN-NIDHI,Institution named in 1 GIAN Nidhi record(s).,,
INS-0111,institution,"Government Polytechnic, Bhuj","Government Polytechnic, Bhuj",GIAN-NIDHI,Institution named in 1 GIAN Nidhi record(s).,,
INS-0112,institution,"Government polytechnic, Jalgaon","Government polytechnic, Jalgaon",GIAN-NIDHI,Institution named in 1 GIAN Nidhi record(s).,,
INS-0113,institution,Government Polytechnic Ushamanad,Government Polytechnic Ushamanad,GIAN-NIDHI,Institution named in 1 GIAN Nidhi record(s).,,
INS-0114,institution,"Governmnet Poly, Osmanabad","Governmnet Poly, Osmanabad",GIAN-NIDHI,Institution named in 1 GIAN Nidhi record(s).,,
INS-0115,institution,Gramin Polytechnic,Gramin Polytechnic,GIAN-NIDHI,Institution named in 1 GIAN Nidhi record(s).,,
INS-0116,institution,IIT-K,IIT-K,GIAN-NIDHI,Institution named in 1 GIAN Nidhi record(s).,,
INS-0117,institution,Institute For Studies In Technology & Engg.Pune,Institute For Studies In Technology & Engg.Pune,GIAN-NIDHI,Institution named in 1 GIAN Nidhi record(s).,,
INS-0118,institution,Institute of Institute of Civil & Rural Engeneering Gargoti Kolhapur,Institute of Institute of Civil & Rural Engeneering Gargoti Kolhapur,GIAN-NIDHI,Institution named in 1 GIAN Nidhi record(s).,,
INS-0119,institution,"Institute of Technology, Viharnagar","Institute of Technology, Viharnagar",GIAN-NIDHI,Institution named in 1 GIAN Nidhi record(s).,,
INS-0120,institution,ISTE (INSTITUTE FOR STUDIES IN TECHNOLOGY IN ENGINEERING),ISTE (INSTITUTE FOR STUDIES IN TECHNOLOGY IN ENGINEERING),GIAN-NIDHI,Institution named in 1 GIAN Nidhi record(s).,,
INS-0121,institution,"J.D.I.E.T. Near MIDC, Yavatmal","J.D.I.E.T. Near MIDC, Yavatmal",GIAN-NIDHI,Institution named in 1 GIAN Nidhi record(s).,,
INS-0122,institution,"Karmaveer Kakasaheb Wagh Polytechnic Panchavati, Nashik","Karmaveer Kakasaheb Wagh Polytechnic Panchavati, Nashik",GIAN-NIDHI,Institution named in 1 GIAN Nidhi record(s).,,
INS-0123,institution,Karmayogi Polytechnic College,Karmayogi Polytechnic College,GIAN-NIDHI,Institution named in 1 GIAN Nidhi record(s).,,
INS-0124,institution,Karmayogi polytechnic college Shelve-Pandharpur,Karmayogi polytechnic college Shelve-Pandharpur,GIAN-NIDHI,Institution named in 1 GIAN Nidhi record(s).,,
INS-0125,institution,Latthe Polytechnic Sangli,Latthe Polytechnic Sangli,GIAN-NIDHI,Institution named in 1 GIAN Nidhi record(s).,,
INS-0126,institution,"M. P.M. F. P., Mumbai","M. P.M. F. P., Mumbai",GIAN-NIDHI,Institution named in 1 GIAN Nidhi record(s).,,
INS-0127,institution,"Maeer's Mit Polytechnic, Pune","Maeer's Mit Polytechnic, Pune",GIAN-NIDHI,Institution named in 1 GIAN Nidhi record(s).,,
INS-0128,institution,"Manohar Phalke Memorial Foundation's Poly., Mumbai","Manohar Phalke Memorial Foundation's Poly., Mumbai",GIAN-NIDHI,Institution named in 1 GIAN Nidhi record(s).,,
INS-0129,institution,Manohar Phalke Memorial Foundation's Polytechnic,Manohar Phalke Memorial Foundation's Polytechnic,GIAN-NIDHI,Institution named in 1 GIAN Nidhi record(s).,,
INS-0130,institution,"Marathwada Mitra Mandal's Polytechnic, PUNE-33","Marathwada Mitra Mandal's Polytechnic, PUNE-33",GIAN-NIDHI,Institution named in 1 GIAN Nidhi record(s).,,
INS-0131,institution,MIT Polytechnic college Aurangabad,MIT Polytechnic college Aurangabad,GIAN-NIDHI,Institution named in 1 GIAN Nidhi record(s).,,
INS-0132,institution,"Moolgi Jaitha College, Jalgaon","Moolgi Jaitha College, Jalgaon",GIAN-NIDHI,Institution named in 1 GIAN Nidhi record(s).,,
INS-0133,institution,"N.M.V. Polytechnic, Talegaon Dabhade, Vishnupuri","N.M.V. Polytechnic, Talegaon Dabhade, Vishnupuri",GIAN-NIDHI,Institution named in 1 GIAN Nidhi record(s).,,
INS-0134,institution,"N.M.V. Polytechnic, Talegaon Dabhade, Vishnupuri, Tal: Maval","N.M.V. Polytechnic, Talegaon Dabhade, Vishnupuri, Tal: Maval",GIAN-NIDHI,Institution named in 1 GIAN Nidhi record(s).,,
INS-0135,institution,"P.Dr.VV.Patil Inst. of Tech. & Engg. (Polytechnic), Pravaranagar","P.Dr.VV.Patil Inst. of Tech. & Engg. (Polytechnic), Pravaranagar",GIAN-NIDHI,Institution named in 1 GIAN Nidhi record(s).,,
INS-0136,institution,"P. V. P. I. T., Sangali","P. V. P. I. T., Sangali",GIAN-NIDHI,Institution named in 1 GIAN Nidhi record(s).,,
INS-0137,institution,Padamshri Dr. Vitthalrao Vikhe Patil Institute of Technology and Engineering (Polytechnic),Padamshri Dr. Vitthalrao Vikhe Patil Institute of Technology and Engineering (Polytechnic),GIAN-NIDHI,Institution named in 1 GIAN Nidhi record(s).,,
INS-0138,institution,"Padamshri Dr. Vitthalrao Vikhe Patil Institute of Technology and Engineering (Polytechnic), Pravaranagar, Loni - 413736","Padamshri Dr. Vitthalrao Vikhe Patil Institute of Technology and Engineering (Polytechnic), Pravaranagar, Loni - 413736",GIAN-NIDHI,Institution named in 1 GIAN Nidhi record(s).,,
INS-0139,institution,Padmabhushan Vasantdada Patil Institute of Technology,Padmabhushan Vasantdada Patil Institute of Technology,GIAN-NIDHI,Institution named in 1 GIAN Nidhi record(s).,,
INS-0140,institution,"Padmashri Dr. Vitthalrao Vikhe Patil Institute of tech., & engg., Pravarangar","Padmashri Dr. Vitthalrao Vikhe Patil Institute of tech., & engg., Pravarangar",GIAN-NIDHI,Institution named in 1 GIAN Nidhi record(s).,,
INS-0141,institution,PDEA'S SRGS TOT PUNE – 28,PDEA'S SRGS TOT PUNE – 28,GIAN-NIDHI,Institution named in 1 GIAN Nidhi record(s).,,
INS-0142,institution,Pravin Patil College Of Diploma Engg. & technology,Pravin Patil College Of Diploma Engg. & technology,GIAN-NIDHI,Institution named in 1 GIAN Nidhi record(s).,,
INS-0143,institution,"Prof.S. B. Belkar, Prof B. R. Mahske","Prof.S. B. Belkar, Prof B. R. Mahske",GIAN-NIDHI,Institution named in 1 GIAN Nidhi record(s).,,
INS-0144,institution,"Radio electric institute, Mumbai","Radio electric institute, Mumbai",GIAN-NIDHI,Institution named in 1 GIAN Nidhi record(s).,,
INS-0145,institution,"Rajarambapu Institute of Technology, Sakhrale","Rajarambapu Institute of Technology, Sakhrale",GIAN-NIDHI,Institution named in 1 GIAN Nidhi record(s).,,
INS-0146,institution,"Rajendra Mane College of Eng. & Tech., Ambav, Devrukh","Rajendra Mane College of Eng. & Tech., Ambav, Devrukh",GIAN-NIDHI,Institution named in 1 GIAN Nidhi record(s).,,
INS-0147,institution,"S. R. G. S. Institute of technology, Pune","S. R. G. S. Institute of technology, Pune",GIAN-NIDHI,Institution named in 1 GIAN Nidhi record(s).,,
INS-0148,institution,SANJIVANI RURAL EDUCATION SOCIETY'S K. B.P. POLYTECHNICKOPERGAON DIST. A,SANJIVANI RURAL EDUCATION SOCIETY'S K. B.P. POLYTECHNICKOPERGAON DIST. A,GIAN-NIDHI,Institution named in 1 GIAN Nidhi record(s).,,
INS-0149,institution,Semi Panwala Aruna Pate,Semi Panwala Aruna Pate,GIAN-NIDHI,Institution named in 1 GIAN Nidhi record(s).,,
INS-0150,institution,"Seth Rajiv Govind Sable I.O.T. Hadapsar, Pune","Seth Rajiv Govind Sable I.O.T. Hadapsar, Pune",GIAN-NIDHI,Institution named in 1 GIAN Nidhi record(s).,,
INS-0151,institution,"Sharad Institute of Technology Polytechnic, Pune","Sharad Institute of Technology Polytechnic, Pune",GIAN-NIDHI,Institution named in 1 GIAN Nidhi record(s).,,
INS-0152,institution,"Shree Mahavir Education Society's Institute of Technology Polytechnic, Na","Shree Mahavir Education Society's Institute of Technology Polytechnic, Na",GIAN-NIDHI,Institution named in 1 GIAN Nidhi record(s).,,
INS-0153,institution,Shri Bagubhai Mafatlal Polytechnic,Shri Bagubhai Mafatlal Polytechnic,GIAN-NIDHI,Institution named in 1 GIAN Nidhi record(s).,,
INS-0154,institution,"Shri Datta Meghe Polytechnic College, Nagpur","Shri Datta Meghe Polytechnic College, Nagpur",GIAN-NIDHI,Institution named in 1 GIAN Nidhi record(s).,,
INS-0155,institution,T.B.G. polytechnic Ambajogai,T.B.G. polytechnic Ambajogai,GIAN-NIDHI,Institution named in 1 GIAN Nidhi record(s).,,
INS-0156,institution,"TSSMS Bscoer Poly Narhe, Pune","TSSMS Bscoer Poly Narhe, Pune",GIAN-NIDHI,Institution named in 1 GIAN Nidhi record(s).,,
INS-0157,institution,Vishweshwarayya Abhiyantriki Padvika Mahavidyalaya,Vishweshwarayya Abhiyantriki Padvika Mahavidyalaya,GIAN-NIDHI,Institution named in 1 GIAN Nidhi record(s).,,
INS-0158,institution,"Yahwantrao Chavan Institute of Polytechnic, PUNE","Yahwantrao Chavan Institute of Polytechnic, PUNE",GIAN-NIDHI,Institution named in 1 GIAN Nidhi record(s).,,
INS-0159,institution,"Yashwantrao Chavan Institute of Polytechnic, Bid","Yashwantrao Chavan Institute of Polytechnic, Bid",GIAN-NIDHI,Institution named in 1 GIAN Nidhi record(s).,,
PRJ-0001,project,360 METALLURGY FLEXIBLE DRILLING MACHINE,360 METALLURGY FLEXIBLE DRILLING MACHINE,GIAN-NIDHI,GIAN Nidhi record 1,,
PER-GN-00001,person,Mr. kolekar Maruti,Mr. kolekar Maruti,GIAN-NIDHI,Participant in GIAN Nidhi student project(s).,,Same name is merged only within the same institution; identical names at different institutions stay separate.
PER-GN-00002,person,DhargudeMahesh Mahadev,DhargudeMahesh Mahadev,GIAN-NIDHI,Participant in GIAN Nidhi student project(s).,,Same name is merged only within the same institution; identical names at different institutions stay separate.
PER-GN-00003,person,Ritund Sagar Vijay,Ritund Sagar Vijay,GIAN-NIDHI,Participant in GIAN Nidhi student project(s).,,Same name is merged only within the same institution; identical names at different institutions stay separate.
PER-GN-00004,person,Chavare Rajkumar Laxman,Chavare Rajkumar Laxman,GIAN-NIDHI,Participant in GIAN Nidhi student project(s).,,Same name is merged only within the same institution; identical names at different institutions stay separate.
PRJ-0002,project,AUTOMATIC LIME LINE MARKING MACHINE FOR DIFFERENT SPORTS GROUNDS.,AUTOMATIC LIME LINE MARKING MACHINE FOR DIFFERENT SPORTS GROUNDS.,GIAN-NIDHI,GIAN Nidhi record 2,,
PER-GN-00005,person,Sameer Manohar Mute,Sameer Manohar Mute,GIAN-NIDHI,Participant in GIAN Nidhi student project(s).,,Same name is merged only within the same institution; identical names at different institutions stay separate.
PER-GN-00006,person,prajwal Ramesh Nagpurkar,prajwal Ramesh Nagpurkar,GIAN-NIDHI,Participant in GIAN Nidhi student project(s).,,Same name is merged only within the same institution; identical names at different institutions stay separate.
PER-GN-00007,person,Kunal Gajanan tople,Kunal Gajanan tople,GIAN-NIDHI,Participant in GIAN Nidhi student project(s).,,Same name is merged only within the same institution; identical names at different institutions stay separate.
PRJ-0003,project,COMBINATION OF RIGHT ANGLE ELBOW MECHANISM WITH ANGULAR OFFSET COUPLING,COMBINATION OF RIGHT ANGLE ELBOW MECHANISM WITH ANGULAR OFFSET COUPLING,GIAN-NIDHI,GIAN Nidhi record 3,,
PER-GN-00008,person,Sagaresh Tukaram Haram,Sagaresh Tukaram Haram,GIAN-NIDHI,Participant in GIAN Nidhi student project(s).,,Same name is merged only within the same institution; identical names at different institutions stay separate.
PER-GN-00009,person,Aaksh Suresh Mahanubhav,Aaksh Suresh Mahanubhav,GIAN-NIDHI,Participant in GIAN Nidhi student project(s).,,Same name is merged only within the same institution; identical names at different institutions stay separate.
PER-GN-00010,person,Darshan Sunil Chaudhari,Darshan Sunil Chaudhari,GIAN-NIDHI,Participant in GIAN Nidhi student project(s).,,Same name is merged only within the same institution; identical names at different institutions stay separate.
PER-GN-00011,person,Saurabh Dattatray Kumbhar,Saurabh Dattatray Kumbhar,GIAN-NIDHI,Participant in GIAN Nidhi student project(s).,,Same name is merged only within the same institution; identical names at different institutions stay separate.
PRJ-0004,project,CONTINUOUS VARIABLE TRANSMISSION,CONTINUOUS VARIABLE TRANSMISSION,GIAN-NIDHI,GIAN Nidhi record 4,,
PER-GN-00012,person,Belgi Akanksha Manoj,Belgi Akanksha Manoj,GIAN-NIDHI,Participant in GIAN Nidhi student project(s).,,Same name is merged only within the same institution; identical names at different institutions stay separate.
PER-GN-00013,person,Chandavale Saurabh Jalindar,Chandavale Saurabh Jalindar,GIAN-NIDHI,Participant in GIAN Nidhi student project(s).,,Same name is merged only within the same institution; identical names at different institutions stay separate.
PER-GN-00014,person,Keripale Shruti Rajkumar,Keripale Shruti Rajkumar,GIAN-NIDHI,Participant in GIAN Nidhi student project(s).,,Same name is merged only within the same institution; identical names at different institutions stay separate.
PER-GN-00015,person,Pawar Shubhangi Vilas,Pawar Shubhangi Vilas,GIAN-NIDHI,Participant in GIAN Nidhi student project(s).,,Same name is merged only within the same institution; identical names at different institutions stay separate.
PRJ-0005,project,DESIGN AND DEVELOPMENT OF MULTIPURPOSE MECHANICAL MACHINE,DESIGN AND DEVELOPMENT OF MULTIPURPOSE MECHANICAL MACHINE,GIAN-NIDHI,GIAN Nidhi record 5,,
PER-GN-00016,person,Ganesh Rajaram Khutwad,Ganesh Rajaram Khutwad,GIAN-NIDHI,Participant in GIAN Nidhi student project(s).,,Same name is merged only within the same institution; identical names at different institutions stay separate.
PER-GN-00017,person,Gaurav Nandkumar Sawant,Gaurav Nandkumar Sawant,GIAN-NIDHI,Participant in GIAN Nidhi student project(s).,,Same name is merged only within the same institution; identical names at different institutions stay separate.
PER-GN-00018,person,Chpade Vaibhav Dhanyakumar,Chpade Vaibhav Dhanyakumar,GIAN-NIDHI,Participant in GIAN Nidhi student project(s).,,Same name is merged only within the same institution; identical names at different institutions stay separate.
PER-GN-00019,person,Rutvik Anil Dangche,Rutvik Anil Dangche,GIAN-NIDHI,Participant in GIAN Nidhi student project(s).,,Same name is merged only within the same institution; identical names at different institutions stay separate.
PRJ-0006,project,DESIGN AND FABRICATIO OF WORKING MODEL OF ABRASIVE JET MACHINE AND THE ANALYSIS OF THE PARAMETERS AFFECTING THE DIMENSIONAL ACCURACY OF THE HOLE,DESIGN AND FABRICATIO OF WORKING MODEL OF ABRASIVE JET MACHINE AND THE ANALYSIS OF THE PARAMETERS AFFECTING THE DIMENSIONAL ACCURACY OF THE HOLE,GIAN-NIDHI,GIAN Nidhi record 6,,
PER-GN-00020,person,Yash Vijay Sonavane,Yash Vijay Sonavane,GIAN-NIDHI,Participant in GIAN Nidhi student project(s).,,Same name is merged only within the same institution; identical names at different institutions stay separate.
PER-GN-00021,person,Ahtesham Dilawar Pathrvat,Ahtesham Dilawar Pathrvat,GIAN-NIDHI,Participant in GIAN Nidhi student project(s).,,Same name is merged only within the same institution; identical names at different institutions stay separate.
PER-GN-00022,person,Siddharth Sanjay Kurane,Siddharth Sanjay Kurane,GIAN-NIDHI,Participant in GIAN Nidhi student project(s).,,Same name is merged only within the same institution; identical names at different institutions stay separate.
PER-GN-00023,person,Amit Ishwarlal Gundecha,Amit Ishwarlal Gundecha,GIAN-NIDHI,Participant in GIAN Nidhi student project(s).,,Same name is merged only within the same institution; identical names at different institutions stay separate.
PRJ-0007,project,ECO-FRIENDLY FLOOR CLEANER,ECO-FRIENDLY FLOOR CLEANER,GIAN-NIDHI,GIAN Nidhi record 7,,
PER-GN-00024,person,Lad Vishal Vasant,Lad Vishal Vasant,GIAN-NIDHI,Participant in GIAN Nidhi student project(s).,,Same name is merged only within the same institution; identical names at different institutions stay separate.
PER-GN-00025,person,Mane Omkar Satish,Mane Omkar Satish,GIAN-NIDHI,Participant in GIAN Nidhi student project(s).,,Same name is merged only within the same institution; identical names at different institutions stay separate.
PER-GN-00026,person,Jedhe Virendra Suresh,Jedhe Virendra Suresh,GIAN-NIDHI,Participant in GIAN Nidhi student project(s).,,Same name is merged only within the same institution; identical names at different institutions stay separate.
PER-GN-00027,person,Dixit Ganesh Hrudaynath,Dixit Ganesh Hrudaynath,GIAN-NIDHI,Participant in GIAN Nidhi student project(s).,,Same name is merged only within the same institution; identical names at different institutions stay separate.
PRJ-0008,project,Project:INTERNAL KEYWAY SLOTTING ATTTACHMENT ON LATHE MACHINE,Project:INTERNAL KEYWAY SLOTTING ATTTACHMENT ON LATHE MACHINE,GIAN-NIDHI,GIAN Nidhi record 8,,
PER-GN-00028,person,Sagar Vijay Chavan,Sagar Vijay Chavan,GIAN-NIDHI,Participant in GIAN Nidhi student project(s).,,Same name is merged only within the same institution; identical names at different institutions stay separate.
PER-GN-00029,person,Karan Jitendra Mane,Karan Jitendra Mane,GIAN-NIDHI,Participant in GIAN Nidhi student project(s).,,Same name is merged only within the same institution; identical names at different institutions stay separate.
PER-GN-00030,person,Babgonda Satgonda Patil,Babgonda Satgonda Patil,GIAN-NIDHI,Participant in GIAN Nidhi student project(s).,,Same name is merged only within the same institution; identical names at different institutions stay separate.
PER-GN-00031,person,Rushikesh Pravin Thanedar,Rushikesh Pravin Thanedar,GIAN-NIDHI,Participant in GIAN Nidhi student project(s).,,Same name is merged only within the same institution; identical names at different institutions stay separate.
PRJ-0009,project,MANUFACTURING OF LOW COST AND PORTABLE ROTARY KALLER FOR PRODUCTION OF SPICIES,MANUFACTURING OF LOW COST AND PORTABLE ROTARY KALLER FOR PRODUCTION OF SPICIES,GIAN-NIDHI,GIAN Nidhi record 9,,
PER-GN-00032,person,Ingole Dinesh Tulshiram,Ingole Dinesh Tulshiram,GIAN-NIDHI,Participant in GIAN Nidhi student project(s).,,Same name is merged only within the same institution; identical names at different institutions stay separate.
PER-GN-00033,person,Shubham Gyanoba Khodke,Shubham Gyanoba Khodke,GIAN-NIDHI,Participant in GIAN Nidhi student project(s).,,Same name is merged only within the same institution; identical names at different institutions stay separate.
PER-GN-00034,person,Mane Ramdas,Mane Ramdas,GIAN-NIDHI,Participant in GIAN Nidhi student project(s).,,Same name is merged only within the same institution; identical names at different institutions stay separate.
PER-GN-00035,person,Ghonse Datta,Ghonse Datta,GIAN-NIDHI,Participant in GIAN Nidhi student project(s).,,Same name is merged only within the same institution; identical names at different institutions stay separate.
PRJ-0010,project,MULTIPLE APPLICATION VIBRATING MACHINE,MULTIPLE APPLICATION VIBRATING MACHINE,GIAN-NIDHI,GIAN Nidhi record 10,,
PER-GN-00036,person,Pratiksha rangnath Tarde,Pratiksha rangnath Tarde,GIAN-NIDHI,Participant in GIAN Nidhi student project(s).,,Same name is merged only within the same institution; identical names at different institutions stay separate.
PER-GN-00037,person,Bhagyashree Raghunath Tonpe,Bhagyashree Raghunath Tonpe,GIAN-NIDHI,Participant in GIAN Nidhi student project(s).,,Same name is merged only within the same institution; identical names at different institutions stay separate.
PER-GN-00038,person,Laxmi Suresh Pathrud,Laxmi Suresh Pathrud,GIAN-NIDHI,Participant in GIAN Nidhi student project(s).,,Same name is merged only within the same institution; identical names at different institutions stay separate.
PER-GN-00039,person,Ankita Vinayak Pande,Ankita Vinayak Pande,GIAN-NIDHI,Participant in GIAN Nidhi student project(s).,,Same name is merged only within the same institution; identical names at different institutions stay separate.
PRJ-0011,project,NEW GENERATION MASKING MACHINE USED IN HEAT TREATMENT PLANT,NEW GENERATION MASKING MACHINE USED IN HEAT TREATMENT PLANT,GIAN-NIDHI,GIAN Nidhi record 11,,
PER-GN-00040,person,Sayyad Yasmin Ismail,Sayyad Yasmin Ismail,GIAN-NIDHI,Participant in GIAN Nidhi student project(s).,,Same name is merged only within the same institution; identical names at different institutions stay separate.
PER-GN-00041,person,Avhad Harshada M,Avhad Harshada M,GIAN-NIDHI,Participant in GIAN Nidhi student project(s).,,Same name is merged only within the same institution; identical names at different institutions stay separate.
PER-GN-00042,person,Ganjekar Reena,Ganjekar Reena,GIAN-NIDHI,Participant in GIAN Nidhi student project(s).,,Same name is merged only within the same institution; identical names at different institutions stay separate.
PRJ-0012,project,PANTOGRAPH ENGRAVING MACHINE,PANTOGRAPH ENGRAVING MACHINE,GIAN-NIDHI,GIAN Nidhi record 12,,
PER-GN-00043,person,Shreyas Pramod Manure,Shreyas Pramod Manure,GIAN-NIDHI,Participant in GIAN Nidhi student project(s).,,Same name is merged only within the same institution; identical names at different institutions stay separate.
PER-GN-00044,person,Tukaram Kamgonda Kalkile,Tukaram Kamgonda Kalkile,GIAN-NIDHI,Participant in GIAN Nidhi student project(s).,,Same name is merged only within the same institution; identical names at different institutions stay separate.
PER-GN-00045,person,Avinash Chandrakant Baigalalu,Avinash Chandrakant Baigalalu,GIAN-NIDHI,Participant in GIAN Nidhi student project(s).,,Same name is merged only within the same institution; identical names at different institutions stay separate.
PER-GN-00046,person,Mahesh Yamunappa Pawar,Mahesh Yamunappa Pawar,GIAN-NIDHI,Participant in GIAN Nidhi student project(s).,,Same name is merged only within the same institution; identical names at different institutions stay separate.
PRJ-0013,project,PORTABLE CNC MACHINE,PORTABLE CNC MACHINE,GIAN-NIDHI,GIAN Nidhi record 13,,
PER-GN-00047,person,Rohit Sandip Patil,Rohit Sandip Patil,GIAN-NIDHI,Participant in GIAN Nidhi student project(s).,,Same name is merged only within the same institution; identical names at different institutions stay separate.
PER-GN-00048,person,Ranveer Ranjay Patil,Ranveer Ranjay Patil,GIAN-NIDHI,Participant in GIAN Nidhi student project(s).,,Same name is merged only within the same institution; identical names at different institutions stay separate.
PER-GN-00049,person,Amol Ravindra Mestry,Amol Ravindra Mestry,GIAN-NIDHI,Participant in GIAN Nidhi student project(s).,,Same name is merged only within the same institution; identical names at different institutions stay separate.
PER-GN-00050,person,Mahesh Hindurao Padalkar,Mahesh Hindurao Padalkar,GIAN-NIDHI,Participant in GIAN Nidhi student project(s).,,Same name is merged only within the same institution; identical names at different institutions stay separate.
PRJ-0014,project,WHEELCHAIR CUM HOSPITAL BED AND STRETCHER,WHEELCHAIR CUM HOSPITAL BED AND STRETCHER,GIAN-NIDHI,GIAN Nidhi record 14,,
PER-GN-00051,person,Prasad Dilip Sanvatsarkar,Prasad Dilip Sanvatsarkar,GIAN-NIDHI,Participant in GIAN Nidhi student project(s).,,Same name is merged only within the same institution; identical names at different institutions stay separate.
PER-GN-00052,person,Bhagyashri Dilpi Sanvatsarkar,Bhagyashri Dilpi Sanvatsarkar,GIAN-NIDHI,Participant in GIAN Nidhi student project(s).,,Same name is merged only within the same institution; identical names at different institutions stay separate.
PER-GN-00053,person,Rohan Ravindra Takate,Rohan Ravindra Takate,GIAN-NIDHI,Participant in GIAN Nidhi student project(s).,,Same name is merged only within the same institution; identical names at different institutions stay separate.
PER-GN-00054,person,Vishal Ramesh Wagh,Vishal Ramesh Wagh,GIAN-NIDHI,Participant in GIAN Nidhi student project(s).,,Same name is merged only within the same institution; identical names at different institutions stay separate.
PRJ-0015,project,ADVANCE BIKE STARTER SYSTEM,ADVANCE BIKE STARTER SYSTEM,GIAN-NIDHI,GIAN Nidhi record 15,,
PER-GN-00055,person,Mulani Rahim Shafi,Mulani Rahim Shafi,GIAN-NIDHI,Participant in GIAN Nidhi student project(s).,,Same name is merged only within the same institution; identical names at different institutions stay separate.
PER-GN-00056,person,Bhagwat Swanand Sanjay,Bhagwat Swanand Sanjay,GIAN-NIDHI,Participant in GIAN Nidhi student project(s).,,Same name is merged only within the same institution; identical names at different institutions stay separate.
PER-GN-00057,person,Chavan Mahesh Rajendra,Chavan Mahesh Rajendra,GIAN-NIDHI,Participant in GIAN Nidhi student project(s).,,Same name is merged only within the same institution; identical names at different institutions stay separate.
PER-GN-00058,person,Vajale Amol Ramhari,Vajale Amol Ramhari,GIAN-NIDHI,Participant in GIAN Nidhi student project(s).,,Same name is merged only within the same institution; identical names at different institutions stay separate.
PRJ-0016,project,:ADVANCED 3 POWERED HYBRID VEHICLE,:ADVANCED 3 POWERED HYBRID VEHICLE,GIAN-NIDHI,GIAN Nidhi record 16,,
PER-GN-00059,person,Shubham Sanjay Throat,Shubham Sanjay Throat,GIAN-NIDHI,Participant in GIAN Nidhi student project(s).,,Same name is merged only within the same institution; identical names at different institutions stay separate.
PER-GN-00060,person,Shubham Umesh Takawale,Shubham Umesh Takawale,GIAN-NIDHI,Participant in GIAN Nidhi student project(s).,,Same name is merged only within the same institution; identical names at different institutions stay separate.
PER-GN-00061,person,Mohit Sanjay Sonawane,Mohit Sanjay Sonawane,GIAN-NIDHI,Participant in GIAN Nidhi student project(s).,,Same name is merged only within the same institution; identical names at different institutions stay separate.
PER-GN-00062,person,Aditya Rajshekhar Pingle,Aditya Rajshekhar Pingle,GIAN-NIDHI,Participant in GIAN Nidhi student project(s).,,Same name is merged only within the same institution; identical names at different institutions stay separate.
PRJ-0017,project,ADVANCED 3_WHEELER SCOOTY NWITH REVERSE WITH REVERSE MECHANISM AND INNOVATIVE SUSPENSION SYSTEM FOR HANDICAP PERSON.,ADVANCED 3_WHEELER SCOOTY NWITH REVERSE WITH REVERSE MECHANISM AND INNOVATIVE SUSPENSION SYSTEM FOR HANDICAP PERSON.,GIAN-NIDHI,GIAN Nidhi record 17,,
PER-GN-00063,person,Sourabh Prakash Chougule,Sourabh Prakash Chougule,GIAN-NIDHI,Participant in GIAN Nidhi student project(s).,,Same name is merged only within the same institution; identical names at different institutions stay separate.
PER-GN-00064,person,Robin William khade,Robin William khade,GIAN-NIDHI,Participant in GIAN Nidhi student project(s).,,Same name is merged only within the same institution; identical names at different institutions stay separate.
PER-GN-00065,person,Akash Anil Harale,Akash Anil Harale,GIAN-NIDHI,Participant in GIAN Nidhi student project(s).,,Same name is merged only within the same institution; identical names at different institutions stay separate.
PRJ-0018,project,ALL TERRAIN VEHICLE,ALL TERRAIN VEHICLE,GIAN-NIDHI,GIAN Nidhi record 18,,
PER-GN-00066,person,prathamesh Prasanna Bhole,prathamesh Prasanna Bhole,GIAN-NIDHI,Participant in GIAN Nidhi student project(s).,,Same name is merged only within the same institution; identical names at different institutions stay separate.
PER-GN-00067,person,Vikas Sunil Palte,Vikas Sunil Palte,GIAN-NIDHI,Participant in GIAN Nidhi student project(s).,,Same name is merged only within the same institution; identical names at different institutions stay separate.
PER-GN-00068,person,shubham Sanjay Jadhav,shubham Sanjay Jadhav,GIAN-NIDHI,Participant in GIAN Nidhi student project(s).,,Same name is merged only within the same institution; identical names at different institutions stay separate.
PER-GN-00069,person,Akshay Vilas Sawant,Akshay Vilas Sawant,GIAN-NIDHI,Participant in GIAN Nidhi student project(s).,,Same name is merged only within the same institution; identical names at different institutions stay separate.
PRJ-0019,project,AUTOMATIC FIRE EXTINGUISHER IN CAR.,AUTOMATIC FIRE EXTINGUISHER IN CAR.,GIAN-NIDHI,GIAN Nidhi record 19,,
PER-GN-00070,person,Mandar RavIndra Divekar,Mandar RavIndra Divekar,GIAN-NIDHI,Participant in GIAN Nidhi student project(s).,,Same name is merged only within the same institution; identical names at different institutions stay separate.
PER-GN-00071,person,Akash Rajendra Jagdale,Akash Rajendra Jagdale,GIAN-NIDHI,Participant in GIAN Nidhi student project(s).,,Same name is merged only within the same institution; identical names at different institutions stay separate.
PER-GN-00072,person,Abuzar sheikh Badam,Abuzar sheikh Badam,GIAN-NIDHI,Participant in GIAN Nidhi student project(s).,,Same name is merged only within the same institution; identical names at different institutions stay separate.
PER-GN-00073,person,Avinash Changdeo Tambe,Avinash Changdeo Tambe,GIAN-NIDHI,Participant in GIAN Nidhi student project(s).,,Same name is merged only within the same institution; identical names at different institutions stay separate.
PRJ-0020,project,:AUTOMATIC 'FIRE EXTINGUISHER IN CAR.,:AUTOMATIC 'FIRE EXTINGUISHER IN CAR.,GIAN-NIDHI,GIAN Nidhi record 20,,
PER-GN-00074,person,Ajay Samadhan Jadhav,Ajay Samadhan Jadhav,GIAN-NIDHI,Participant in GIAN Nidhi student project(s).,,Same name is merged only within the same institution; identical names at different institutions stay separate.
PER-GN-00075,person,Pavan Narayan Bhagve,Pavan Narayan Bhagve,GIAN-NIDHI,Participant in GIAN Nidhi student project(s).,,Same name is merged only within the same institution; identical names at different institutions stay separate.
PER-GN-00076,person,Prathmesh Manoj Kulkarni,Prathmesh Manoj Kulkarni,GIAN-NIDHI,Participant in GIAN Nidhi student project(s).,,Same name is merged only within the same institution; identical names at different institutions stay separate.
PER-GN-00077,person,Pandurang Dyaneshwar Nikam,Pandurang Dyaneshwar Nikam,GIAN-NIDHI,Participant in GIAN Nidhi student project(s).,,Same name is merged only within the same institution; identical names at different institutions stay separate.
PRJ-0021,project,:COMBINATION OF GEARLESS AND WITH GEAR BIKE.,:COMBINATION OF GEARLESS AND WITH GEAR BIKE.,GIAN-NIDHI,GIAN Nidhi record 21,,
PER-GN-00078,person,Dube Onkar Balasaheb,Dube Onkar Balasaheb,GIAN-NIDHI,Participant in GIAN Nidhi student project(s).,,Same name is merged only within the same institution; identical names at different institutions stay separate.
PER-GN-00079,person,Deshmukh Rutvik Sandip,Deshmukh Rutvik Sandip,GIAN-NIDHI,Participant in GIAN Nidhi student project(s).,,Same name is merged only within the same institution; identical names at different institutions stay separate.
PER-GN-00080,person,Gaikwad Krushna Laxman,Gaikwad Krushna Laxman,GIAN-NIDHI,Participant in GIAN Nidhi student project(s).,,Same name is merged only within the same institution; identical names at different institutions stay separate.
PER-GN-00081,person,Gajhans Sumit Bharat,Gajhans Sumit Bharat,GIAN-NIDHI,Participant in GIAN Nidhi student project(s).,,Same name is merged only within the same institution; identical names at different institutions stay separate.
PRJ-0022,project,:COOLING SYSTEM OF SILENCER,:COOLING SYSTEM OF SILENCER,GIAN-NIDHI,GIAN Nidhi record 22,,
PER-GN-00082,person,Suryawanshi Jaydeep Bhimrao,Suryawanshi Jaydeep Bhimrao,GIAN-NIDHI,Participant in GIAN Nidhi student project(s).,,Same name is merged only within the same institution; identical names at different institutions stay separate.
PRJ-0023,project,LOW COST ELECTRIC WHECLE FOR TOWN AND RURAL AREA TRANSPORTATION.,LOW COST ELECTRIC WHECLE FOR TOWN AND RURAL AREA TRANSPORTATION.,GIAN-NIDHI,GIAN Nidhi record 23,,
PER-GN-00083,person,Yogesh Pakhle,Yogesh Pakhle,GIAN-NIDHI,Participant in GIAN Nidhi student project(s).,,Same name is merged only within the same institution; identical names at different institutions stay separate.
PER-GN-00084,person,Vaibhav Dhanawde,Vaibhav Dhanawde,GIAN-NIDHI,Participant in GIAN Nidhi student project(s).,,Same name is merged only within the same institution; identical names at different institutions stay separate.
PER-GN-00085,person,Vijay MANE,Vijay MANE,GIAN-NIDHI,Participant in GIAN Nidhi student project(s).,,Same name is merged only within the same institution; identical names at different institutions stay separate.
PER-GN-00086,person,Saurabh Kulkarni,Saurabh Kulkarni,GIAN-NIDHI,Participant in GIAN Nidhi student project(s).,,Same name is merged only within the same institution; identical names at different institutions stay separate.
PRJ-0024,project,Project:MAYORS T-REX.,Project:MAYORS T-REX.,GIAN-NIDHI,GIAN Nidhi record 24,,
PER-GN-00087,person,Yash Shinde,Yash Shinde,GIAN-NIDHI,Participant in GIAN Nidhi student project(s).,,Same name is merged only within the same institution; identical names at different institutions stay separate.
PER-GN-00088,person,Meet Limbachia,Meet Limbachia,GIAN-NIDHI,Participant in GIAN Nidhi student project(s).,,Same name is merged only within the same institution; identical names at different institutions stay separate.
PRJ-0025,project,POLLUTANT ALARM SYSTEM IN 2 WHEELERS,POLLUTANT ALARM SYSTEM IN 2 WHEELERS,GIAN-NIDHI,GIAN Nidhi record 25,,
PER-GN-00089,person,Marewar Mithul Vishnu,Marewar Mithul Vishnu,GIAN-NIDHI,Participant in GIAN Nidhi student project(s).,,Same name is merged only within the same institution; identical names at different institutions stay separate.
PER-GN-00090,person,Kulkarni Prashant Pralhadrao,Kulkarni Prashant Pralhadrao,GIAN-NIDHI,Participant in GIAN Nidhi student project(s).,,Same name is merged only within the same institution; identical names at different institutions stay separate.
PER-GN-00091,person,Jondhale Abhishek Chandrakant,Jondhale Abhishek Chandrakant,GIAN-NIDHI,Participant in GIAN Nidhi student project(s).,,Same name is merged only within the same institution; identical names at different institutions stay separate.
PRJ-0026,project,SHAFT DRIVEN MOTORCYCLE,SHAFT DRIVEN MOTORCYCLE,GIAN-NIDHI,GIAN Nidhi record 26,,
PER-GN-00092,person,Ganesh Shrikant khanvilkar,Ganesh Shrikant khanvilkar,GIAN-NIDHI,Participant in GIAN Nidhi student project(s).,,Same name is merged only within the same institution; identical names at different institutions stay separate.
PER-GN-00093,person,Ashriwad Mahesh Jogale,Ashriwad Mahesh Jogale,GIAN-NIDHI,Participant in GIAN Nidhi student project(s).,,Same name is merged only within the same institution; identical names at different institutions stay separate.
PER-GN-00094,person,Rohit Ravinder More,Rohit Ravinder More,GIAN-NIDHI,Participant in GIAN Nidhi student project(s).,,Same name is merged only within the same institution; identical names at different institutions stay separate.
PER-GN-00095,person,Vrushabh Vilas Kadu,Vrushabh Vilas Kadu,GIAN-NIDHI,Participant in GIAN Nidhi student project(s).,,Same name is merged only within the same institution; identical names at different institutions stay separate.
PRJ-0027,project,SMART HELMET,SMART HELMET,GIAN-NIDHI,GIAN Nidhi record 27,,
PER-GN-00096,person,Bibrale Priti Ramakant,Bibrale Priti Ramakant,GIAN-NIDHI,Participant in GIAN Nidhi student project(s).,,Same name is merged only within the same institution; identical names at different institutions stay separate.
PRJ-0028,project,SMART TRICK FOR HANDICAPPED PERSON,SMART TRICK FOR HANDICAPPED PERSON,GIAN-NIDHI,GIAN Nidhi record 28,,
PER-GN-00097,person,Rishikesh Kulkarni,Rishikesh Kulkarni,GIAN-NIDHI,Participant in GIAN Nidhi student project(s).,,Same name is merged only within the same institution; identical names at different institutions stay separate.
PER-GN-00098,person,Abhinav Harichandan,Abhinav Harichandan,GIAN-NIDHI,Participant in GIAN Nidhi student project(s).,,Same name is merged only within the same institution; identical names at different institutions stay separate.
PER-GN-00099,person,Rohit Sandeep Shirbhayye,Rohit Sandeep Shirbhayye,GIAN-NIDHI,Participant in GIAN Nidhi student project(s).,,Same name is merged only within the same institution; identical names at different institutions stay separate.
PER-GN-00100,person,Prteek Bhaurao Vaidya,Prteek Bhaurao Vaidya,GIAN-NIDHI,Participant in GIAN Nidhi student project(s).,,Same name is merged only within the same institution; identical names at different institutions stay separate.
PRJ-0029,project,TREADMILL BICYCLES,TREADMILL BICYCLES,GIAN-NIDHI,GIAN Nidhi record 29,,
PER-GN-00101,person,Aditya Janardhan Gajmal,Aditya Janardhan Gajmal,GIAN-NIDHI,Participant in GIAN Nidhi student project(s).,,Same name is merged only within the same institution; identical names at different institutions stay separate.
PER-GN-00102,person,Shiv prasad Devidas Kure,Shiv prasad Devidas Kure,GIAN-NIDHI,Participant in GIAN Nidhi student project(s).,,Same name is merged only within the same institution; identical names at different institutions stay separate.
PER-GN-00103,person,Sagar Suryakant Siddheshware,Sagar Suryakant Siddheshware,GIAN-NIDHI,Participant in GIAN Nidhi student project(s).,,Same name is merged only within the same institution; identical names at different institutions stay separate.
PER-GN-00104,person,Suyash Sainath Pampatwar,Suyash Sainath Pampatwar,GIAN-NIDHI,Participant in GIAN Nidhi student project(s).,,Same name is merged only within the same institution; identical names at different institutions stay separate.
PRJ-0030,project,TRACK THE HELPER,TRACK THE HELPER,GIAN-NIDHI,GIAN Nidhi record 30,,
PER-GN-00105,person,Chaitanya Prakash Shinde,Chaitanya Prakash Shinde,GIAN-NIDHI,Participant in GIAN Nidhi student project(s).,,Same name is merged only within the same institution; identical names at different institutions stay separate.
PER-GN-00106,person,Raj Vilas kolekar,Raj Vilas kolekar,GIAN-NIDHI,Participant in GIAN Nidhi student project(s).,,Same name is merged only within the same institution; identical names at different institutions stay separate.
PER-GN-00107,person,Basappa kantappa Pujari,Basappa kantappa Pujari,GIAN-NIDHI,Participant in GIAN Nidhi student project(s).,,Same name is merged only within the same institution; identical names at different institutions stay separate.
PER-GN-00108,person,Pratik bapusaheb more,Pratik bapusaheb more,GIAN-NIDHI,Participant in GIAN Nidhi student project(s).,,Same name is merged only within the same institution; identical names at different institutions stay separate.
PRJ-0031,project,ULTRA LOW COST MINI TRACTOR FOR LOWER INCOME FARMERS,ULTRA LOW COST MINI TRACTOR FOR LOWER INCOME FARMERS,GIAN-NIDHI,GIAN Nidhi record 31,,
PER-GN-00109,person,Avishkar Navnath Jambhale,Avishkar Navnath Jambhale,GIAN-NIDHI,Participant in GIAN Nidhi student project(s).,,Same name is merged only within the same institution; identical names at different institutions stay separate.
PER-GN-00110,person,Krishna Narsu Mule,Krishna Narsu Mule,GIAN-NIDHI,Participant in GIAN Nidhi student project(s).,,Same name is merged only within the same institution; identical names at different institutions stay separate.
PER-GN-00111,person,Sandip Bansi Chandanshiv,Sandip Bansi Chandanshiv,GIAN-NIDHI,Participant in GIAN Nidhi student project(s).,,Same name is merged only within the same institution; identical names at different institutions stay separate.
PER-GN-00112,person,Ravindra Ramdas Kadam,Ravindra Ramdas Kadam,GIAN-NIDHI,Participant in GIAN Nidhi student project(s).,,Same name is merged only within the same institution; identical names at different institutions stay separate.
PRJ-0032,project,"""Helmet Assisted Ignition System""","""Helmet Assisted Ignition System""",GIAN-NIDHI,GIAN Nidhi record 32,,
PER-GN-00113,person,Ponde Mahesh,Ponde Mahesh,GIAN-NIDHI,Participant in GIAN Nidhi student project(s).,,Same name is merged only within the same institution; identical names at different institutions stay separate.
PER-GN-00114,person,Shinde Akshada,Shinde Akshada,GIAN-NIDHI,Participant in GIAN Nidhi student project(s).,,Same name is merged only within the same institution; identical names at different institutions stay separate.
PRJ-0033,project,SOLAR OPERATED CAR,SOLAR OPERATED CAR,GIAN-NIDHI,GIAN Nidhi record 33,,
PER-GN-00115,person,Devendra S. SawantHarshal,Devendra S. SawantHarshal,GIAN-NIDHI,Participant in GIAN Nidhi student project(s).,,Same name is merged only within the same institution; identical names at different institutions stay separate.
PER-GN-00116,person,B. ValviSiddheshwar,B. ValviSiddheshwar,GIAN-NIDHI,Participant in GIAN Nidhi student project(s).,,Same name is merged only within the same institution; identical names at different institutions stay separate.
PER-GN-00117,person,V. Madhey Mitesh,V. Madhey Mitesh,GIAN-NIDHI,Participant in GIAN Nidhi student project(s).,,Same name is merged only within the same institution; identical names at different institutions stay separate.
PER-GN-00118,person,C. Patil,C. Patil,GIAN-NIDHI,Participant in GIAN Nidhi student project(s).,,Same name is merged only within the same institution; identical names at different institutions stay separate.
PRJ-0034,project,ECHO-FRIENDLY VEHICLE.,ECHO-FRIENDLY VEHICLE.,GIAN-NIDHI,GIAN Nidhi record 34,,
PER-GN-00119,person,Sanket Shrikant Warudkar,Sanket Shrikant Warudkar,GIAN-NIDHI,Participant in GIAN Nidhi student project(s).,,Same name is merged only within the same institution; identical names at different institutions stay separate.
PER-GN-00120,person,Sakharam Sharadra Deshmukhk,Sakharam Sharadra Deshmukhk,GIAN-NIDHI,Participant in GIAN Nidhi student project(s).,,Same name is merged only within the same institution; identical names at different institutions stay separate.
PER-GN-00121,person,Sanket Dongaonkar,Sanket Dongaonkar,GIAN-NIDHI,Participant in GIAN Nidhi student project(s).,,Same name is merged only within the same institution; identical names at different institutions stay separate.
PER-GN-00122,person,Nilesh Vasantrao Wankhede,Nilesh Vasantrao Wankhede,GIAN-NIDHI,Participant in GIAN Nidhi student project(s).,,Same name is merged only within the same institution; identical names at different institutions stay separate.
PER-GN-00123,person,Ganesh Kale,Ganesh Kale,GIAN-NIDHI,Participant in GIAN Nidhi student project(s).,,Same name is merged only within the same institution; identical names at different institutions stay separate.
PRJ-0035,project,BLACK BOX FOR VEHICLE.,BLACK BOX FOR VEHICLE.,GIAN-NIDHI,GIAN Nidhi record 35,,
PER-GN-00124,person,Salve Priyanka Suryakant,Salve Priyanka Suryakant,GIAN-NIDHI,Participant in GIAN Nidhi student project(s).,,Same name is merged only within the same institution; identical names at different institutions stay separate.
PER-GN-00125,person,Bhise Manjushree Anurath,Bhise Manjushree Anurath,GIAN-NIDHI,Participant in GIAN Nidhi student project(s).,,Same name is merged only within the same institution; identical names at different institutions stay separate.
PER-GN-00126,person,Sadekar Dipali Gangadhar,Sadekar Dipali Gangadhar,GIAN-NIDHI,Participant in GIAN Nidhi student project(s).,,Same name is merged only within the same institution; identical names at different institutions stay separate.
PER-GN-00127,person,Reddy Sailee Sudhakar,Reddy Sailee Sudhakar,GIAN-NIDHI,Participant in GIAN Nidhi student project(s).,,Same name is merged only within the same institution; identical names at different institutions stay separate.
PRJ-0036,project,Automatic Car Lifter (ACL),Automatic Car Lifter (ACL),GIAN-NIDHI,GIAN Nidhi record 36,,
PER-GN-00128,person,Shaikh Ubaid,Shaikh Ubaid,GIAN-NIDHI,Participant in GIAN Nidhi student project(s).,,Same name is merged only within the same institution; identical names at different institutions stay separate.
PER-GN-00129,person,Shaikh Hussain,Shaikh Hussain,GIAN-NIDHI,Participant in GIAN Nidhi student project(s).,,Same name is merged only within the same institution; identical names at different institutions stay separate.
PER-GN-00130,person,Palaskar Ravikiran D,Palaskar Ravikiran D,GIAN-NIDHI,Participant in GIAN Nidhi student project(s).,,Same name is merged only within the same institution; identical names at different institutions stay separate.
PER-GN-00131,person,Prayag Niraj Kumar,Prayag Niraj Kumar,GIAN-NIDHI,Participant in GIAN Nidhi student project(s).,,Same name is merged only within the same institution; identical names at different institutions stay separate.
PER-GN-00132,person,Shaikh Abdul Saeed,Shaikh Abdul Saeed,GIAN-NIDHI,Participant in GIAN Nidhi student project(s).,,Same name is merged only within the same institution; identical names at different institutions stay separate.
PER-GN-00133,person,Trimbake Mahesh,Trimbake Mahesh,GIAN-NIDHI,Participant in GIAN Nidhi student project(s).,,Same name is merged only within the same institution; identical names at different institutions stay separate.
PRJ-0037,project,Charcoal Silencer,Charcoal Silencer,GIAN-NIDHI,GIAN Nidhi record 37,,
PER-GN-00134,person,Amol Nandlal Bedmutha,Amol Nandlal Bedmutha,GIAN-NIDHI,Participant in GIAN Nidhi student project(s).,,Same name is merged only within the same institution; identical names at different institutions stay separate.
PER-GN-00135,person,Tarang Mahesh Gharpure,Tarang Mahesh Gharpure,GIAN-NIDHI,Participant in GIAN Nidhi student project(s).,,Same name is merged only within the same institution; identical names at different institutions stay separate.
PER-GN-00136,person,Pratik Kantilalji Bhandari,Pratik Kantilalji Bhandari,GIAN-NIDHI,Participant in GIAN Nidhi student project(s).,,Same name is merged only within the same institution; identical names at different institutions stay separate.
PER-GN-00137,person,Amit Prakash Baraskar,Amit Prakash Baraskar,GIAN-NIDHI,Participant in GIAN Nidhi student project(s).,,Same name is merged only within the same institution; identical names at different institutions stay separate.
PRJ-0038,project,BIO-BIKE,BIO-BIKE,GIAN-NIDHI,GIAN Nidhi record 38,,
PER-GN-00138,person,S. K. Chikane,S. K. Chikane,GIAN-NIDHI,Participant in GIAN Nidhi student project(s).,,Same name is merged only within the same institution; identical names at different institutions stay separate.
PER-GN-00139,person,D. S. Sakhare,D. S. Sakhare,GIAN-NIDHI,Participant in GIAN Nidhi student project(s).,,Same name is merged only within the same institution; identical names at different institutions stay separate.
PER-GN-00140,person,P. S. Kawarkhe,P. S. Kawarkhe,GIAN-NIDHI,Participant in GIAN Nidhi student project(s).,,Same name is merged only within the same institution; identical names at different institutions stay separate.
PER-GN-00141,person,G. S. Joshi,G. S. Joshi,GIAN-NIDHI,Participant in GIAN Nidhi student project(s).,,Same name is merged only within the same institution; identical names at different institutions stay separate.
PRJ-0039,project,NEWTON AUTOMATIC CENTRIFUGAL CLUTCH,NEWTON AUTOMATIC CENTRIFUGAL CLUTCH,GIAN-NIDHI,GIAN Nidhi record 39,,
PER-GN-00142,person,Sangramsingh F. Chouhan,Sangramsingh F. Chouhan,GIAN-NIDHI,Participant in GIAN Nidhi student project(s).,,Same name is merged only within the same institution; identical names at different institutions stay separate.
PER-GN-00143,person,Jaykumar S. Bhattad,Jaykumar S. Bhattad,GIAN-NIDHI,Participant in GIAN Nidhi student project(s).,,Same name is merged only within the same institution; identical names at different institutions stay separate.
PER-GN-00144,person,Bharat Bhutada,Bharat Bhutada,GIAN-NIDHI,Participant in GIAN Nidhi student project(s).,,Same name is merged only within the same institution; identical names at different institutions stay separate.
PER-GN-00145,person,Nachiket N. Joshi,Nachiket N. Joshi,GIAN-NIDHI,Participant in GIAN Nidhi student project(s).,,Same name is merged only within the same institution; identical names at different institutions stay separate.
PER-GN-00146,person,Gururaj A. Utage,Gururaj A. Utage,GIAN-NIDHI,Participant in GIAN Nidhi student project(s).,,Same name is merged only within the same institution; identical names at different institutions stay separate.
PRJ-0040,project,DESIGN OF QUADRACYCLE WITH QUADRA STEERING,DESIGN OF QUADRACYCLE WITH QUADRA STEERING,GIAN-NIDHI,GIAN Nidhi record 40,,
PER-GN-00147,person,Amey Sawant,Amey Sawant,GIAN-NIDHI,Participant in GIAN Nidhi student project(s).,,Same name is merged only within the same institution; identical names at different institutions stay separate.
PER-GN-00148,person,Rupesh D. Nathe,Rupesh D. Nathe,GIAN-NIDHI,Participant in GIAN Nidhi student project(s).,,Same name is merged only within the same institution; identical names at different institutions stay separate.
PER-GN-00149,person,Pawan Painjane,Pawan Painjane,GIAN-NIDHI,Participant in GIAN Nidhi student project(s).,,Same name is merged only within the same institution; identical names at different institutions stay separate.
PER-GN-00150,person,Tushar Mokal,Tushar Mokal,GIAN-NIDHI,Participant in GIAN Nidhi student project(s).,,Same name is merged only within the same institution; identical names at different institutions stay separate.
PRJ-0041,project,MOBILE CONTROL PICK AND PLACE VEHICLE.,MOBILE CONTROL PICK AND PLACE VEHICLE.,GIAN-NIDHI,GIAN Nidhi record 41,,
PER-GN-00151,person,Nitu Ramdas Khedekar,Nitu Ramdas Khedekar,GIAN-NIDHI,Participant in GIAN Nidhi student project(s).,,Same name is merged only within the same institution; identical names at different institutions stay separate.
PER-GN-00152,person,Jyoti Gopinath Anap,Jyoti Gopinath Anap,GIAN-NIDHI,Participant in GIAN Nidhi student project(s).,,Same name is merged only within the same institution; identical names at different institutions stay separate.
PER-GN-00153,person,Kavita Baban Gunjal,Kavita Baban Gunjal,GIAN-NIDHI,Participant in GIAN Nidhi student project(s).,,Same name is merged only within the same institution; identical names at different institutions stay separate.
PER-GN-00154,person,Archana Jaishing Rajbhoj,Archana Jaishing Rajbhoj,GIAN-NIDHI,Participant in GIAN Nidhi student project(s).,,Same name is merged only within the same institution; identical names at different institutions stay separate.
PRJ-0042,project,AIR POWERED CAR,AIR POWERED CAR,GIAN-NIDHI,GIAN Nidhi record 42,,
PER-GN-00155,person,Yogesh Shantaram Shanbhag,Yogesh Shantaram Shanbhag,GIAN-NIDHI,Participant in GIAN Nidhi student project(s).,,Same name is merged only within the same institution; identical names at different institutions stay separate.
PER-GN-00156,person,Sujit Acchelal Sharma,Sujit Acchelal Sharma,GIAN-NIDHI,Participant in GIAN Nidhi student project(s).,,Same name is merged only within the same institution; identical names at different institutions stay separate.
PER-GN-00157,person,Jiten Rameshbhai,Jiten Rameshbhai,GIAN-NIDHI,Participant in GIAN Nidhi student project(s).,,Same name is merged only within the same institution; identical names at different institutions stay separate.
PRJ-0043,project,Design and Fabrication of car for Handicap person.,Design and Fabrication of car for Handicap person.,GIAN-NIDHI,GIAN Nidhi record 43,,
PER-GN-00158,person,Chetan Thakre,Chetan Thakre,GIAN-NIDHI,Participant in GIAN Nidhi student project(s).,,Same name is merged only within the same institution; identical names at different institutions stay separate.
PER-GN-00159,person,Ganesh Palatkar,Ganesh Palatkar,GIAN-NIDHI,Participant in GIAN Nidhi student project(s).,,Same name is merged only within the same institution; identical names at different institutions stay separate.
PER-GN-00160,person,Kalpak Onkar,Kalpak Onkar,GIAN-NIDHI,Participant in GIAN Nidhi student project(s).,,Same name is merged only within the same institution; identical names at different institutions stay separate.
PER-GN-00161,person,Amar Kathwate,Amar Kathwate,GIAN-NIDHI,Participant in GIAN Nidhi student project(s).,,Same name is merged only within the same institution; identical names at different institutions stay separate.
PRJ-0044,project,ADVANCED GSM CAR SECURITY SYSTEM.,ADVANCED GSM CAR SECURITY SYSTEM.,GIAN-NIDHI,GIAN Nidhi record 44,,
PER-GN-00162,person,Sagar Krishna Dhande,Sagar Krishna Dhande,GIAN-NIDHI,Participant in GIAN Nidhi student project(s).,,Same name is merged only within the same institution; identical names at different institutions stay separate.
PER-GN-00163,person,Prashant R. Chavare,Prashant R. Chavare,GIAN-NIDHI,Participant in GIAN Nidhi student project(s).,,Same name is merged only within the same institution; identical names at different institutions stay separate.
PER-GN-00164,person,Sandesh Kathawate,Sandesh Kathawate,GIAN-NIDHI,Participant in GIAN Nidhi student project(s).,,Same name is merged only within the same institution; identical names at different institutions stay separate.
PER-GN-00165,person,Abhijit Nagare,Abhijit Nagare,GIAN-NIDHI,Participant in GIAN Nidhi student project(s).,,Same name is merged only within the same institution; identical names at different institutions stay separate.
PER-GN-00166,person,Yuvraj Pavale,Yuvraj Pavale,GIAN-NIDHI,Participant in GIAN Nidhi student project(s).,,Same name is merged only within the same institution; identical names at different institutions stay separate.
PRJ-0045,project,AN EXPERIMENTAL INVESTIGATION OF FEASIBILITY OF ACYTYLENE AS A FUEL FOR S.I. ENGINE,AN EXPERIMENTAL INVESTIGATION OF FEASIBILITY OF ACYTYLENE AS A FUEL FOR S.I. ENGINE,GIAN-NIDHI,GIAN Nidhi record 45,,
PER-GN-00167,person,Kapil Tupkar,Kapil Tupkar,GIAN-NIDHI,Participant in GIAN Nidhi student project(s).,,Same name is merged only within the same institution; identical names at different institutions stay separate.
PER-GN-00168,person,Rushikesh Kubitkar,Rushikesh Kubitkar,GIAN-NIDHI,Participant in GIAN Nidhi student project(s).,,Same name is merged only within the same institution; identical names at different institutions stay separate.
PER-GN-00169,person,Swapnil Nandanwar,Swapnil Nandanwar,GIAN-NIDHI,Participant in GIAN Nidhi student project(s).,,Same name is merged only within the same institution; identical names at different institutions stay separate.
PER-GN-00170,person,Pratik Barhe,Pratik Barhe,GIAN-NIDHI,Participant in GIAN Nidhi student project(s).,,Same name is merged only within the same institution; identical names at different institutions stay separate.
PER-GN-00171,person,Sagar Jichkar,Sagar Jichkar,GIAN-NIDHI,Participant in GIAN Nidhi student project(s).,,Same name is merged only within the same institution; identical names at different institutions stay separate.
PRJ-0046,project,ELECTROMAGNETIC SHOCK ABSORBER,ELECTROMAGNETIC SHOCK ABSORBER,GIAN-NIDHI,GIAN Nidhi record 46,,
PER-GN-00172,person,Sanket Vivek Phalak,Sanket Vivek Phalak,GIAN-NIDHI,Participant in GIAN Nidhi student project(s).,,Same name is merged only within the same institution; identical names at different institutions stay separate.
PER-GN-00173,person,Sagar Subhashrao Raut,Sagar Subhashrao Raut,GIAN-NIDHI,Participant in GIAN Nidhi student project(s).,,Same name is merged only within the same institution; identical names at different institutions stay separate.
PER-GN-00174,person,Hemchandra Ashok Rane,Hemchandra Ashok Rane,GIAN-NIDHI,Participant in GIAN Nidhi student project(s).,,Same name is merged only within the same institution; identical names at different institutions stay separate.
PER-GN-00175,person,Amol Shridhar Nagpure,Amol Shridhar Nagpure,GIAN-NIDHI,Participant in GIAN Nidhi student project(s).,,Same name is merged only within the same institution; identical names at different institutions stay separate.
PER-GN-00176,person,Vinit Kashinath Kolte,Vinit Kashinath Kolte,GIAN-NIDHI,Participant in GIAN Nidhi student project(s).,,Same name is merged only within the same institution; identical names at different institutions stay separate.
PRJ-0047,project,THROTTLE BODY INJECTION SYSTEM,THROTTLE BODY INJECTION SYSTEM,GIAN-NIDHI,GIAN Nidhi record 47,,
PER-GN-00177,person,Shrikant Purushottam Kulkarni,Shrikant Purushottam Kulkarni,GIAN-NIDHI,Participant in GIAN Nidhi student project(s).,,Same name is merged only within the same institution; identical names at different institutions stay separate.
PER-GN-00178,person,Rakesh Bhaskarrao Jagtap,Rakesh Bhaskarrao Jagtap,GIAN-NIDHI,Participant in GIAN Nidhi student project(s).,,Same name is merged only within the same institution; identical names at different institutions stay separate.
PER-GN-00179,person,Sanjay Ashok More,Sanjay Ashok More,GIAN-NIDHI,Participant in GIAN Nidhi student project(s).,,Same name is merged only within the same institution; identical names at different institutions stay separate.
PER-GN-00180,person,Sumeet B. Kunkari,Sumeet B. Kunkari,GIAN-NIDHI,Participant in GIAN Nidhi student project(s).,,Same name is merged only within the same institution; identical names at different institutions stay separate.
PER-GN-00181,person,Virendra Brijlal Lohar,Virendra Brijlal Lohar,GIAN-NIDHI,Participant in GIAN Nidhi student project(s).,,Same name is merged only within the same institution; identical names at different institutions stay separate.
PRJ-0048,project,ELECTRONIC BICYCLE,ELECTRONIC BICYCLE,GIAN-NIDHI,GIAN Nidhi record 48,,
PER-GN-00182,person,Somnath Trimbak Sathe,Somnath Trimbak Sathe,GIAN-NIDHI,Participant in GIAN Nidhi student project(s).,,Same name is merged only within the same institution; identical names at different institutions stay separate.
PER-GN-00183,person,Saurabh Dattatray Kute,Saurabh Dattatray Kute,GIAN-NIDHI,Participant in GIAN Nidhi student project(s).,,Same name is merged only within the same institution; identical names at different institutions stay separate.
PER-GN-00184,person,Sameer Prahlad Katote,Sameer Prahlad Katote,GIAN-NIDHI,Participant in GIAN Nidhi student project(s).,,Same name is merged only within the same institution; identical names at different institutions stay separate.
PER-GN-00185,person,Dinesh kumar Singh,Dinesh kumar Singh,GIAN-NIDHI,Participant in GIAN Nidhi student project(s).,,Same name is merged only within the same institution; identical names at different institutions stay separate.
PER-GN-00186,person,Atul Tukaram Shilimkar,Atul Tukaram Shilimkar,GIAN-NIDHI,Participant in GIAN Nidhi student project(s).,,Same name is merged only within the same institution; identical names at different institutions stay separate.
PER-GN-00187,person,Sagar Sanas,Sagar Sanas,GIAN-NIDHI,Participant in GIAN Nidhi student project(s).,,Same name is merged only within the same institution; identical names at different institutions stay separate.
PRJ-0049,project,DESIGN AND DEVELOPMENT OF DYNAMIC VIBRATION ABSORBER,DESIGN AND DEVELOPMENT OF DYNAMIC VIBRATION ABSORBER,GIAN-NIDHI,GIAN Nidhi record 49,,
PER-GN-00188,person,Sagar Shrirant Shewale,Sagar Shrirant Shewale,GIAN-NIDHI,Participant in GIAN Nidhi student project(s).,,Same name is merged only within the same institution; identical names at different institutions stay separate.
PER-GN-00189,person,Mahendra,Mahendra,GIAN-NIDHI,Participant in GIAN Nidhi student project(s).,,Same name is merged only within the same institution; identical names at different institutions stay separate.
PER-GN-00190,person,Shrikant Baban Chinchkar,Shrikant Baban Chinchkar,GIAN-NIDHI,Participant in GIAN Nidhi student project(s).,,Same name is merged only within the same institution; identical names at different institutions stay separate.
PER-GN-00191,person,Pankaj Hanmantrao Mali,Pankaj Hanmantrao Mali,GIAN-NIDHI,Participant in GIAN Nidhi student project(s).,,Same name is merged only within the same institution; identical names at different institutions stay separate.
PRJ-0050,project,MINI HOIST,MINI HOIST,GIAN-NIDHI,GIAN Nidhi record 50,,
PER-GN-00192,person,Aniket M. Anavkar,Aniket M. Anavkar,GIAN-NIDHI,Participant in GIAN Nidhi student project(s).,,Same name is merged only within the same institution; identical names at different institutions stay separate.
PER-GN-00193,person,Apoorva V. Aathwale,Apoorva V. Aathwale,GIAN-NIDHI,Participant in GIAN Nidhi student project(s).,,Same name is merged only within the same institution; identical names at different institutions stay separate.
PER-GN-00194,person,Kirti L. Saka,Kirti L. Saka,GIAN-NIDHI,Participant in GIAN Nidhi student project(s).,,Same name is merged only within the same institution; identical names at different institutions stay separate.
PRJ-0051,project,ORBITAL CUTTING MACHINE,ORBITAL CUTTING MACHINE,GIAN-NIDHI,GIAN Nidhi record 51,,
PER-GN-00195,person,Harsh B. Kansara,Harsh B. Kansara,GIAN-NIDHI,Participant in GIAN Nidhi student project(s).,,Same name is merged only within the same institution; identical names at different institutions stay separate.
PER-GN-00196,person,Shantanu S. Walavalkar,Shantanu S. Walavalkar,GIAN-NIDHI,Participant in GIAN Nidhi student project(s).,,Same name is merged only within the same institution; identical names at different institutions stay separate.
PER-GN-00197,person,Nabil A. Solanki,Nabil A. Solanki,GIAN-NIDHI,Participant in GIAN Nidhi student project(s).,,Same name is merged only within the same institution; identical names at different institutions stay separate.
PER-GN-00198,person,Abhishek Waruskar,Abhishek Waruskar,GIAN-NIDHI,Participant in GIAN Nidhi student project(s).,,Same name is merged only within the same institution; identical names at different institutions stay separate.
PRJ-0052,project,Development of charting system for methods and analysis,Development of charting system for methods and analysis,GIAN-NIDHI,GIAN Nidhi record 52,,
PER-GN-00199,person,Anjali R. Dhiware,Anjali R. Dhiware,GIAN-NIDHI,Participant in GIAN Nidhi student project(s).,,Same name is merged only within the same institution; identical names at different institutions stay separate.
PER-GN-00200,person,Madhuri C. Pardhe,Madhuri C. Pardhe,GIAN-NIDHI,Participant in GIAN Nidhi student project(s).,,Same name is merged only within the same institution; identical names at different institutions stay separate.
PER-GN-00201,person,Mohini N. Sakpal,Mohini N. Sakpal,GIAN-NIDHI,Participant in GIAN Nidhi student project(s).,,Same name is merged only within the same institution; identical names at different institutions stay separate.
PER-GN-00202,person,Jyoti B. Sonawane,Jyoti B. Sonawane,GIAN-NIDHI,Participant in GIAN Nidhi student project(s).,,Same name is merged only within the same institution; identical names at different institutions stay separate.
PRJ-0053,project,SHEET ROLLING MACHINE WITH BEEDING,SHEET ROLLING MACHINE WITH BEEDING,GIAN-NIDHI,GIAN Nidhi record 53,,
PER-GN-00203,person,Shishendu S. Chakraborty,Shishendu S. Chakraborty,GIAN-NIDHI,Participant in GIAN Nidhi student project(s).,,Same name is merged only within the same institution; identical names at different institutions stay separate.
PER-GN-00204,person,Anand S. Chamachi,Anand S. Chamachi,GIAN-NIDHI,Participant in GIAN Nidhi student project(s).,,Same name is merged only within the same institution; identical names at different institutions stay separate.
PER-GN-00205,person,Manoj M. Borde,Manoj M. Borde,GIAN-NIDHI,Participant in GIAN Nidhi student project(s).,,Same name is merged only within the same institution; identical names at different institutions stay separate.
PER-GN-00206,person,Pradeep M. Borkar,Pradeep M. Borkar,GIAN-NIDHI,Participant in GIAN Nidhi student project(s).,,Same name is merged only within the same institution; identical names at different institutions stay separate.
PRJ-0054,project,WABIMAN Walking Biped Humanoid,WABIMAN Walking Biped Humanoid,GIAN-NIDHI,GIAN Nidhi record 54,,
PER-GN-00207,person,Pooja Rajan Tanawade,Pooja Rajan Tanawade,GIAN-NIDHI,Participant in GIAN Nidhi student project(s).,,Same name is merged only within the same institution; identical names at different institutions stay separate.
PER-GN-00208,person,Shweta Sanjay Panwalkar,Shweta Sanjay Panwalkar,GIAN-NIDHI,Participant in GIAN Nidhi student project(s).,,Same name is merged only within the same institution; identical names at different institutions stay separate.
PER-GN-00209,person,Geetanjali Pramod,Geetanjali Pramod,GIAN-NIDHI,Participant in GIAN Nidhi student project(s).,,Same name is merged only within the same institution; identical names at different institutions stay separate.
PRJ-0055,project,MANUALLY OPERATED STATOR WINDING MACHINE,MANUALLY OPERATED STATOR WINDING MACHINE,GIAN-NIDHI,GIAN Nidhi record 55,,
PER-GN-00210,person,Tosif Iqbal Mulla,Tosif Iqbal Mulla,GIAN-NIDHI,Participant in GIAN Nidhi student project(s).,,Same name is merged only within the same institution; identical names at different institutions stay separate.
PER-GN-00211,person,Abhinandan Shantinath Galatage,Abhinandan Shantinath Galatage,GIAN-NIDHI,Participant in GIAN Nidhi student project(s).,,Same name is merged only within the same institution; identical names at different institutions stay separate.
PER-GN-00212,person,Harish Raghunath,Harish Raghunath,GIAN-NIDHI,Participant in GIAN Nidhi student project(s).,,Same name is merged only within the same institution; identical names at different institutions stay separate.
PER-GN-00213,person,Sagar Shankar Patekar,Sagar Shankar Patekar,GIAN-NIDHI,Participant in GIAN Nidhi student project(s).,,Same name is merged only within the same institution; identical names at different institutions stay separate.
PRJ-0056,project,Fixture for croos-hole machining operation of center yoke,Fixture for croos-hole machining operation of center yoke,GIAN-NIDHI,GIAN Nidhi record 56,,
PER-GN-00214,person,More Yogesh Sampat,More Yogesh Sampat,GIAN-NIDHI,Participant in GIAN Nidhi student project(s).,,Same name is merged only within the same institution; identical names at different institutions stay separate.
PER-GN-00215,person,Shirrsath Chetan Pandurang,Shirrsath Chetan Pandurang,GIAN-NIDHI,Participant in GIAN Nidhi student project(s).,,Same name is merged only within the same institution; identical names at different institutions stay separate.
PER-GN-00216,person,Kothwade Bhushan,Kothwade Bhushan,GIAN-NIDHI,Participant in GIAN Nidhi student project(s).,,Same name is merged only within the same institution; identical names at different institutions stay separate.
PRJ-0057,project,Advanced abrasive cutting Machine.,Advanced abrasive cutting Machine.,GIAN-NIDHI,GIAN Nidhi record 57,,
PER-GN-00217,person,Bhagavat Suraj Shrikant,Bhagavat Suraj Shrikant,GIAN-NIDHI,Participant in GIAN Nidhi student project(s).,,Same name is merged only within the same institution; identical names at different institutions stay separate.
PER-GN-00218,person,Rathod Vipul Ramprasad,Rathod Vipul Ramprasad,GIAN-NIDHI,Participant in GIAN Nidhi student project(s).,,Same name is merged only within the same institution; identical names at different institutions stay separate.
PRJ-0058,project,Dhoop Stick Making Machine,Dhoop Stick Making Machine,GIAN-NIDHI,GIAN Nidhi record 58,,
PER-GN-00219,person,Kamlesh V. Narnaware,Kamlesh V. Narnaware,GIAN-NIDHI,Participant in GIAN Nidhi student project(s).,,Same name is merged only within the same institution; identical names at different institutions stay separate.
PER-GN-00220,person,Hrudainath P.Raut,Hrudainath P.Raut,GIAN-NIDHI,Participant in GIAN Nidhi student project(s).,,Same name is merged only within the same institution; identical names at different institutions stay separate.
PER-GN-00221,person,Tushar P. Nagpure,Tushar P. Nagpure,GIAN-NIDHI,Participant in GIAN Nidhi student project(s).,,Same name is merged only within the same institution; identical names at different institutions stay separate.
PER-GN-00222,person,Vivek,Vivek,GIAN-NIDHI,Participant in GIAN Nidhi student project(s).,,Same name is merged only within the same institution; identical names at different institutions stay separate.
PRJ-0059,project,Magnetic Brake System,Magnetic Brake System,GIAN-NIDHI,GIAN Nidhi record 59,,
PER-GN-00223,person,Shirsath Shivaji Bhagavat,Shirsath Shivaji Bhagavat,GIAN-NIDHI,Participant in GIAN Nidhi student project(s).,,Same name is merged only within the same institution; identical names at different institutions stay separate.
PER-GN-00224,person,Darkunde Ganesh Ashok,Darkunde Ganesh Ashok,GIAN-NIDHI,Participant in GIAN Nidhi student project(s).,,Same name is merged only within the same institution; identical names at different institutions stay separate.
PER-GN-00225,person,Gade Tushar,Gade Tushar,GIAN-NIDHI,Participant in GIAN Nidhi student project(s).,,Same name is merged only within the same institution; identical names at different institutions stay separate.
PRJ-0060,project,Fiber glass reinforced plastic cutting machine.,Fiber glass reinforced plastic cutting machine.,GIAN-NIDHI,GIAN Nidhi record 60,,
PER-GN-00226,person,Shinde Amit,Shinde Amit,GIAN-NIDHI,Participant in GIAN Nidhi student project(s).,,Same name is merged only within the same institution; identical names at different institutions stay separate.
PER-GN-00227,person,Yargitkar Prasad,Yargitkar Prasad,GIAN-NIDHI,Participant in GIAN Nidhi student project(s).,,Same name is merged only within the same institution; identical names at different institutions stay separate.
PER-GN-00228,person,Pathak Rohan,Pathak Rohan,GIAN-NIDHI,Participant in GIAN Nidhi student project(s).,,Same name is merged only within the same institution; identical names at different institutions stay separate.
PER-GN-00229,person,Ravi Prashant,Ravi Prashant,GIAN-NIDHI,Participant in GIAN Nidhi student project(s).,,Same name is merged only within the same institution; identical names at different institutions stay separate.
PRJ-0061,project,Electromagnetic Machining Process.,Electromagnetic Machining Process.,GIAN-NIDHI,GIAN Nidhi record 61,,
PER-GN-00230,person,Gaddamwar Sagar Suryakant,Gaddamwar Sagar Suryakant,GIAN-NIDHI,Participant in GIAN Nidhi student project(s).,,Same name is merged only within the same institution; identical names at different institutions stay separate.
PER-GN-00231,person,Sahasrabuddhe Sanket Anil,Sahasrabuddhe Sanket Anil,GIAN-NIDHI,Participant in GIAN Nidhi student project(s).,,Same name is merged only within the same institution; identical names at different institutions stay separate.
PER-GN-00232,person,Jadhao Ravikant Babarao,Jadhao Ravikant Babarao,GIAN-NIDHI,Participant in GIAN Nidhi student project(s).,,Same name is merged only within the same institution; identical names at different institutions stay separate.
PRJ-0062,project,SELF-ACTING WEIGHING MACHINE,SELF-ACTING WEIGHING MACHINE,GIAN-NIDHI,GIAN Nidhi record 62,,
PER-GN-00233,person,Girish S. Padshetti,Girish S. Padshetti,GIAN-NIDHI,Participant in GIAN Nidhi student project(s).,,Same name is merged only within the same institution; identical names at different institutions stay separate.
PER-GN-00234,person,Nitin S. Motgi,Nitin S. Motgi,GIAN-NIDHI,Participant in GIAN Nidhi student project(s).,,Same name is merged only within the same institution; identical names at different institutions stay separate.
PER-GN-00235,person,Mahnish R. Chandele,Mahnish R. Chandele,GIAN-NIDHI,Participant in GIAN Nidhi student project(s).,,Same name is merged only within the same institution; identical names at different institutions stay separate.
PER-GN-00236,person,Tushar A. Shingade,Tushar A. Shingade,GIAN-NIDHI,Participant in GIAN Nidhi student project(s).,,Same name is merged only within the same institution; identical names at different institutions stay separate.
PRJ-0063,project,ELIMINATING NONPRODUCTIVE TROLLEY MOVEMENT ON THE SHOFP FLOOR BY ADOPTING SYNCHRONISED HANGER.,ELIMINATING NONPRODUCTIVE TROLLEY MOVEMENT ON THE SHOFP FLOOR BY ADOPTING SYNCHRONISED HANGER.,GIAN-NIDHI,GIAN Nidhi record 63,,
PER-GN-00237,person,Sachin Pandurang Ingle,Sachin Pandurang Ingle,GIAN-NIDHI,Participant in GIAN Nidhi student project(s).,,Same name is merged only within the same institution; identical names at different institutions stay separate.
PER-GN-00238,person,Vikas Shivaji Matkar,Vikas Shivaji Matkar,GIAN-NIDHI,Participant in GIAN Nidhi student project(s).,,Same name is merged only within the same institution; identical names at different institutions stay separate.
PER-GN-00239,person,Jitesh Gajananrao,Jitesh Gajananrao,GIAN-NIDHI,Participant in GIAN Nidhi student project(s).,,Same name is merged only within the same institution; identical names at different institutions stay separate.
PER-GN-00240,person,S. K. Khan,S. K. Khan,GIAN-NIDHI,Participant in GIAN Nidhi student project(s).,,Same name is merged only within the same institution; identical names at different institutions stay separate.
PRJ-0064,project,Tricycle Fitted With Windmill Reducing Effort Of Pedallers,Tricycle Fitted With Windmill Reducing Effort Of Pedallers,GIAN-NIDHI,GIAN Nidhi record 64,,
PER-GN-00241,person,Vinayak Yeshwant,Vinayak Yeshwant,GIAN-NIDHI,Participant in GIAN Nidhi student project(s).,,Same name is merged only within the same institution; identical names at different institutions stay separate.
PER-GN-00242,person,Vikas Narayan Landge,Vikas Narayan Landge,GIAN-NIDHI,Participant in GIAN Nidhi student project(s).,,Same name is merged only within the same institution; identical names at different institutions stay separate.
PER-GN-00243,person,Nilesh Nivrutti,Nilesh Nivrutti,GIAN-NIDHI,Participant in GIAN Nidhi student project(s).,,Same name is merged only within the same institution; identical names at different institutions stay separate.
PRJ-0065,project,Novel Coupling,Novel Coupling,GIAN-NIDHI,GIAN Nidhi record 65,,
PER-GN-00244,person,Sudhir Chandrakant Maid,Sudhir Chandrakant Maid,GIAN-NIDHI,Participant in GIAN Nidhi student project(s).,,Same name is merged only within the same institution; identical names at different institutions stay separate.
PER-GN-00245,person,Jayant Ashokrao Lasinkar,Jayant Ashokrao Lasinkar,GIAN-NIDHI,Participant in GIAN Nidhi student project(s).,,Same name is merged only within the same institution; identical names at different institutions stay separate.
PER-GN-00246,person,Rahul Dwarkadas,Rahul Dwarkadas,GIAN-NIDHI,Participant in GIAN Nidhi student project(s).,,Same name is merged only within the same institution; identical names at different institutions stay separate.
PER-GN-00247,person,Abhijit Purushottam Parsewar,Abhijit Purushottam Parsewar,GIAN-NIDHI,Participant in GIAN Nidhi student project(s).,,Same name is merged only within the same institution; identical names at different institutions stay separate.
PRJ-0066,project,Betel Nut cutting machine,Betel Nut cutting machine,GIAN-NIDHI,GIAN Nidhi record 66,,
PER-GN-00248,person,Swapnil Govind Kulkarni,Swapnil Govind Kulkarni,GIAN-NIDHI,Participant in GIAN Nidhi student project(s).,,Same name is merged only within the same institution; identical names at different institutions stay separate.
PER-GN-00249,person,Dinehs Mohan Zunjarrao,Dinehs Mohan Zunjarrao,GIAN-NIDHI,Participant in GIAN Nidhi student project(s).,,Same name is merged only within the same institution; identical names at different institutions stay separate.
PER-GN-00250,person,Atul Madhukar Khairnar,Atul Madhukar Khairnar,GIAN-NIDHI,Participant in GIAN Nidhi student project(s).,,Same name is merged only within the same institution; identical names at different institutions stay separate.
PRJ-0067,project,Metal cutting using E.A.S.E.M. Technology,Metal cutting using E.A.S.E.M. Technology,GIAN-NIDHI,GIAN Nidhi record 67,,
PER-GN-00251,person,Ankit Padhey,Ankit Padhey,GIAN-NIDHI,Participant in GIAN Nidhi student project(s).,,Same name is merged only within the same institution; identical names at different institutions stay separate.
PER-GN-00252,person,Deepika Vhanmarate,Deepika Vhanmarate,GIAN-NIDHI,Participant in GIAN Nidhi student project(s).,,Same name is merged only within the same institution; identical names at different institutions stay separate.
PER-GN-00253,person,Nikhil Kharode,Nikhil Kharode,GIAN-NIDHI,Participant in GIAN Nidhi student project(s).,,Same name is merged only within the same institution; identical names at different institutions stay separate.
PER-GN-00254,person,Nikhil Kale,Nikhil Kale,GIAN-NIDHI,Participant in GIAN Nidhi student project(s).,,Same name is merged only within the same institution; identical names at different institutions stay separate.
PRJ-0068,project,Ball Screw Cross Slide for Conventional Lathe,Ball Screw Cross Slide for Conventional Lathe,GIAN-NIDHI,GIAN Nidhi record 68,,
PER-GN-00255,person,Mandar Sanjay Arwade,Mandar Sanjay Arwade,GIAN-NIDHI,Participant in GIAN Nidhi student project(s).,,Same name is merged only within the same institution; identical names at different institutions stay separate.
PER-GN-00256,person,Abhishek Chandrakant Mahajan,Abhishek Chandrakant Mahajan,GIAN-NIDHI,Participant in GIAN Nidhi student project(s).,,Same name is merged only within the same institution; identical names at different institutions stay separate.
PER-GN-00257,person,Swapnil Shamrao Lohar,Swapnil Shamrao Lohar,GIAN-NIDHI,Participant in GIAN Nidhi student project(s).,,Same name is merged only within the same institution; identical names at different institutions stay separate.
PRJ-0069,project,VIBRATION BASED DIESEL FILTER CLEANER,VIBRATION BASED DIESEL FILTER CLEANER,GIAN-NIDHI,GIAN Nidhi record 69,,
PER-GN-00258,person,Kiran Tukaram Devkar,Kiran Tukaram Devkar,GIAN-NIDHI,Participant in GIAN Nidhi student project(s).,,Same name is merged only within the same institution; identical names at different institutions stay separate.
PER-GN-00259,person,Anil Balu Bute,Anil Balu Bute,GIAN-NIDHI,Participant in GIAN Nidhi student project(s).,,Same name is merged only within the same institution; identical names at different institutions stay separate.
PER-GN-00260,person,Nilesh Sampatrao Devkar,Nilesh Sampatrao Devkar,GIAN-NIDHI,Participant in GIAN Nidhi student project(s).,,Same name is merged only within the same institution; identical names at different institutions stay separate.
PER-GN-00261,person,Chandrabhan Jalinder Mule,Chandrabhan Jalinder Mule,GIAN-NIDHI,Participant in GIAN Nidhi student project(s).,,Same name is merged only within the same institution; identical names at different institutions stay separate.
PER-GN-00262,person,Milind Suryabhan Game,Milind Suryabhan Game,GIAN-NIDHI,Participant in GIAN Nidhi student project(s).,,Same name is merged only within the same institution; identical names at different institutions stay separate.
PRJ-0070,project,GRASS CUTTING M/C,GRASS CUTTING M/C,GIAN-NIDHI,GIAN Nidhi record 70,,
PER-GN-00263,person,Joseph Shevan,Joseph Shevan,GIAN-NIDHI,Participant in GIAN Nidhi student project(s).,,Same name is merged only within the same institution; identical names at different institutions stay separate.
PER-GN-00264,person,Kevin Sequera,Kevin Sequera,GIAN-NIDHI,Participant in GIAN Nidhi student project(s).,,Same name is merged only within the same institution; identical names at different institutions stay separate.
PER-GN-00265,person,Kiran Balsing,Kiran Balsing,GIAN-NIDHI,Participant in GIAN Nidhi student project(s).,,Same name is merged only within the same institution; identical names at different institutions stay separate.
PER-GN-00266,person,Nachiket Marathe,Nachiket Marathe,GIAN-NIDHI,Participant in GIAN Nidhi student project(s).,,Same name is merged only within the same institution; identical names at different institutions stay separate.
PER-GN-00267,person,Ram Kolte,Ram Kolte,GIAN-NIDHI,Participant in GIAN Nidhi student project(s).,,Same name is merged only within the same institution; identical names at different institutions stay separate.
PRJ-0071,project,AGRICULTURE SEEDS DRIER,AGRICULTURE SEEDS DRIER,GIAN-NIDHI,GIAN Nidhi record 71,,
PER-GN-00268,person,G. T. Pawar,G. T. Pawar,GIAN-NIDHI,Participant in GIAN Nidhi student project(s).,,Same name is merged only within the same institution; identical names at different institutions stay separate.
PER-GN-00269,person,P. S. Vibhute,P. S. Vibhute,GIAN-NIDHI,Participant in GIAN Nidhi student project(s).,,Same name is merged only within the same institution; identical names at different institutions stay separate.
PER-GN-00270,person,V. B. Wargat,V. B. Wargat,GIAN-NIDHI,Participant in GIAN Nidhi student project(s).,,Same name is merged only within the same institution; identical names at different institutions stay separate.
PER-GN-00271,person,S. A. Thakare,S. A. Thakare,GIAN-NIDHI,Participant in GIAN Nidhi student project(s).,,Same name is merged only within the same institution; identical names at different institutions stay separate.
PRJ-0072,project,MECHANICAL SOWING MACHINE,MECHANICAL SOWING MACHINE,GIAN-NIDHI,GIAN Nidhi record 72,,
PER-GN-00272,person,C. L. Honwadajkar,C. L. Honwadajkar,GIAN-NIDHI,Participant in GIAN Nidhi student project(s).,,Same name is merged only within the same institution; identical names at different institutions stay separate.
PER-GN-00273,person,M.D.Irfan Lulaniya,M.D.Irfan Lulaniya,GIAN-NIDHI,Participant in GIAN Nidhi student project(s).,,Same name is merged only within the same institution; identical names at different institutions stay separate.
PER-GN-00274,person,John Love Thomas,John Love Thomas,GIAN-NIDHI,Participant in GIAN Nidhi student project(s).,,Same name is merged only within the same institution; identical names at different institutions stay separate.
PER-GN-00275,person,Bhakti Aade,Bhakti Aade,GIAN-NIDHI,Participant in GIAN Nidhi student project(s).,,Same name is merged only within the same institution; identical names at different institutions stay separate.
PER-GN-00276,person,Komal Vaidya,Komal Vaidya,GIAN-NIDHI,Participant in GIAN Nidhi student project(s).,,Same name is merged only within the same institution; identical names at different institutions stay separate.
PRJ-0073,project,TWO ROW SEED CUM FERTILIZER PLANTER,TWO ROW SEED CUM FERTILIZER PLANTER,GIAN-NIDHI,GIAN Nidhi record 73,,
PER-GN-00277,person,Rohit S. Kadam,Rohit S. Kadam,GIAN-NIDHI,Participant in GIAN Nidhi student project(s).,,Same name is merged only within the same institution; identical names at different institutions stay separate.
PER-GN-00278,person,Anup R. Nair,Anup R. Nair,GIAN-NIDHI,Participant in GIAN Nidhi student project(s).,,Same name is merged only within the same institution; identical names at different institutions stay separate.
PER-GN-00279,person,Zameer I. Pathan,Zameer I. Pathan,GIAN-NIDHI,Participant in GIAN Nidhi student project(s).,,Same name is merged only within the same institution; identical names at different institutions stay separate.
PER-GN-00280,person,Chetan Borse,Chetan Borse,GIAN-NIDHI,Participant in GIAN Nidhi student project(s).,,Same name is merged only within the same institution; identical names at different institutions stay separate.
PRJ-0074,project,AGRO SEED FLOW CONTROLLER,AGRO SEED FLOW CONTROLLER,GIAN-NIDHI,GIAN Nidhi record 74,,
PER-GN-00281,person,Grishma V. Devatar,Grishma V. Devatar,GIAN-NIDHI,Participant in GIAN Nidhi student project(s).,,Same name is merged only within the same institution; identical names at different institutions stay separate.
PER-GN-00282,person,Krishna B. Bhavsar,Krishna B. Bhavsar,GIAN-NIDHI,Participant in GIAN Nidhi student project(s).,,Same name is merged only within the same institution; identical names at different institutions stay separate.
PER-GN-00283,person,Bhranti B. Mehta,Bhranti B. Mehta,GIAN-NIDHI,Participant in GIAN Nidhi student project(s).,,Same name is merged only within the same institution; identical names at different institutions stay separate.
PER-GN-00284,person,Komal V. Modi,Komal V. Modi,GIAN-NIDHI,Participant in GIAN Nidhi student project(s).,,Same name is merged only within the same institution; identical names at different institutions stay separate.
PRJ-0075,project,Watershed Development,Watershed Development,GIAN-NIDHI,GIAN Nidhi record 75,,
PER-GN-00285,person,Nitin Dawange,Nitin Dawange,GIAN-NIDHI,Participant in GIAN Nidhi student project(s).,,Same name is merged only within the same institution; identical names at different institutions stay separate.
PER-GN-00286,person,Kuber Bhusal,Kuber Bhusal,GIAN-NIDHI,Participant in GIAN Nidhi student project(s).,,Same name is merged only within the same institution; identical names at different institutions stay separate.
PER-GN-00287,person,Bhushan Pawar,Bhushan Pawar,GIAN-NIDHI,Participant in GIAN Nidhi student project(s).,,Same name is merged only within the same institution; identical names at different institutions stay separate.
PER-GN-00288,person,Ashish Khode,Ashish Khode,GIAN-NIDHI,Participant in GIAN Nidhi student project(s).,,Same name is merged only within the same institution; identical names at different institutions stay separate.
PER-GN-00289,person,Gaurang Patel,Gaurang Patel,GIAN-NIDHI,Participant in GIAN Nidhi student project(s).,,Same name is merged only within the same institution; identical names at different institutions stay separate.
PRJ-0076,project,Multipurpose Tillage & Impliment,Multipurpose Tillage & Impliment,GIAN-NIDHI,GIAN Nidhi record 76,,
PER-GN-00290,person,Dharmapal Ashokkumar Baitule,Dharmapal Ashokkumar Baitule,GIAN-NIDHI,Participant in GIAN Nidhi student project(s).,,Same name is merged only within the same institution; identical names at different institutions stay separate.
PER-GN-00291,person,Kalpak Sureshrao Dagwar,Kalpak Sureshrao Dagwar,GIAN-NIDHI,Participant in GIAN Nidhi student project(s).,,Same name is merged only within the same institution; identical names at different institutions stay separate.
PER-GN-00292,person,Sachin Madhukarrao neware,Sachin Madhukarrao neware,GIAN-NIDHI,Participant in GIAN Nidhi student project(s).,,Same name is merged only within the same institution; identical names at different institutions stay separate.
PER-GN-00293,person,Devanand Vijayrao Ghate,Devanand Vijayrao Ghate,GIAN-NIDHI,Participant in GIAN Nidhi student project(s).,,Same name is merged only within the same institution; identical names at different institutions stay separate.
PER-GN-00294,person,Gavrav Vinodrao Deshmukh,Gavrav Vinodrao Deshmukh,GIAN-NIDHI,Participant in GIAN Nidhi student project(s).,,Same name is merged only within the same institution; identical names at different institutions stay separate.
PER-GN-00295,person,Nilesh Marotrao Tiwaskar,Nilesh Marotrao Tiwaskar,GIAN-NIDHI,Participant in GIAN Nidhi student project(s).,,Same name is merged only within the same institution; identical names at different institutions stay separate.
PRJ-0077,project,Mushroom plant parameter measurement and control.,Mushroom plant parameter measurement and control.,GIAN-NIDHI,GIAN Nidhi record 77,,
PER-GN-00296,person,Saramad Sayyed,Saramad Sayyed,GIAN-NIDHI,Participant in GIAN Nidhi student project(s).,,Same name is merged only within the same institution; identical names at different institutions stay separate.
PER-GN-00297,person,Swapnil Sawant,Swapnil Sawant,GIAN-NIDHI,Participant in GIAN Nidhi student project(s).,,Same name is merged only within the same institution; identical names at different institutions stay separate.
PER-GN-00298,person,Dubey Vinod,Dubey Vinod,GIAN-NIDHI,Participant in GIAN Nidhi student project(s).,,Same name is merged only within the same institution; identical names at different institutions stay separate.
PER-GN-00299,person,Ghadge Sushma,Ghadge Sushma,GIAN-NIDHI,Participant in GIAN Nidhi student project(s).,,Same name is merged only within the same institution; identical names at different institutions stay separate.
PRJ-0078,project,AGRO MECH WEED COLLECTING HARROW,AGRO MECH WEED COLLECTING HARROW,GIAN-NIDHI,GIAN Nidhi record 78,,
PER-GN-00300,person,D. R. Garad,D. R. Garad,GIAN-NIDHI,Participant in GIAN Nidhi student project(s).,,Same name is merged only within the same institution; identical names at different institutions stay separate.
PER-GN-00301,person,M. A. Salunke,M. A. Salunke,GIAN-NIDHI,Participant in GIAN Nidhi student project(s).,,Same name is merged only within the same institution; identical names at different institutions stay separate.
PER-GN-00302,person,P. L. Kutade,P. L. Kutade,GIAN-NIDHI,Participant in GIAN Nidhi student project(s).,,Same name is merged only within the same institution; identical names at different institutions stay separate.
PER-GN-00303,person,S.K. Kutade,S.K. Kutade,GIAN-NIDHI,Participant in GIAN Nidhi student project(s).,,Same name is merged only within the same institution; identical names at different institutions stay separate.
PER-GN-00304,person,S. M. Patil,S. M. Patil,GIAN-NIDHI,Participant in GIAN Nidhi student project(s).,,Same name is merged only within the same institution; identical names at different institutions stay separate.
PRJ-0079,project,COMPACT THRESHER,COMPACT THRESHER,GIAN-NIDHI,GIAN Nidhi record 79,,
PER-GN-00305,person,Vismay V. Panchal,Vismay V. Panchal,GIAN-NIDHI,Participant in GIAN Nidhi student project(s).,,Same name is merged only within the same institution; identical names at different institutions stay separate.
PER-GN-00306,person,shantanu Kulkarni,shantanu Kulkarni,GIAN-NIDHI,Participant in GIAN Nidhi student project(s).,,Same name is merged only within the same institution; identical names at different institutions stay separate.
PER-GN-00307,person,Shailesh Mhatre,Shailesh Mhatre,GIAN-NIDHI,Participant in GIAN Nidhi student project(s).,,Same name is merged only within the same institution; identical names at different institutions stay separate.
PER-GN-00308,person,Alpesh Rawal,Alpesh Rawal,GIAN-NIDHI,Participant in GIAN Nidhi student project(s).,,Same name is merged only within the same institution; identical names at different institutions stay separate.
PRJ-0080,project,Bio-Gas Operated Agriculture Power spryer,Bio-Gas Operated Agriculture Power spryer,GIAN-NIDHI,GIAN Nidhi record 80,,
PER-GN-00309,person,Gedekar Vipin,Gedekar Vipin,GIAN-NIDHI,Participant in GIAN Nidhi student project(s).,,Same name is merged only within the same institution; identical names at different institutions stay separate.
PER-GN-00310,person,Dhole Atul,Dhole Atul,GIAN-NIDHI,Participant in GIAN Nidhi student project(s).,,Same name is merged only within the same institution; identical names at different institutions stay separate.
PER-GN-00311,person,Yewatkar Vivek,Yewatkar Vivek,GIAN-NIDHI,Participant in GIAN Nidhi student project(s).,,Same name is merged only within the same institution; identical names at different institutions stay separate.
PER-GN-00312,person,Naranje Rohit,Naranje Rohit,GIAN-NIDHI,Participant in GIAN Nidhi student project(s).,,Same name is merged only within the same institution; identical names at different institutions stay separate.
PER-GN-00313,person,Boragamwar Nitin,Boragamwar Nitin,GIAN-NIDHI,Participant in GIAN Nidhi student project(s).,,Same name is merged only within the same institution; identical names at different institutions stay separate.
PER-GN-00314,person,Titarmare Sandip,Titarmare Sandip,GIAN-NIDHI,Participant in GIAN Nidhi student project(s).,,Same name is merged only within the same institution; identical names at different institutions stay separate.
PRJ-0081,project,Multipurpose Grass cutter,Multipurpose Grass cutter,GIAN-NIDHI,GIAN Nidhi record 81,,
PER-GN-00315,person,Shaikh Rehan Abdul Sattar,Shaikh Rehan Abdul Sattar,GIAN-NIDHI,Participant in GIAN Nidhi student project(s).,,Same name is merged only within the same institution; identical names at different institutions stay separate.
PER-GN-00316,person,Salunke Yashraj Jaywant,Salunke Yashraj Jaywant,GIAN-NIDHI,Participant in GIAN Nidhi student project(s).,,Same name is merged only within the same institution; identical names at different institutions stay separate.
PER-GN-00317,person,Shaikh Kasim Saipan,Shaikh Kasim Saipan,GIAN-NIDHI,Participant in GIAN Nidhi student project(s).,,Same name is merged only within the same institution; identical names at different institutions stay separate.
PER-GN-00318,person,Patil Yogesh Raman,Patil Yogesh Raman,GIAN-NIDHI,Participant in GIAN Nidhi student project(s).,,Same name is merged only within the same institution; identical names at different institutions stay separate.
PRJ-0082,project,Protection of agriculture by uc based scale sorout,Protection of agriculture by uc based scale sorout,GIAN-NIDHI,GIAN Nidhi record 82,,
PER-GN-00319,person,Shah Namarata,Shah Namarata,GIAN-NIDHI,Participant in GIAN Nidhi student project(s).,,Same name is merged only within the same institution; identical names at different institutions stay separate.
PER-GN-00320,person,Patel Pritesh,Patel Pritesh,GIAN-NIDHI,Participant in GIAN Nidhi student project(s).,,Same name is merged only within the same institution; identical names at different institutions stay separate.
PER-GN-00321,person,Patel Manish,Patel Manish,GIAN-NIDHI,Participant in GIAN Nidhi student project(s).,,Same name is merged only within the same institution; identical names at different institutions stay separate.
PER-GN-00322,person,Patel Hiren,Patel Hiren,GIAN-NIDHI,Participant in GIAN Nidhi student project(s).,,Same name is merged only within the same institution; identical names at different institutions stay separate.
PRJ-0083,project,Sugarcane Planter.,Sugarcane Planter.,GIAN-NIDHI,GIAN Nidhi record 83,,
PER-GN-00323,person,Bhawar Nilesh A,Bhawar Nilesh A,GIAN-NIDHI,Participant in GIAN Nidhi student project(s).,,Same name is merged only within the same institution; identical names at different institutions stay separate.
PER-GN-00324,person,Dhere Vivek V,Dhere Vivek V,GIAN-NIDHI,Participant in GIAN Nidhi student project(s).,,Same name is merged only within the same institution; identical names at different institutions stay separate.
PER-GN-00325,person,Gadhe Ganesh B,Gadhe Ganesh B,GIAN-NIDHI,Participant in GIAN Nidhi student project(s).,,Same name is merged only within the same institution; identical names at different institutions stay separate.
PER-GN-00326,person,Kapre Avinash S,Kapre Avinash S,GIAN-NIDHI,Participant in GIAN Nidhi student project(s).,,Same name is merged only within the same institution; identical names at different institutions stay separate.
PER-GN-00327,person,Deshmukh Sandip S,Deshmukh Sandip S,GIAN-NIDHI,Participant in GIAN Nidhi student project(s).,,Same name is merged only within the same institution; identical names at different institutions stay separate.
PRJ-0084,project,Overload slipping ball clutch,Overload slipping ball clutch,GIAN-NIDHI,GIAN Nidhi record 84,,
PER-GN-00328,person,Rakate Abhijit,Rakate Abhijit,GIAN-NIDHI,Participant in GIAN Nidhi student project(s).,,Same name is merged only within the same institution; identical names at different institutions stay separate.
PER-GN-00329,person,tamboli Abgulgani,tamboli Abgulgani,GIAN-NIDHI,Participant in GIAN Nidhi student project(s).,,Same name is merged only within the same institution; identical names at different institutions stay separate.
PER-GN-00330,person,Patanakara Amit,Patanakara Amit,GIAN-NIDHI,Participant in GIAN Nidhi student project(s).,,Same name is merged only within the same institution; identical names at different institutions stay separate.
PER-GN-00331,person,Patil Nitin,Patil Nitin,GIAN-NIDHI,Participant in GIAN Nidhi student project(s).,,Same name is merged only within the same institution; identical names at different institutions stay separate.
PRJ-0085,project,Remote operated magnetic train,Remote operated magnetic train,GIAN-NIDHI,GIAN Nidhi record 85,,
PER-GN-00332,person,Surani Tausif,Surani Tausif,GIAN-NIDHI,Participant in GIAN Nidhi student project(s).,,Same name is merged only within the same institution; identical names at different institutions stay separate.
PER-GN-00333,person,Singadiya Samar,Singadiya Samar,GIAN-NIDHI,Participant in GIAN Nidhi student project(s).,,Same name is merged only within the same institution; identical names at different institutions stay separate.
PER-GN-00334,person,Vishwakarma Shyamasundar,Vishwakarma Shyamasundar,GIAN-NIDHI,Participant in GIAN Nidhi student project(s).,,Same name is merged only within the same institution; identical names at different institutions stay separate.
PER-GN-00335,person,Ramdhani,Ramdhani,GIAN-NIDHI,Participant in GIAN Nidhi student project(s).,,Same name is merged only within the same institution; identical names at different institutions stay separate.
PRJ-0086,project,Control flood save city,Control flood save city,GIAN-NIDHI,GIAN Nidhi record 86,,
PER-GN-00336,person,Ringe Harish,Ringe Harish,GIAN-NIDHI,Participant in GIAN Nidhi student project(s).,,Same name is merged only within the same institution; identical names at different institutions stay separate.
PER-GN-00337,person,Shingavi chetan,Shingavi chetan,GIAN-NIDHI,Participant in GIAN Nidhi student project(s).,,Same name is merged only within the same institution; identical names at different institutions stay separate.
PER-GN-00338,person,joshi Dhanashree,joshi Dhanashree,GIAN-NIDHI,Participant in GIAN Nidhi student project(s).,,Same name is merged only within the same institution; identical names at different institutions stay separate.
PER-GN-00339,person,Arshiya njum,Arshiya njum,GIAN-NIDHI,Participant in GIAN Nidhi student project(s).,,Same name is merged only within the same institution; identical names at different institutions stay separate.
PRJ-0087,project,Green Building Design,Green Building Design,GIAN-NIDHI,GIAN Nidhi record 87,,
PER-GN-00340,person,Bafana Ashish,Bafana Ashish,GIAN-NIDHI,Participant in GIAN Nidhi student project(s).,,Same name is merged only within the same institution; identical names at different institutions stay separate.
PER-GN-00341,person,Aher Priteh,Aher Priteh,GIAN-NIDHI,Participant in GIAN Nidhi student project(s).,,Same name is merged only within the same institution; identical names at different institutions stay separate.
PER-GN-00342,person,Gulawe Kiran,Gulawe Kiran,GIAN-NIDHI,Participant in GIAN Nidhi student project(s).,,Same name is merged only within the same institution; identical names at different institutions stay separate.
PER-GN-00343,person,Motakari Myur,Motakari Myur,GIAN-NIDHI,Participant in GIAN Nidhi student project(s).,,Same name is merged only within the same institution; identical names at different institutions stay separate.
PER-GN-00344,person,Patil Rohit,Patil Rohit,GIAN-NIDHI,Participant in GIAN Nidhi student project(s).,,Same name is merged only within the same institution; identical names at different institutions stay separate.
PRJ-0088,project,Working Model of Rotating Biological Contactor (RBC),Working Model of Rotating Biological Contactor (RBC),GIAN-NIDHI,GIAN Nidhi record 88,,
PER-GN-00345,person,Adam S,Adam S,GIAN-NIDHI,Participant in GIAN Nidhi student project(s).,,Same name is merged only within the same institution; identical names at different institutions stay separate.
PER-GN-00346,person,Nagarkar A,Nagarkar A,GIAN-NIDHI,Participant in GIAN Nidhi student project(s).,,Same name is merged only within the same institution; identical names at different institutions stay separate.
PER-GN-00347,person,Dussa P,Dussa P,GIAN-NIDHI,Participant in GIAN Nidhi student project(s).,,Same name is merged only within the same institution; identical names at different institutions stay separate.
PER-GN-00348,person,Gaajul,Gaajul,GIAN-NIDHI,Participant in GIAN Nidhi student project(s).,,Same name is merged only within the same institution; identical names at different institutions stay separate.
PER-GN-00349,person,Kapase Y,Kapase Y,GIAN-NIDHI,Participant in GIAN Nidhi student project(s).,,Same name is merged only within the same institution; identical names at different institutions stay separate.
PRJ-0089,project,Working model of pollution control and generation of Electricity from speed breakers at junction of road. (Squire),Working model of pollution control and generation of Electricity from speed breakers at junction of road. (Squire),GIAN-NIDHI,GIAN Nidhi record 89,,
PER-GN-00350,person,Balaji Bhalerao,Balaji Bhalerao,GIAN-NIDHI,Participant in GIAN Nidhi student project(s).,,Same name is merged only within the same institution; identical names at different institutions stay separate.
PER-GN-00351,person,Santosh Chanchalwad,Santosh Chanchalwad,GIAN-NIDHI,Participant in GIAN Nidhi student project(s).,,Same name is merged only within the same institution; identical names at different institutions stay separate.
PRJ-0090,project,Maglev – A Train without Motors,Maglev – A Train without Motors,GIAN-NIDHI,GIAN Nidhi record 90,,
PER-GN-00352,person,Ashish Parmar,Ashish Parmar,GIAN-NIDHI,Participant in GIAN Nidhi student project(s).,,Same name is merged only within the same institution; identical names at different institutions stay separate.
PER-GN-00353,person,Monik Shah,Monik Shah,GIAN-NIDHI,Participant in GIAN Nidhi student project(s).,,Same name is merged only within the same institution; identical names at different institutions stay separate.
PER-GN-00354,person,Sameer Lotalikar,Sameer Lotalikar,GIAN-NIDHI,Participant in GIAN Nidhi student project(s).,,Same name is merged only within the same institution; identical names at different institutions stay separate.
PRJ-0091,project,PLC based Automatic Dam Gate Controller,PLC based Automatic Dam Gate Controller,GIAN-NIDHI,GIAN Nidhi record 91,,
PER-GN-00355,person,Neha Shinde,Neha Shinde,GIAN-NIDHI,Participant in GIAN Nidhi student project(s).,,Same name is merged only within the same institution; identical names at different institutions stay separate.
PER-GN-00356,person,Khodankar Neha,Khodankar Neha,GIAN-NIDHI,Participant in GIAN Nidhi student project(s).,,Same name is merged only within the same institution; identical names at different institutions stay separate.
PER-GN-00357,person,Moharir Harshada,Moharir Harshada,GIAN-NIDHI,Participant in GIAN Nidhi student project(s).,,Same name is merged only within the same institution; identical names at different institutions stay separate.
PER-GN-00358,person,Roy Abhinav,Roy Abhinav,GIAN-NIDHI,Participant in GIAN Nidhi student project(s).,,Same name is merged only within the same institution; identical names at different institutions stay separate.
PRJ-0092,project,Use of Infertile Land for Fap Multipurpose Project,Use of Infertile Land for Fap Multipurpose Project,GIAN-NIDHI,GIAN Nidhi record 92,,
PER-GN-00359,person,Pande C,Pande C,GIAN-NIDHI,Participant in GIAN Nidhi student project(s).,,Same name is merged only within the same institution; identical names at different institutions stay separate.
PER-GN-00360,person,Jadhav S,Jadhav S,GIAN-NIDHI,Participant in GIAN Nidhi student project(s).,,Same name is merged only within the same institution; identical names at different institutions stay separate.
PER-GN-00361,person,Vyas P,Vyas P,GIAN-NIDHI,Participant in GIAN Nidhi student project(s).,,Same name is merged only within the same institution; identical names at different institutions stay separate.
PER-GN-00362,person,Chavan V,Chavan V,GIAN-NIDHI,Participant in GIAN Nidhi student project(s).,,Same name is merged only within the same institution; identical names at different institutions stay separate.
PER-GN-00363,person,Sakore N,Sakore N,GIAN-NIDHI,Participant in GIAN Nidhi student project(s).,,Same name is merged only within the same institution; identical names at different institutions stay separate.
PER-GN-00364,person,Masne N,Masne N,GIAN-NIDHI,Participant in GIAN Nidhi student project(s).,,Same name is merged only within the same institution; identical names at different institutions stay separate.
PRJ-0093,project,GRASS CUTTING M/C,GRASS CUTTING M/C,GIAN-NIDHI,GIAN Nidhi record 93,,
PRJ-0094,project,AGRICULTURE SEEDS DRIER,AGRICULTURE SEEDS DRIER,GIAN-NIDHI,GIAN Nidhi record 94,,
PRJ-0095,project,MECHANICAL SOWING MACHINE,MECHANICAL SOWING MACHINE,GIAN-NIDHI,GIAN Nidhi record 95,,
PRJ-0096,project,TWO ROW SEED CUM FERTILIZER PLANTER,TWO ROW SEED CUM FERTILIZER PLANTER,GIAN-NIDHI,GIAN Nidhi record 96,,
PRJ-0097,project,AGRO SEED FLOW CONTROLLER,AGRO SEED FLOW CONTROLLER,GIAN-NIDHI,GIAN Nidhi record 97,,
PRJ-0098,project,Watershed Development,Watershed Development,GIAN-NIDHI,GIAN Nidhi record 98,,
PRJ-0099,project,Multipurpose Tillage & Impliment,Multipurpose Tillage & Impliment,GIAN-NIDHI,GIAN Nidhi record 99,,
PRJ-0100,project,Mushroom plant parameter measurement and control.,Mushroom plant parameter measurement and control.,GIAN-NIDHI,GIAN Nidhi record 100,,
PRJ-0101,project,AGRO MECH WEED COLLECTING HARROW,AGRO MECH WEED COLLECTING HARROW,GIAN-NIDHI,GIAN Nidhi record 101,,
PRJ-0102,project,COMPACT THRESHER,COMPACT THRESHER,GIAN-NIDHI,GIAN Nidhi record 102,,
PRJ-0103,project,Bio-Gas Operated Agriculture Power spryer,Bio-Gas Operated Agriculture Power spryer,GIAN-NIDHI,GIAN Nidhi record 103,,
PRJ-0104,project,Multipurpose Grass cutter,Multipurpose Grass cutter,GIAN-NIDHI,GIAN Nidhi record 104,,
PRJ-0105,project,Protection of agriculture by uc based scale sorout,Protection of agriculture by uc based scale sorout,GIAN-NIDHI,GIAN Nidhi record 105,,
PER-GN-00365,person,Shah Namarata,Shah Namarata,GIAN-NIDHI,Participant in GIAN Nidhi student project(s).,,Same name is merged only within the same institution; identical names at different institutions stay separate.
PER-GN-00366,person,Patel Pritesh,Patel Pritesh,GIAN-NIDHI,Participant in GIAN Nidhi student project(s).,,Same name is merged only within the same institution; identical names at different institutions stay separate.
PER-GN-00367,person,Patel Manish,Patel Manish,GIAN-NIDHI,Participant in GIAN Nidhi student project(s).,,Same name is merged only within the same institution; identical names at different institutions stay separate.
PER-GN-00368,person,Patel Hiren,Patel Hiren,GIAN-NIDHI,Participant in GIAN Nidhi student project(s).,,Same name is merged only within the same institution; identical names at different institutions stay separate.
PRJ-0106,project,Sugarcane Planter.,Sugarcane Planter.,GIAN-NIDHI,GIAN Nidhi record 106,,
PRJ-0107,project,""" Comfort Seat Design for Two Wheeler""",""" Comfort Seat Design for Two Wheeler""",GIAN-NIDHI,GIAN Nidhi record 107,,
PER-GN-00369,person,Mr. Mulay Prathamesh S,Mr. Mulay Prathamesh S,GIAN-NIDHI,Participant in GIAN Nidhi student project(s).,,Same name is merged only within the same institution; identical names at different institutions stay separate.
PRJ-0108,project,Experimental Investigation of partial replacement of concrete below neutral axis of S.S. Beam,Experimental Investigation of partial replacement of concrete below neutral axis of S.S. Beam,GIAN-NIDHI,GIAN Nidhi record 108,,
PRJ-0109,project,Distillation by Solar Still.,Distillation by Solar Still.,GIAN-NIDHI,GIAN Nidhi record 109,,
PRJ-0110,project,Control of Hydraulic Jump using Hump and study Dissolved Oxygen in Jump,Control of Hydraulic Jump using Hump and study Dissolved Oxygen in Jump,GIAN-NIDHI,GIAN Nidhi record 110,,
PRJ-0111,project,Water Resources Planning To Manage Future Risks To Aurangabad Shendra-Bidkin (DMIC) Water Supply Scheme,Water Resources Planning To Manage Future Risks To Aurangabad Shendra-Bidkin (DMIC) Water Supply Scheme,GIAN-NIDHI,GIAN Nidhi record 111,,
PRJ-0112,project,"Assessment of Groundwater Quality for Potability in and around Waluj MIDC, District Aurangabad using GIS","Assessment of Groundwater Quality for Potability in and around Waluj MIDC, District Aurangabad using GIS",GIAN-NIDHI,GIAN Nidhi record 112,,
PRJ-0113,project,Policy Assessment Tool Of Rural Drinking Water Supply Schemes At Village Level,Policy Assessment Tool Of Rural Drinking Water Supply Schemes At Village Level,GIAN-NIDHI,GIAN Nidhi record 113,,
PRJ-0114,project,Analysis of heat transfer through aluminum fins.,Analysis of heat transfer through aluminum fins.,GIAN-NIDHI,GIAN Nidhi record 114,,
PER-GN-00370,person,1.Jiwanwal Abhijeet 2. Joshi Shubham,1.Jiwanwal Abhijeet 2. Joshi Shubham,GIAN-NIDHI,Participant in GIAN Nidhi student project(s).,,Same name is merged only within the same institution; identical names at different institutions stay separate.
PRJ-0115,project,Solar operated wheat harvesting machine.,Solar operated wheat harvesting machine.,GIAN-NIDHI,GIAN Nidhi record 115,,
PER-GN-00371,person,1. Swapnil Jumbad 2. Lav Mhaske 3. Pratik Katke,1. Swapnil Jumbad 2. Lav Mhaske 3. Pratik Katke,GIAN-NIDHI,Participant in GIAN Nidhi student project(s).,,Same name is merged only within the same institution; identical names at different institutions stay separate.
PRJ-0116,project,Performance enhancement of Domestic Refrigerator,Performance enhancement of Domestic Refrigerator,GIAN-NIDHI,GIAN Nidhi record 116,,
PER-GN-00372,person,Shaikh Sameer,Shaikh Sameer,GIAN-NIDHI,Participant in GIAN Nidhi student project(s).,,Same name is merged only within the same institution; identical names at different institutions stay separate.
PER-GN-00373,person,Shaikh Yunus,Shaikh Yunus,GIAN-NIDHI,Participant in GIAN Nidhi student project(s).,,Same name is merged only within the same institution; identical names at different institutions stay separate.
PER-GN-00374,person,Shaikh Nawaj,Shaikh Nawaj,GIAN-NIDHI,Participant in GIAN Nidhi student project(s).,,Same name is merged only within the same institution; identical names at different institutions stay separate.
PER-GN-00375,person,Shaikh Musavir,Shaikh Musavir,GIAN-NIDHI,Participant in GIAN Nidhi student project(s).,,Same name is merged only within the same institution; identical names at different institutions stay separate.
PRJ-0117,project,Design & Fabrication of paddle operated water pump,Design & Fabrication of paddle operated water pump,GIAN-NIDHI,GIAN Nidhi record 117,,
PER-GN-00376,person,Badgire Dhananjay,Badgire Dhananjay,GIAN-NIDHI,Participant in GIAN Nidhi student project(s).,,Same name is merged only within the same institution; identical names at different institutions stay separate.
PER-GN-00377,person,Pathak Omkar,Pathak Omkar,GIAN-NIDHI,Participant in GIAN Nidhi student project(s).,,Same name is merged only within the same institution; identical names at different institutions stay separate.
PER-GN-00378,person,Shejul Sanket,Shejul Sanket,GIAN-NIDHI,Participant in GIAN Nidhi student project(s).,,Same name is merged only within the same institution; identical names at different institutions stay separate.
PER-GN-00379,person,Dhamale Nilesh,Dhamale Nilesh,GIAN-NIDHI,Participant in GIAN Nidhi student project(s).,,Same name is merged only within the same institution; identical names at different institutions stay separate.
PRJ-0118,project,Design and fabrication of crop harvester in agriculture,Design and fabrication of crop harvester in agriculture,GIAN-NIDHI,GIAN Nidhi record 118,,
PER-GN-00380,person,Aakash Dhakne,Aakash Dhakne,GIAN-NIDHI,Participant in GIAN Nidhi student project(s).,,Same name is merged only within the same institution; identical names at different institutions stay separate.
PER-GN-00381,person,Sachin Alewad,Sachin Alewad,GIAN-NIDHI,Participant in GIAN Nidhi student project(s).,,Same name is merged only within the same institution; identical names at different institutions stay separate.
PER-GN-00382,person,Kiran Kole,Kiran Kole,GIAN-NIDHI,Participant in GIAN Nidhi student project(s).,,Same name is merged only within the same institution; identical names at different institutions stay separate.
PER-GN-00383,person,Mahesh Bansode,Mahesh Bansode,GIAN-NIDHI,Participant in GIAN Nidhi student project(s).,,Same name is merged only within the same institution; identical names at different institutions stay separate.
PRJ-0119,project,Design and fabrication Eco friendly sprayers.,Design and fabrication Eco friendly sprayers.,GIAN-NIDHI,GIAN Nidhi record 119,,
PER-GN-00384,person,SHREEKRUSHAN PATIL,SHREEKRUSHAN PATIL,GIAN-NIDHI,Participant in GIAN Nidhi student project(s).,,Same name is merged only within the same institution; identical names at different institutions stay separate.
PER-GN-00385,person,SWAPNIL PAWAR,SWAPNIL PAWAR,GIAN-NIDHI,Participant in GIAN Nidhi student project(s).,,Same name is merged only within the same institution; identical names at different institutions stay separate.
PER-GN-00386,person,VAIBHAV JADHAV,VAIBHAV JADHAV,GIAN-NIDHI,Participant in GIAN Nidhi student project(s).,,Same name is merged only within the same institution; identical names at different institutions stay separate.
PER-GN-00387,person,SACHIN RAUT,SACHIN RAUT,GIAN-NIDHI,Participant in GIAN Nidhi student project(s).,,Same name is merged only within the same institution; identical names at different institutions stay separate.
PRJ-0120,project,Design and fabrication Multi-purpose Agri-culture machine,Design and fabrication Multi-purpose Agri-culture machine,GIAN-NIDHI,GIAN Nidhi record 120,,
PER-GN-00388,person,DUKARE GAJANAN,DUKARE GAJANAN,GIAN-NIDHI,Participant in GIAN Nidhi student project(s).,,Same name is merged only within the same institution; identical names at different institutions stay separate.
PER-GN-00389,person,YOGESH JADHAV,YOGESH JADHAV,GIAN-NIDHI,Participant in GIAN Nidhi student project(s).,,Same name is merged only within the same institution; identical names at different institutions stay separate.
PER-GN-00390,person,YOGESH GAWANDE,YOGESH GAWANDE,GIAN-NIDHI,Participant in GIAN Nidhi student project(s).,,Same name is merged only within the same institution; identical names at different institutions stay separate.
PER-GN-00391,person,ABHIJEET KULKARNI,ABHIJEET KULKARNI,GIAN-NIDHI,Participant in GIAN Nidhi student project(s).,,Same name is merged only within the same institution; identical names at different institutions stay separate.
PRJ-0121,project,Evaluation of mechanical properties of bio composite laminates,Evaluation of mechanical properties of bio composite laminates,GIAN-NIDHI,GIAN Nidhi record 121,,
PER-GN-00392,person,Chandwade Balasaheb,Chandwade Balasaheb,GIAN-NIDHI,Participant in GIAN Nidhi student project(s).,,Same name is merged only within the same institution; identical names at different institutions stay separate.
PER-GN-00393,person,Shinde Nikita,Shinde Nikita,GIAN-NIDHI,Participant in GIAN Nidhi student project(s).,,Same name is merged only within the same institution; identical names at different institutions stay separate.
PER-GN-00394,person,Pale Saurabh,Pale Saurabh,GIAN-NIDHI,Participant in GIAN Nidhi student project(s).,,Same name is merged only within the same institution; identical names at different institutions stay separate.
PER-GN-00395,person,Abhijeet Khodwe,Abhijeet Khodwe,GIAN-NIDHI,Participant in GIAN Nidhi student project(s).,,Same name is merged only within the same institution; identical names at different institutions stay separate.
PRJ-0122,project,Design & Fabrication of Sugar cane lifter.,Design & Fabrication of Sugar cane lifter.,GIAN-NIDHI,GIAN Nidhi record 122,,
PER-GN-00396,person,Chinmay Deshmukh,Chinmay Deshmukh,GIAN-NIDHI,Participant in GIAN Nidhi student project(s).,,Same name is merged only within the same institution; identical names at different institutions stay separate.
PER-GN-00397,person,Balaji Gapat,Balaji Gapat,GIAN-NIDHI,Participant in GIAN Nidhi student project(s).,,Same name is merged only within the same institution; identical names at different institutions stay separate.
PER-GN-00398,person,Shivraj Deshmukh,Shivraj Deshmukh,GIAN-NIDHI,Participant in GIAN Nidhi student project(s).,,Same name is merged only within the same institution; identical names at different institutions stay separate.
PER-GN-00399,person,Chaitanya Watane,Chaitanya Watane,GIAN-NIDHI,Participant in GIAN Nidhi student project(s).,,Same name is merged only within the same institution; identical names at different institutions stay separate.
PRJ-0123,project,fabrication of Sugar cane cutter machine,fabrication of Sugar cane cutter machine,GIAN-NIDHI,GIAN Nidhi record 123,,
PER-GN-00400,person,Kharat Amol,Kharat Amol,GIAN-NIDHI,Participant in GIAN Nidhi student project(s).,,Same name is merged only within the same institution; identical names at different institutions stay separate.
PER-GN-00401,person,Mule Sunil,Mule Sunil,GIAN-NIDHI,Participant in GIAN Nidhi student project(s).,,Same name is merged only within the same institution; identical names at different institutions stay separate.
PER-GN-00402,person,Mourya Navin,Mourya Navin,GIAN-NIDHI,Participant in GIAN Nidhi student project(s).,,Same name is merged only within the same institution; identical names at different institutions stay separate.
PER-GN-00403,person,Khandkhale Dipak,Khandkhale Dipak,GIAN-NIDHI,Participant in GIAN Nidhi student project(s).,,Same name is merged only within the same institution; identical names at different institutions stay separate.
PRJ-0124,project,Double Girder E O T Crane And Its Related Problem,Double Girder E O T Crane And Its Related Problem,GIAN-NIDHI,GIAN Nidhi record 124,,
PER-GN-00404,person,MAKWANA RUSHYANG GOPALBHAI,MAKWANA RUSHYANG GOPALBHAI,GIAN-NIDHI,Participant in GIAN Nidhi student project(s).,,Same name is merged only within the same institution; identical names at different institutions stay separate.
PER-GN-00405,person,VAGHELA DHRUVKUMAR BHARATBHAI,VAGHELA DHRUVKUMAR BHARATBHAI,GIAN-NIDHI,Participant in GIAN Nidhi student project(s).,,Same name is merged only within the same institution; identical names at different institutions stay separate.
PER-GN-00406,person,PANCHAL BHADRESHKUMAR RAMESHBHAI,PANCHAL BHADRESHKUMAR RAMESHBHAI,GIAN-NIDHI,Participant in GIAN Nidhi student project(s).,,Same name is merged only within the same institution; identical names at different institutions stay separate.
PER-GN-00407,person,MISTRY MALAV BHAVESHKUMAR,MISTRY MALAV BHAVESHKUMAR,GIAN-NIDHI,Participant in GIAN Nidhi student project(s).,,Same name is merged only within the same institution; identical names at different institutions stay separate.
PRJ-0125,project,Scaling And Crack Formation In Boiler Tubes Bed Coils,Scaling And Crack Formation In Boiler Tubes Bed Coils,GIAN-NIDHI,GIAN Nidhi record 125,,
PER-GN-00408,person,MORI MANOHARSINH BHARATBHAI,MORI MANOHARSINH BHARATBHAI,GIAN-NIDHI,Participant in GIAN Nidhi student project(s).,,Same name is merged only within the same institution; identical names at different institutions stay separate.
PRJ-0126,project,Ultrasonic Distance Measurment,Ultrasonic Distance Measurment,GIAN-NIDHI,GIAN Nidhi record 126,,
PER-GN-00409,person,Surati Ankitkumar Rameshbhai,Surati Ankitkumar Rameshbhai,GIAN-NIDHI,Participant in GIAN Nidhi student project(s).,,Same name is merged only within the same institution; identical names at different institutions stay separate.
PRJ-0127,project,Phone Application For Device Controlling,Phone Application For Device Controlling,GIAN-NIDHI,GIAN Nidhi record 127,,
PER-GN-00410,person,Patel Sneha Kalidas,Patel Sneha Kalidas,GIAN-NIDHI,Participant in GIAN Nidhi student project(s).,,Same name is merged only within the same institution; identical names at different institutions stay separate.
PER-GN-00411,person,Patel Sonalben Dilipkumar,Patel Sonalben Dilipkumar,GIAN-NIDHI,Participant in GIAN Nidhi student project(s).,,Same name is merged only within the same institution; identical names at different institutions stay separate.
PER-GN-00412,person,Patel Jinaliben Ashokbhai,Patel Jinaliben Ashokbhai,GIAN-NIDHI,Participant in GIAN Nidhi student project(s).,,Same name is merged only within the same institution; identical names at different institutions stay separate.
PER-GN-00413,person,Patel Vandanakumari Dilipbhai,Patel Vandanakumari Dilipbhai,GIAN-NIDHI,Participant in GIAN Nidhi student project(s).,,Same name is merged only within the same institution; identical names at different institutions stay separate.
PRJ-0128,project,Cellphone Operated Land Rover,Cellphone Operated Land Rover,GIAN-NIDHI,GIAN Nidhi record 128,,
PER-GN-00414,person,Potla Nisharg Manojkumar,Potla Nisharg Manojkumar,GIAN-NIDHI,Participant in GIAN Nidhi student project(s).,,Same name is merged only within the same institution; identical names at different institutions stay separate.
PER-GN-00415,person,Amboria Ankitkumar Jayantibhai,Amboria Ankitkumar Jayantibhai,GIAN-NIDHI,Participant in GIAN Nidhi student project(s).,,Same name is merged only within the same institution; identical names at different institutions stay separate.
PER-GN-00416,person,Patel Hemal Mayurbhai,Patel Hemal Mayurbhai,GIAN-NIDHI,Participant in GIAN Nidhi student project(s).,,Same name is merged only within the same institution; identical names at different institutions stay separate.
PRJ-0129,project,Line Follower Robot,Line Follower Robot,GIAN-NIDHI,GIAN Nidhi record 129,,
PER-GN-00417,person,Sojitra Mayur Chaturbhai,Sojitra Mayur Chaturbhai,GIAN-NIDHI,Participant in GIAN Nidhi student project(s).,,Same name is merged only within the same institution; identical names at different institutions stay separate.
PRJ-0130,project,Microcontroller Base Solar Tracking System,Microcontroller Base Solar Tracking System,GIAN-NIDHI,GIAN Nidhi record 130,,
PER-GN-00418,person,Khakhariya Divyang Chunibhai,Khakhariya Divyang Chunibhai,GIAN-NIDHI,Participant in GIAN Nidhi student project(s).,,Same name is merged only within the same institution; identical names at different institutions stay separate.
PRJ-0131,project,Finger Print Based Security System,Finger Print Based Security System,GIAN-NIDHI,GIAN Nidhi record 131,,
PER-GN-00419,person,Sonani Nikhil Himmatbhai,Sonani Nikhil Himmatbhai,GIAN-NIDHI,Participant in GIAN Nidhi student project(s).,,Same name is merged only within the same institution; identical names at different institutions stay separate.
PER-GN-00420,person,Patel Ashish Somabhai,Patel Ashish Somabhai,GIAN-NIDHI,Participant in GIAN Nidhi student project(s).,,Same name is merged only within the same institution; identical names at different institutions stay separate.
PER-GN-00421,person,Prajapati Prashant Rameshbhai,Prajapati Prashant Rameshbhai,GIAN-NIDHI,Participant in GIAN Nidhi student project(s).,,Same name is merged only within the same institution; identical names at different institutions stay separate.
PRJ-0132,project,Home Office Security System Teleguard,Home Office Security System Teleguard,GIAN-NIDHI,GIAN Nidhi record 132,,
PER-GN-00422,person,Patel Divyesh Bhikhubhai,Patel Divyesh Bhikhubhai,GIAN-NIDHI,Participant in GIAN Nidhi student project(s).,,Same name is merged only within the same institution; identical names at different institutions stay separate.
PER-GN-00423,person,Solanki Hardik Ranjitsinh,Solanki Hardik Ranjitsinh,GIAN-NIDHI,Participant in GIAN Nidhi student project(s).,,Same name is merged only within the same institution; identical names at different institutions stay separate.
PRJ-0133,project,Inventory Management System,Inventory Management System,GIAN-NIDHI,GIAN Nidhi record 133,,
PER-GN-00424,person,Shubham S. More,Shubham S. More,GIAN-NIDHI,Participant in GIAN Nidhi student project(s).,,Same name is merged only within the same institution; identical names at different institutions stay separate.
PER-GN-00425,person,Nilay A. Ingle,Nilay A. Ingle,GIAN-NIDHI,Participant in GIAN Nidhi student project(s).,,Same name is merged only within the same institution; identical names at different institutions stay separate.
PER-GN-00426,person,Gajendra s. Patke,Gajendra s. Patke,GIAN-NIDHI,Participant in GIAN Nidhi student project(s).,,Same name is merged only within the same institution; identical names at different institutions stay separate.
PER-GN-00427,person,Shyam Pradhan,Shyam Pradhan,GIAN-NIDHI,Participant in GIAN Nidhi student project(s).,,Same name is merged only within the same institution; identical names at different institutions stay separate.
PRJ-0134,project,Mobile – Based Attendance System,Mobile – Based Attendance System,GIAN-NIDHI,GIAN Nidhi record 134,,
PRJ-0135,project,Advanced power factor correction,Advanced power factor correction,GIAN-NIDHI,GIAN Nidhi record 135,,
PER-GN-00428,person,Injulkar Prakash Ragunath,Injulkar Prakash Ragunath,GIAN-NIDHI,Participant in GIAN Nidhi student project(s).,,Same name is merged only within the same institution; identical names at different institutions stay separate.
PER-GN-00429,person,Methe Amol Prakash,Methe Amol Prakash,GIAN-NIDHI,Participant in GIAN Nidhi student project(s).,,Same name is merged only within the same institution; identical names at different institutions stay separate.
PER-GN-00430,person,Haval Vaijayanti Deepak,Haval Vaijayanti Deepak,GIAN-NIDHI,Participant in GIAN Nidhi student project(s).,,Same name is merged only within the same institution; identical names at different institutions stay separate.
PER-GN-00431,person,Shah Kuntal Rajendra,Shah Kuntal Rajendra,GIAN-NIDHI,Participant in GIAN Nidhi student project(s).,,Same name is merged only within the same institution; identical names at different institutions stay separate.
PER-GN-00432,person,Mulla Jilani Mustak,Mulla Jilani Mustak,GIAN-NIDHI,Participant in GIAN Nidhi student project(s).,,Same name is merged only within the same institution; identical names at different institutions stay separate.
PRJ-0136,project,Electric Motorcycle,Electric Motorcycle,GIAN-NIDHI,GIAN Nidhi record 136,,
PER-GN-00433,person,S.K.Shashanka,S.K.Shashanka,GIAN-NIDHI,Participant in GIAN Nidhi student project(s).,,Same name is merged only within the same institution; identical names at different institutions stay separate.
PER-GN-00434,person,Anurag S.Suryawanshi,Anurag S.Suryawanshi,GIAN-NIDHI,Participant in GIAN Nidhi student project(s).,,Same name is merged only within the same institution; identical names at different institutions stay separate.
PER-GN-00435,person,Praveen P. Satyam,Praveen P. Satyam,GIAN-NIDHI,Participant in GIAN Nidhi student project(s).,,Same name is merged only within the same institution; identical names at different institutions stay separate.
PRJ-0137,project,Shock proof Wiring System Title,Shock proof Wiring System Title,GIAN-NIDHI,GIAN Nidhi record 137,,
PER-GN-00436,person,Trinetre Vineet Vijay,Trinetre Vineet Vijay,GIAN-NIDHI,Participant in GIAN Nidhi student project(s).,,Same name is merged only within the same institution; identical names at different institutions stay separate.
PER-GN-00437,person,Balwant Vinod Shahaji,Balwant Vinod Shahaji,GIAN-NIDHI,Participant in GIAN Nidhi student project(s).,,Same name is merged only within the same institution; identical names at different institutions stay separate.
PER-GN-00438,person,Rawte Sandip M,Rawte Sandip M,GIAN-NIDHI,Participant in GIAN Nidhi student project(s).,,Same name is merged only within the same institution; identical names at different institutions stay separate.
PER-GN-00439,person,Dhait Vishnu Asaram,Dhait Vishnu Asaram,GIAN-NIDHI,Participant in GIAN Nidhi student project(s).,,Same name is merged only within the same institution; identical names at different institutions stay separate.
PRJ-0138,project,Positional Control System (PCS) using Microcontroller based stepper motor.,Positional Control System (PCS) using Microcontroller based stepper motor.,GIAN-NIDHI,GIAN Nidhi record 138,,
PER-GN-00440,person,Nilesh M. Wadile,Nilesh M. Wadile,GIAN-NIDHI,Participant in GIAN Nidhi student project(s).,,Same name is merged only within the same institution; identical names at different institutions stay separate.
PER-GN-00441,person,Satyajeet R. Kapadane,Satyajeet R. Kapadane,GIAN-NIDHI,Participant in GIAN Nidhi student project(s).,,Same name is merged only within the same institution; identical names at different institutions stay separate.
PER-GN-00442,person,Rekha P. Thorat,Rekha P. Thorat,GIAN-NIDHI,Participant in GIAN Nidhi student project(s).,,Same name is merged only within the same institution; identical names at different institutions stay separate.
PER-GN-00443,person,Girish d. Bramhe,Girish d. Bramhe,GIAN-NIDHI,Participant in GIAN Nidhi student project(s).,,Same name is merged only within the same institution; identical names at different institutions stay separate.
PRJ-0139,project,Hybrid Power Generation for Multi-Storey Buildings.,Hybrid Power Generation for Multi-Storey Buildings.,GIAN-NIDHI,GIAN Nidhi record 139,,
PER-GN-00444,person,Dabhilkar Kalpesh P,Dabhilkar Kalpesh P,GIAN-NIDHI,Participant in GIAN Nidhi student project(s).,,Same name is merged only within the same institution; identical names at different institutions stay separate.
PER-GN-00445,person,Reju Raju,Reju Raju,GIAN-NIDHI,Participant in GIAN Nidhi student project(s).,,Same name is merged only within the same institution; identical names at different institutions stay separate.
PER-GN-00446,person,Dhanavade Amit V,Dhanavade Amit V,GIAN-NIDHI,Participant in GIAN Nidhi student project(s).,,Same name is merged only within the same institution; identical names at different institutions stay separate.
PER-GN-00447,person,Joshi Gautam N,Joshi Gautam N,GIAN-NIDHI,Participant in GIAN Nidhi student project(s).,,Same name is merged only within the same institution; identical names at different institutions stay separate.
PER-GN-00448,person,Kotekgar Sudhirrao D,Kotekgar Sudhirrao D,GIAN-NIDHI,Participant in GIAN Nidhi student project(s).,,Same name is merged only within the same institution; identical names at different institutions stay separate.
PRJ-0140,project,PC-BASED ENERGY METER,PC-BASED ENERGY METER,GIAN-NIDHI,GIAN Nidhi record 140,,
PER-GN-00449,person,Kamble Anjali Shivajirao,Kamble Anjali Shivajirao,GIAN-NIDHI,Participant in GIAN Nidhi student project(s).,,Same name is merged only within the same institution; identical names at different institutions stay separate.
PER-GN-00450,person,Joshi Amruta Bhaskar,Joshi Amruta Bhaskar,GIAN-NIDHI,Participant in GIAN Nidhi student project(s).,,Same name is merged only within the same institution; identical names at different institutions stay separate.
PER-GN-00451,person,Khan Tarana Taher,Khan Tarana Taher,GIAN-NIDHI,Participant in GIAN Nidhi student project(s).,,Same name is merged only within the same institution; identical names at different institutions stay separate.
PRJ-0141,project,89C51 BASED AUTOMATIC LOAD SHEDDER,89C51 BASED AUTOMATIC LOAD SHEDDER,GIAN-NIDHI,GIAN Nidhi record 141,,
PER-GN-00452,person,Uttam Bandgar,Uttam Bandgar,GIAN-NIDHI,Participant in GIAN Nidhi student project(s).,,Same name is merged only within the same institution; identical names at different institutions stay separate.
PER-GN-00453,person,Vikrant V. Phatak,Vikrant V. Phatak,GIAN-NIDHI,Participant in GIAN Nidhi student project(s).,,Same name is merged only within the same institution; identical names at different institutions stay separate.
PER-GN-00454,person,Pravin V. Shirke,Pravin V. Shirke,GIAN-NIDHI,Participant in GIAN Nidhi student project(s).,,Same name is merged only within the same institution; identical names at different institutions stay separate.
PER-GN-00455,person,Sandesh Nirbhavne,Sandesh Nirbhavne,GIAN-NIDHI,Participant in GIAN Nidhi student project(s).,,Same name is merged only within the same institution; identical names at different institutions stay separate.
PRJ-0142,project,"Digital remote speed control of A.C. motor,","Digital remote speed control of A.C. motor,",GIAN-NIDHI,GIAN Nidhi record 142,,
PER-GN-00456,person,Kottawar Neha B,Kottawar Neha B,GIAN-NIDHI,Participant in GIAN Nidhi student project(s).,,Same name is merged only within the same institution; identical names at different institutions stay separate.
PER-GN-00457,person,Chavan Surekha D,Chavan Surekha D,GIAN-NIDHI,Participant in GIAN Nidhi student project(s).,,Same name is merged only within the same institution; identical names at different institutions stay separate.
PER-GN-00458,person,Pingalkar Deepali,Pingalkar Deepali,GIAN-NIDHI,Participant in GIAN Nidhi student project(s).,,Same name is merged only within the same institution; identical names at different institutions stay separate.
PER-GN-00459,person,S.More Sujata,S.More Sujata,GIAN-NIDHI,Participant in GIAN Nidhi student project(s).,,Same name is merged only within the same institution; identical names at different institutions stay separate.
PRJ-0143,project,Controlling of electrical gadgets using cell phone.,Controlling of electrical gadgets using cell phone.,GIAN-NIDHI,GIAN Nidhi record 143,,
PER-GN-00460,person,Krunal Jagdish Gajjar,Krunal Jagdish Gajjar,GIAN-NIDHI,Participant in GIAN Nidhi student project(s).,,Same name is merged only within the same institution; identical names at different institutions stay separate.
PER-GN-00461,person,Shrikant Rangnath Gangurde,Shrikant Rangnath Gangurde,GIAN-NIDHI,Participant in GIAN Nidhi student project(s).,,Same name is merged only within the same institution; identical names at different institutions stay separate.
PRJ-0144,project,Speed Control of Sky Bus using Microcontroller,Speed Control of Sky Bus using Microcontroller,GIAN-NIDHI,GIAN Nidhi record 144,,
PER-GN-00462,person,Kamble Varsha S,Kamble Varsha S,GIAN-NIDHI,Participant in GIAN Nidhi student project(s).,,Same name is merged only within the same institution; identical names at different institutions stay separate.
PER-GN-00463,person,Pardeshi Arti V,Pardeshi Arti V,GIAN-NIDHI,Participant in GIAN Nidhi student project(s).,,Same name is merged only within the same institution; identical names at different institutions stay separate.
PER-GN-00464,person,Pagire Chaitali R,Pagire Chaitali R,GIAN-NIDHI,Participant in GIAN Nidhi student project(s).,,Same name is merged only within the same institution; identical names at different institutions stay separate.
PER-GN-00465,person,Savekar Vijaya,Savekar Vijaya,GIAN-NIDHI,Participant in GIAN Nidhi student project(s).,,Same name is merged only within the same institution; identical names at different institutions stay separate.
PER-GN-00466,person,Sambare Priyanka,Sambare Priyanka,GIAN-NIDHI,Participant in GIAN Nidhi student project(s).,,Same name is merged only within the same institution; identical names at different institutions stay separate.
PRJ-0145,project,ABNORMAL VOLTAGE PROTECTOR,ABNORMAL VOLTAGE PROTECTOR,GIAN-NIDHI,GIAN Nidhi record 145,,
PER-GN-00467,person,Sonar Hemant Vasudev,Sonar Hemant Vasudev,GIAN-NIDHI,Participant in GIAN Nidhi student project(s).,,Same name is merged only within the same institution; identical names at different institutions stay separate.
PER-GN-00468,person,Shimpi Amol Dharmdas,Shimpi Amol Dharmdas,GIAN-NIDHI,Participant in GIAN Nidhi student project(s).,,Same name is merged only within the same institution; identical names at different institutions stay separate.
PER-GN-00469,person,Kurkarni Bhupendra,Kurkarni Bhupendra,GIAN-NIDHI,Participant in GIAN Nidhi student project(s).,,Same name is merged only within the same institution; identical names at different institutions stay separate.
PER-GN-00470,person,Tames Varsala,Tames Varsala,GIAN-NIDHI,Participant in GIAN Nidhi student project(s).,,Same name is merged only within the same institution; identical names at different institutions stay separate.
PRJ-0146,project,Lift overload preventer andlift room power control,Lift overload preventer andlift room power control,GIAN-NIDHI,GIAN Nidhi record 146,,
PER-GN-00471,person,Mangaonkar Nandkishor Dyandeo,Mangaonkar Nandkishor Dyandeo,GIAN-NIDHI,Participant in GIAN Nidhi student project(s).,,Same name is merged only within the same institution; identical names at different institutions stay separate.
PER-GN-00472,person,Mulla Suhel Mohammad,Mulla Suhel Mohammad,GIAN-NIDHI,Participant in GIAN Nidhi student project(s).,,Same name is merged only within the same institution; identical names at different institutions stay separate.
PER-GN-00473,person,Patil Amol Hindurao,Patil Amol Hindurao,GIAN-NIDHI,Participant in GIAN Nidhi student project(s).,,Same name is merged only within the same institution; identical names at different institutions stay separate.
PER-GN-00474,person,Shinde Shrinivas Suresh,Shinde Shrinivas Suresh,GIAN-NIDHI,Participant in GIAN Nidhi student project(s).,,Same name is merged only within the same institution; identical names at different institutions stay separate.
PER-GN-00475,person,Desai Vaibhav Vilas,Desai Vaibhav Vilas,GIAN-NIDHI,Participant in GIAN Nidhi student project(s).,,Same name is merged only within the same institution; identical names at different institutions stay separate.
PRJ-0147,project,Digital Dashboard,Digital Dashboard,GIAN-NIDHI,GIAN Nidhi record 147,,
PER-GN-00476,person,Dixit Ramesh Yogesh,Dixit Ramesh Yogesh,GIAN-NIDHI,Participant in GIAN Nidhi student project(s).,,Same name is merged only within the same institution; identical names at different institutions stay separate.
PER-GN-00477,person,Moghe Adwait R,Moghe Adwait R,GIAN-NIDHI,Participant in GIAN Nidhi student project(s).,,Same name is merged only within the same institution; identical names at different institutions stay separate.
PER-GN-00478,person,Kher Savrabh R,Kher Savrabh R,GIAN-NIDHI,Participant in GIAN Nidhi student project(s).,,Same name is merged only within the same institution; identical names at different institutions stay separate.
PER-GN-00479,person,Vaidya Kedar V,Vaidya Kedar V,GIAN-NIDHI,Participant in GIAN Nidhi student project(s).,,Same name is merged only within the same institution; identical names at different institutions stay separate.
PER-GN-00480,person,Pise Janhvi A,Pise Janhvi A,GIAN-NIDHI,Participant in GIAN Nidhi student project(s).,,Same name is merged only within the same institution; identical names at different institutions stay separate.
PRJ-0148,project,Radio Frequency (Rf) Based Robotic Car Control.,Radio Frequency (Rf) Based Robotic Car Control.,GIAN-NIDHI,GIAN Nidhi record 148,,
PER-GN-00481,person,Chillal Rohit.G,Chillal Rohit.G,GIAN-NIDHI,Participant in GIAN Nidhi student project(s).,,Same name is merged only within the same institution; identical names at different institutions stay separate.
PER-GN-00482,person,Mehta Nikhil.M,Mehta Nikhil.M,GIAN-NIDHI,Participant in GIAN Nidhi student project(s).,,Same name is merged only within the same institution; identical names at different institutions stay separate.
PER-GN-00483,person,Hulgeri Mayuri.M,Hulgeri Mayuri.M,GIAN-NIDHI,Participant in GIAN Nidhi student project(s).,,Same name is merged only within the same institution; identical names at different institutions stay separate.
PER-GN-00484,person,Patil Anuja.A,Patil Anuja.A,GIAN-NIDHI,Participant in GIAN Nidhi student project(s).,,Same name is merged only within the same institution; identical names at different institutions stay separate.
PRJ-0149,project,Remote Operated Stepper Motor,Remote Operated Stepper Motor,GIAN-NIDHI,GIAN Nidhi record 149,,
PER-GN-00485,person,Yashwant Deshmukh,Yashwant Deshmukh,GIAN-NIDHI,Participant in GIAN Nidhi student project(s).,,Same name is merged only within the same institution; identical names at different institutions stay separate.
PER-GN-00486,person,Pratik Gohel,Pratik Gohel,GIAN-NIDHI,Participant in GIAN Nidhi student project(s).,,Same name is merged only within the same institution; identical names at different institutions stay separate.
PER-GN-00487,person,Mukund Motwani,Mukund Motwani,GIAN-NIDHI,Participant in GIAN Nidhi student project(s).,,Same name is merged only within the same institution; identical names at different institutions stay separate.
PER-GN-00488,person,Ankush Jangam,Ankush Jangam,GIAN-NIDHI,Participant in GIAN Nidhi student project(s).,,Same name is merged only within the same institution; identical names at different institutions stay separate.
PRJ-0150,project,Electric Car,Electric Car,GIAN-NIDHI,GIAN Nidhi record 150,,
PER-GN-00489,person,Kushal Makwana,Kushal Makwana,GIAN-NIDHI,Participant in GIAN Nidhi student project(s).,,Same name is merged only within the same institution; identical names at different institutions stay separate.
PER-GN-00490,person,Monil Bhat,Monil Bhat,GIAN-NIDHI,Participant in GIAN Nidhi student project(s).,,Same name is merged only within the same institution; identical names at different institutions stay separate.
PER-GN-00491,person,Palak Desai,Palak Desai,GIAN-NIDHI,Participant in GIAN Nidhi student project(s).,,Same name is merged only within the same institution; identical names at different institutions stay separate.
PRJ-0151,project,Advanced Embedded Wireless Control System,Advanced Embedded Wireless Control System,GIAN-NIDHI,GIAN Nidhi record 151,,
PER-GN-00492,person,Vyawahare Baban,Vyawahare Baban,GIAN-NIDHI,Participant in GIAN Nidhi student project(s).,,Same name is merged only within the same institution; identical names at different institutions stay separate.
PER-GN-00493,person,Syed Arshad,Syed Arshad,GIAN-NIDHI,Participant in GIAN Nidhi student project(s).,,Same name is merged only within the same institution; identical names at different institutions stay separate.
PER-GN-00494,person,Bhushan .Patil,Bhushan .Patil,GIAN-NIDHI,Participant in GIAN Nidhi student project(s).,,Same name is merged only within the same institution; identical names at different institutions stay separate.
PRJ-0152,project,Radio Frequency (Rf) Based Robotic Car Control.,Radio Frequency (Rf) Based Robotic Car Control.,GIAN-NIDHI,GIAN Nidhi record 152,,
PER-GN-00495,person,Phutane Preety.S,Phutane Preety.S,GIAN-NIDHI,Participant in GIAN Nidhi student project(s).,,Same name is merged only within the same institution; identical names at different institutions stay separate.
PRJ-0153,project,Remote Operated Stepper Motor,Remote Operated Stepper Motor,GIAN-NIDHI,GIAN Nidhi record 153,,
PRJ-0154,project,Electric Car,Electric Car,GIAN-NIDHI,GIAN Nidhi record 154,,
PRJ-0155,project,Advanced Embedded Wireless Control System,Advanced Embedded Wireless Control System,GIAN-NIDHI,GIAN Nidhi record 155,,
PER-GN-00496,person,Sachin Shukla,Sachin Shukla,GIAN-NIDHI,Participant in GIAN Nidhi student project(s).,,Same name is merged only within the same institution; identical names at different institutions stay separate.
PRJ-0156,project,Multi-Security System For Statue,Multi-Security System For Statue,GIAN-NIDHI,GIAN Nidhi record 156,,
PER-GN-00497,person,Hussain Khan,Hussain Khan,GIAN-NIDHI,Participant in GIAN Nidhi student project(s).,,Same name is merged only within the same institution; identical names at different institutions stay separate.
PER-GN-00498,person,Sanket Sarwad,Sanket Sarwad,GIAN-NIDHI,Participant in GIAN Nidhi student project(s).,,Same name is merged only within the same institution; identical names at different institutions stay separate.
PER-GN-00499,person,Raviraj Banswan,Raviraj Banswan,GIAN-NIDHI,Participant in GIAN Nidhi student project(s).,,Same name is merged only within the same institution; identical names at different institutions stay separate.
PER-GN-00500,person,Sharad Devare,Sharad Devare,GIAN-NIDHI,Participant in GIAN Nidhi student project(s).,,Same name is merged only within the same institution; identical names at different institutions stay separate.
PER-GN-00501,person,Mohammad Taher,Mohammad Taher,GIAN-NIDHI,Participant in GIAN Nidhi student project(s).,,Same name is merged only within the same institution; identical names at different institutions stay separate.
PRJ-0157,project,Laser – Based Communication Link,Laser – Based Communication Link,GIAN-NIDHI,GIAN Nidhi record 157,,
PER-GN-00502,person,Waghmare Swati,Waghmare Swati,GIAN-NIDHI,Participant in GIAN Nidhi student project(s).,,Same name is merged only within the same institution; identical names at different institutions stay separate.
PER-GN-00503,person,Tokle Shetal,Tokle Shetal,GIAN-NIDHI,Participant in GIAN Nidhi student project(s).,,Same name is merged only within the same institution; identical names at different institutions stay separate.
PER-GN-00504,person,Varsha Sagar,Varsha Sagar,GIAN-NIDHI,Participant in GIAN Nidhi student project(s).,,Same name is merged only within the same institution; identical names at different institutions stay separate.
PER-GN-00505,person,Yelikar Madhuri,Yelikar Madhuri,GIAN-NIDHI,Participant in GIAN Nidhi student project(s).,,Same name is merged only within the same institution; identical names at different institutions stay separate.
PRJ-0158,project,Location Detector & Announcement System,Location Detector & Announcement System,GIAN-NIDHI,GIAN Nidhi record 158,,
PER-GN-00506,person,Rajput Virendra,Rajput Virendra,GIAN-NIDHI,Participant in GIAN Nidhi student project(s).,,Same name is merged only within the same institution; identical names at different institutions stay separate.
PER-GN-00507,person,Pradep Shinde,Pradep Shinde,GIAN-NIDHI,Participant in GIAN Nidhi student project(s).,,Same name is merged only within the same institution; identical names at different institutions stay separate.
PRJ-0159,project,Employee Attendance Using Rfid,Employee Attendance Using Rfid,GIAN-NIDHI,GIAN Nidhi record 159,,
PER-GN-00508,person,Belekar Apurva,Belekar Apurva,GIAN-NIDHI,Participant in GIAN Nidhi student project(s).,,Same name is merged only within the same institution; identical names at different institutions stay separate.
PER-GN-00509,person,Bahirwade Punam,Bahirwade Punam,GIAN-NIDHI,Participant in GIAN Nidhi student project(s).,,Same name is merged only within the same institution; identical names at different institutions stay separate.
PER-GN-00510,person,Chilwal Pradnya,Chilwal Pradnya,GIAN-NIDHI,Participant in GIAN Nidhi student project(s).,,Same name is merged only within the same institution; identical names at different institutions stay separate.
PER-GN-00511,person,Bhujbal Nita,Bhujbal Nita,GIAN-NIDHI,Participant in GIAN Nidhi student project(s).,,Same name is merged only within the same institution; identical names at different institutions stay separate.
PER-GN-00512,person,Wasani Sneha,Wasani Sneha,GIAN-NIDHI,Participant in GIAN Nidhi student project(s).,,Same name is merged only within the same institution; identical names at different institutions stay separate.
PER-GN-00513,person,Kashid Shradha,Kashid Shradha,GIAN-NIDHI,Participant in GIAN Nidhi student project(s).,,Same name is merged only within the same institution; identical names at different institutions stay separate.
PRJ-0160,project,RS 485 Based Instrumentation Lan / Appliance Control,RS 485 Based Instrumentation Lan / Appliance Control,GIAN-NIDHI,GIAN Nidhi record 160,,
PER-GN-00514,person,Kamal Singh,Kamal Singh,GIAN-NIDHI,Participant in GIAN Nidhi student project(s).,,Same name is merged only within the same institution; identical names at different institutions stay separate.
PER-GN-00515,person,Amrut Vyas,Amrut Vyas,GIAN-NIDHI,Participant in GIAN Nidhi student project(s).,,Same name is merged only within the same institution; identical names at different institutions stay separate.
PER-GN-00516,person,Manoj Patil,Manoj Patil,GIAN-NIDHI,Participant in GIAN Nidhi student project(s).,,Same name is merged only within the same institution; identical names at different institutions stay separate.
PER-GN-00517,person,Monim Fatehaali,Monim Fatehaali,GIAN-NIDHI,Participant in GIAN Nidhi student project(s).,,Same name is merged only within the same institution; identical names at different institutions stay separate.
PER-GN-00518,person,Patel Alok,Patel Alok,GIAN-NIDHI,Participant in GIAN Nidhi student project(s).,,Same name is merged only within the same institution; identical names at different institutions stay separate.
PRJ-0161,project,Rolling Display Control Through Sms,Rolling Display Control Through Sms,GIAN-NIDHI,GIAN Nidhi record 161,,
PER-GN-00519,person,Patel Dhavalkumar,Patel Dhavalkumar,GIAN-NIDHI,Participant in GIAN Nidhi student project(s).,,Same name is merged only within the same institution; identical names at different institutions stay separate.
PER-GN-00520,person,Pravin Rathod,Pravin Rathod,GIAN-NIDHI,Participant in GIAN Nidhi student project(s).,,Same name is merged only within the same institution; identical names at different institutions stay separate.
PER-GN-00521,person,Vinit Gajendragadkar,Vinit Gajendragadkar,GIAN-NIDHI,Participant in GIAN Nidhi student project(s).,,Same name is merged only within the same institution; identical names at different institutions stay separate.
PER-GN-00522,person,Rahul panes,Rahul panes,GIAN-NIDHI,Participant in GIAN Nidhi student project(s).,,Same name is merged only within the same institution; identical names at different institutions stay separate.
PER-GN-00523,person,Prashant Dargopatil,Prashant Dargopatil,GIAN-NIDHI,Participant in GIAN Nidhi student project(s).,,Same name is merged only within the same institution; identical names at different institutions stay separate.
PER-GN-00524,person,Shreekant Dhamdere,Shreekant Dhamdere,GIAN-NIDHI,Participant in GIAN Nidhi student project(s).,,Same name is merged only within the same institution; identical names at different institutions stay separate.
PRJ-0162,project,Spy Robot,Spy Robot,GIAN-NIDHI,GIAN Nidhi record 162,,
PER-GN-00525,person,Sudipto Manna,Sudipto Manna,GIAN-NIDHI,Participant in GIAN Nidhi student project(s).,,Same name is merged only within the same institution; identical names at different institutions stay separate.
PER-GN-00526,person,Ripan Shah,Ripan Shah,GIAN-NIDHI,Participant in GIAN Nidhi student project(s).,,Same name is merged only within the same institution; identical names at different institutions stay separate.
PER-GN-00527,person,Ganesh Lotekar,Ganesh Lotekar,GIAN-NIDHI,Participant in GIAN Nidhi student project(s).,,Same name is merged only within the same institution; identical names at different institutions stay separate.
PER-GN-00528,person,Swapnil Mandhre,Swapnil Mandhre,GIAN-NIDHI,Participant in GIAN Nidhi student project(s).,,Same name is merged only within the same institution; identical names at different institutions stay separate.
PRJ-0163,project,SURVEILLANCE ROB,SURVEILLANCE ROB,GIAN-NIDHI,GIAN Nidhi record 163,,
PER-GN-00529,person,Kirve Swapnil,Kirve Swapnil,GIAN-NIDHI,Participant in GIAN Nidhi student project(s).,,Same name is merged only within the same institution; identical names at different institutions stay separate.
PER-GN-00530,person,Chandan Rao,Chandan Rao,GIAN-NIDHI,Participant in GIAN Nidhi student project(s).,,Same name is merged only within the same institution; identical names at different institutions stay separate.
PER-GN-00531,person,Mangesh Shirude,Mangesh Shirude,GIAN-NIDHI,Participant in GIAN Nidhi student project(s).,,Same name is merged only within the same institution; identical names at different institutions stay separate.
PER-GN-00532,person,Vaibhav Waghmare,Vaibhav Waghmare,GIAN-NIDHI,Participant in GIAN Nidhi student project(s).,,Same name is merged only within the same institution; identical names at different institutions stay separate.
PER-GN-00533,person,Ganesh Bhokse,Ganesh Bhokse,GIAN-NIDHI,Participant in GIAN Nidhi student project(s).,,Same name is merged only within the same institution; identical names at different institutions stay separate.
PRJ-0164,project,Televideo Controlled Mobile Serviellance van,Televideo Controlled Mobile Serviellance van,GIAN-NIDHI,GIAN Nidhi record 164,,
PER-GN-00534,person,Agarwal Vishalkumar,Agarwal Vishalkumar,GIAN-NIDHI,Participant in GIAN Nidhi student project(s).,,Same name is merged only within the same institution; identical names at different institutions stay separate.
PER-GN-00535,person,Kaustaubh Dhamankar,Kaustaubh Dhamankar,GIAN-NIDHI,Participant in GIAN Nidhi student project(s).,,Same name is merged only within the same institution; identical names at different institutions stay separate.
PER-GN-00536,person,NItin Kukade,NItin Kukade,GIAN-NIDHI,Participant in GIAN Nidhi student project(s).,,Same name is merged only within the same institution; identical names at different institutions stay separate.
PER-GN-00537,person,Sandip Gaikwad,Sandip Gaikwad,GIAN-NIDHI,Participant in GIAN Nidhi student project(s).,,Same name is merged only within the same institution; identical names at different institutions stay separate.
PRJ-0165,project,Path Recorder & Retracer with 3-Axis Robotic Arm,Path Recorder & Retracer with 3-Axis Robotic Arm,GIAN-NIDHI,GIAN Nidhi record 165,,
PER-GN-00538,person,Shaheri Karan,Shaheri Karan,GIAN-NIDHI,Participant in GIAN Nidhi student project(s).,,Same name is merged only within the same institution; identical names at different institutions stay separate.
PER-GN-00539,person,Mangukia Viral,Mangukia Viral,GIAN-NIDHI,Participant in GIAN Nidhi student project(s).,,Same name is merged only within the same institution; identical names at different institutions stay separate.
PER-GN-00540,person,Kotecha harshil,Kotecha harshil,GIAN-NIDHI,Participant in GIAN Nidhi student project(s).,,Same name is merged only within the same institution; identical names at different institutions stay separate.
PER-GN-00541,person,Vartik Akhil,Vartik Akhil,GIAN-NIDHI,Participant in GIAN Nidhi student project(s).,,Same name is merged only within the same institution; identical names at different institutions stay separate.
PRJ-0166,project,Suraksha – a vehicle safety device,Suraksha – a vehicle safety device,GIAN-NIDHI,GIAN Nidhi record 166,,
PER-GN-00542,person,Gosaliya Pooja,Gosaliya Pooja,GIAN-NIDHI,Participant in GIAN Nidhi student project(s).,,Same name is merged only within the same institution; identical names at different institutions stay separate.
PER-GN-00543,person,Karmokar Puja,Karmokar Puja,GIAN-NIDHI,Participant in GIAN Nidhi student project(s).,,Same name is merged only within the same institution; identical names at different institutions stay separate.
PER-GN-00544,person,Borole Komal,Borole Komal,GIAN-NIDHI,Participant in GIAN Nidhi student project(s).,,Same name is merged only within the same institution; identical names at different institutions stay separate.
PER-GN-00545,person,Naskar Momita,Naskar Momita,GIAN-NIDHI,Participant in GIAN Nidhi student project(s).,,Same name is merged only within the same institution; identical names at different institutions stay separate.
PRJ-0167,project,Automatic toll tax system using RFID technology,Automatic toll tax system using RFID technology,GIAN-NIDHI,GIAN Nidhi record 167,,
PER-GN-00546,person,Sartape Niyati,Sartape Niyati,GIAN-NIDHI,Participant in GIAN Nidhi student project(s).,,Same name is merged only within the same institution; identical names at different institutions stay separate.
PER-GN-00547,person,Warke Bharti,Warke Bharti,GIAN-NIDHI,Participant in GIAN Nidhi student project(s).,,Same name is merged only within the same institution; identical names at different institutions stay separate.
PER-GN-00548,person,Piyush Deo,Piyush Deo,GIAN-NIDHI,Participant in GIAN Nidhi student project(s).,,Same name is merged only within the same institution; identical names at different institutions stay separate.
PER-GN-00549,person,Vinod Gupta,Vinod Gupta,GIAN-NIDHI,Participant in GIAN Nidhi student project(s).,,Same name is merged only within the same institution; identical names at different institutions stay separate.
PER-GN-00550,person,Rupalin Mane,Rupalin Mane,GIAN-NIDHI,Participant in GIAN Nidhi student project(s).,,Same name is merged only within the same institution; identical names at different institutions stay separate.
PRJ-0168,project,Remotic device control using D.T.M.F.,Remotic device control using D.T.M.F.,GIAN-NIDHI,GIAN Nidhi record 168,,
PER-GN-00551,person,Krupal Tarun,Krupal Tarun,GIAN-NIDHI,Participant in GIAN Nidhi student project(s).,,Same name is merged only within the same institution; identical names at different institutions stay separate.
PER-GN-00552,person,Sachin Datir,Sachin Datir,GIAN-NIDHI,Participant in GIAN Nidhi student project(s).,,Same name is merged only within the same institution; identical names at different institutions stay separate.
PER-GN-00553,person,Aditya Rambole,Aditya Rambole,GIAN-NIDHI,Participant in GIAN Nidhi student project(s).,,Same name is merged only within the same institution; identical names at different institutions stay separate.
PER-GN-00554,person,Rupesh Dhake,Rupesh Dhake,GIAN-NIDHI,Participant in GIAN Nidhi student project(s).,,Same name is merged only within the same institution; identical names at different institutions stay separate.
PRJ-0169,project,FPGA based convolution encoder & viterbi decoder,FPGA based convolution encoder & viterbi decoder,GIAN-NIDHI,GIAN Nidhi record 169,,
PER-GN-00555,person,Kalaspurkar Gayatri,Kalaspurkar Gayatri,GIAN-NIDHI,Participant in GIAN Nidhi student project(s).,,Same name is merged only within the same institution; identical names at different institutions stay separate.
PER-GN-00556,person,Dipali Giri,Dipali Giri,GIAN-NIDHI,Participant in GIAN Nidhi student project(s).,,Same name is merged only within the same institution; identical names at different institutions stay separate.
PER-GN-00557,person,Chandak Swaroop,Chandak Swaroop,GIAN-NIDHI,Participant in GIAN Nidhi student project(s).,,Same name is merged only within the same institution; identical names at different institutions stay separate.
PER-GN-00558,person,Nilesh Pardakhe,Nilesh Pardakhe,GIAN-NIDHI,Participant in GIAN Nidhi student project(s).,,Same name is merged only within the same institution; identical names at different institutions stay separate.
PER-GN-00559,person,Chetan Kalmegh,Chetan Kalmegh,GIAN-NIDHI,Participant in GIAN Nidhi student project(s).,,Same name is merged only within the same institution; identical names at different institutions stay separate.
PER-GN-00560,person,Mohammad Imran,Mohammad Imran,GIAN-NIDHI,Participant in GIAN Nidhi student project(s).,,Same name is merged only within the same institution; identical names at different institutions stay separate.
PRJ-0170,project,PC based oscilloscope,PC based oscilloscope,GIAN-NIDHI,GIAN Nidhi record 170,,
PER-GN-00561,person,Shah Priyank,Shah Priyank,GIAN-NIDHI,Participant in GIAN Nidhi student project(s).,,Same name is merged only within the same institution; identical names at different institutions stay separate.
PER-GN-00562,person,Rathod Snajay,Rathod Snajay,GIAN-NIDHI,Participant in GIAN Nidhi student project(s).,,Same name is merged only within the same institution; identical names at different institutions stay separate.
PER-GN-00563,person,Varma Rambabu,Varma Rambabu,GIAN-NIDHI,Participant in GIAN Nidhi student project(s).,,Same name is merged only within the same institution; identical names at different institutions stay separate.
PRJ-0171,project,Braille Transformation Tool For Blind,Braille Transformation Tool For Blind,GIAN-NIDHI,GIAN Nidhi record 171,,
PER-GN-00564,person,Aher Sachin,Aher Sachin,GIAN-NIDHI,Participant in GIAN Nidhi student project(s).,,Same name is merged only within the same institution; identical names at different institutions stay separate.
PER-GN-00565,person,Joshi Urmit,Joshi Urmit,GIAN-NIDHI,Participant in GIAN Nidhi student project(s).,,Same name is merged only within the same institution; identical names at different institutions stay separate.
PER-GN-00566,person,Wale Ajit,Wale Ajit,GIAN-NIDHI,Participant in GIAN Nidhi student project(s).,,Same name is merged only within the same institution; identical names at different institutions stay separate.
PRJ-0172,project,RF Robot Car with Video Camera,RF Robot Car with Video Camera,GIAN-NIDHI,GIAN Nidhi record 172,,
PER-GN-00567,person,Rawani Aashish,Rawani Aashish,GIAN-NIDHI,Participant in GIAN Nidhi student project(s).,,Same name is merged only within the same institution; identical names at different institutions stay separate.
PER-GN-00568,person,Neha Rathod,Neha Rathod,GIAN-NIDHI,Participant in GIAN Nidhi student project(s).,,Same name is merged only within the same institution; identical names at different institutions stay separate.
PER-GN-00569,person,Kshitija Tiwari,Kshitija Tiwari,GIAN-NIDHI,Participant in GIAN Nidhi student project(s).,,Same name is merged only within the same institution; identical names at different institutions stay separate.
PER-GN-00570,person,Rahul Pande,Rahul Pande,GIAN-NIDHI,Participant in GIAN Nidhi student project(s).,,Same name is merged only within the same institution; identical names at different institutions stay separate.
PRJ-0173,project,Academic on line result system on phone,Academic on line result system on phone,GIAN-NIDHI,GIAN Nidhi record 173,,
PER-GN-00571,person,Kulkarni Girish,Kulkarni Girish,GIAN-NIDHI,Participant in GIAN Nidhi student project(s).,,Same name is merged only within the same institution; identical names at different institutions stay separate.
PER-GN-00572,person,Vinayak Shastri,Vinayak Shastri,GIAN-NIDHI,Participant in GIAN Nidhi student project(s).,,Same name is merged only within the same institution; identical names at different institutions stay separate.
PRJ-0174,project,Microcontroller Based Explosive Detector,Microcontroller Based Explosive Detector,GIAN-NIDHI,GIAN Nidhi record 174,,
PER-GN-00573,person,Shah Hardik,Shah Hardik,GIAN-NIDHI,Participant in GIAN Nidhi student project(s).,,Same name is merged only within the same institution; identical names at different institutions stay separate.
PER-GN-00574,person,Amita Yenji,Amita Yenji,GIAN-NIDHI,Participant in GIAN Nidhi student project(s).,,Same name is merged only within the same institution; identical names at different institutions stay separate.
PER-GN-00575,person,Dipali Gosawi,Dipali Gosawi,GIAN-NIDHI,Participant in GIAN Nidhi student project(s).,,Same name is merged only within the same institution; identical names at different institutions stay separate.
PER-GN-00576,person,Tushar Sartape,Tushar Sartape,GIAN-NIDHI,Participant in GIAN Nidhi student project(s).,,Same name is merged only within the same institution; identical names at different institutions stay separate.
PRJ-0175,project,Remote Audio Level Monitoring & Control,Remote Audio Level Monitoring & Control,GIAN-NIDHI,GIAN Nidhi record 175,,
PER-GN-00577,person,Patil Rakesh,Patil Rakesh,GIAN-NIDHI,Participant in GIAN Nidhi student project(s).,,Same name is merged only within the same institution; identical names at different institutions stay separate.
PER-GN-00578,person,Sunil Bhagart,Sunil Bhagart,GIAN-NIDHI,Participant in GIAN Nidhi student project(s).,,Same name is merged only within the same institution; identical names at different institutions stay separate.
PER-GN-00579,person,Kartavya CHirde,Kartavya CHirde,GIAN-NIDHI,Participant in GIAN Nidhi student project(s).,,Same name is merged only within the same institution; identical names at different institutions stay separate.
PER-GN-00580,person,Nitesh lahitkar,Nitesh lahitkar,GIAN-NIDHI,Participant in GIAN Nidhi student project(s).,,Same name is merged only within the same institution; identical names at different institutions stay separate.
PRJ-0176,project,Computer Controlled Electrical System,Computer Controlled Electrical System,GIAN-NIDHI,GIAN Nidhi record 176,,
PER-GN-00581,person,Sohil Dilip Beniwal,Sohil Dilip Beniwal,GIAN-NIDHI,Participant in GIAN Nidhi student project(s).,,Same name is merged only within the same institution; identical names at different institutions stay separate.
PER-GN-00582,person,Sudarshan N.Bachchav,Sudarshan N.Bachchav,GIAN-NIDHI,Participant in GIAN Nidhi student project(s).,,Same name is merged only within the same institution; identical names at different institutions stay separate.
PER-GN-00583,person,Umesh R. Jachak,Umesh R. Jachak,GIAN-NIDHI,Participant in GIAN Nidhi student project(s).,,Same name is merged only within the same institution; identical names at different institutions stay separate.
PER-GN-00584,person,Pavan U. Pagar,Pavan U. Pagar,GIAN-NIDHI,Participant in GIAN Nidhi student project(s).,,Same name is merged only within the same institution; identical names at different institutions stay separate.
PER-GN-00585,person,Vipul G. Chaudhari,Vipul G. Chaudhari,GIAN-NIDHI,Participant in GIAN Nidhi student project(s).,,Same name is merged only within the same institution; identical names at different institutions stay separate.
PRJ-0177,project,GSM – IVRS for industry Control,GSM – IVRS for industry Control,GIAN-NIDHI,GIAN Nidhi record 177,,
PER-GN-00586,person,Kalsi Taranjit Kaur A,Kalsi Taranjit Kaur A,GIAN-NIDHI,Participant in GIAN Nidhi student project(s).,,Same name is merged only within the same institution; identical names at different institutions stay separate.
PER-GN-00587,person,Desai Kalyani N,Desai Kalyani N,GIAN-NIDHI,Participant in GIAN Nidhi student project(s).,,Same name is merged only within the same institution; identical names at different institutions stay separate.
PRJ-0178,project,A Portable Communication Aid for Deaf Blind people,A Portable Communication Aid for Deaf Blind people,GIAN-NIDHI,GIAN Nidhi record 178,,
PER-GN-00588,person,Satish kumar ravi,Satish kumar ravi,GIAN-NIDHI,Participant in GIAN Nidhi student project(s).,,Same name is merged only within the same institution; identical names at different institutions stay separate.
PER-GN-00589,person,Dharmoji Vinayak,Dharmoji Vinayak,GIAN-NIDHI,Participant in GIAN Nidhi student project(s).,,Same name is merged only within the same institution; identical names at different institutions stay separate.
PER-GN-00590,person,Sacin Patil,Sacin Patil,GIAN-NIDHI,Participant in GIAN Nidhi student project(s).,,Same name is merged only within the same institution; identical names at different institutions stay separate.
PER-GN-00591,person,Ravi Pandey,Ravi Pandey,GIAN-NIDHI,Participant in GIAN Nidhi student project(s).,,Same name is merged only within the same institution; identical names at different institutions stay separate.
PRJ-0179,project,An Experimental Performance Evolution Of Vortex Tube,An Experimental Performance Evolution Of Vortex Tube,GIAN-NIDHI,GIAN Nidhi record 179,,
PER-GN-00592,person,Mungale Abhay,Mungale Abhay,GIAN-NIDHI,Participant in GIAN Nidhi student project(s).,,Same name is merged only within the same institution; identical names at different institutions stay separate.
PER-GN-00593,person,Vitonde Pratik,Vitonde Pratik,GIAN-NIDHI,Participant in GIAN Nidhi student project(s).,,Same name is merged only within the same institution; identical names at different institutions stay separate.
PER-GN-00594,person,Dhoble Pravin,Dhoble Pravin,GIAN-NIDHI,Participant in GIAN Nidhi student project(s).,,Same name is merged only within the same institution; identical names at different institutions stay separate.
PER-GN-00595,person,Dhakite Pravin,Dhakite Pravin,GIAN-NIDHI,Participant in GIAN Nidhi student project(s).,,Same name is merged only within the same institution; identical names at different institutions stay separate.
PER-GN-00596,person,Dhote Nitin,Dhote Nitin,GIAN-NIDHI,Participant in GIAN Nidhi student project(s).,,Same name is merged only within the same institution; identical names at different institutions stay separate.
PER-GN-00597,person,Chaple Rahul,Chaple Rahul,GIAN-NIDHI,Participant in GIAN Nidhi student project(s).,,Same name is merged only within the same institution; identical names at different institutions stay separate.
PRJ-0180,project,Smart Irrigation System,Smart Irrigation System,GIAN-NIDHI,GIAN Nidhi record 180,,
PER-GN-00598,person,Gaiwad Dilip Prakash,Gaiwad Dilip Prakash,GIAN-NIDHI,Participant in GIAN Nidhi student project(s).,,Same name is merged only within the same institution; identical names at different institutions stay separate.
PER-GN-00599,person,Pangavhane Prmod Dinkar,Pangavhane Prmod Dinkar,GIAN-NIDHI,Participant in GIAN Nidhi student project(s).,,Same name is merged only within the same institution; identical names at different institutions stay separate.
PER-GN-00600,person,Gadekar Pravin Rangnath,Gadekar Pravin Rangnath,GIAN-NIDHI,Participant in GIAN Nidhi student project(s).,,Same name is merged only within the same institution; identical names at different institutions stay separate.
PER-GN-00601,person,Pathade Amit Sunil,Pathade Amit Sunil,GIAN-NIDHI,Participant in GIAN Nidhi student project(s).,,Same name is merged only within the same institution; identical names at different institutions stay separate.
PRJ-0181,project,Magnetic Suspension System.,Magnetic Suspension System.,GIAN-NIDHI,GIAN Nidhi record 181,,
PER-GN-00602,person,Vispute Kunal,Vispute Kunal,GIAN-NIDHI,Participant in GIAN Nidhi student project(s).,,Same name is merged only within the same institution; identical names at different institutions stay separate.
PER-GN-00603,person,Edake Anup,Edake Anup,GIAN-NIDHI,Participant in GIAN Nidhi student project(s).,,Same name is merged only within the same institution; identical names at different institutions stay separate.
PER-GN-00604,person,Borse Dhiraj,Borse Dhiraj,GIAN-NIDHI,Participant in GIAN Nidhi student project(s).,,Same name is merged only within the same institution; identical names at different institutions stay separate.
PER-GN-00605,person,Gosavi Sujit,Gosavi Sujit,GIAN-NIDHI,Participant in GIAN Nidhi student project(s).,,Same name is merged only within the same institution; identical names at different institutions stay separate.
PER-GN-00606,person,Dhadwal Karan,Dhadwal Karan,GIAN-NIDHI,Participant in GIAN Nidhi student project(s).,,Same name is merged only within the same institution; identical names at different institutions stay separate.
PER-GN-00607,person,Angu Bomken,Angu Bomken,GIAN-NIDHI,Participant in GIAN Nidhi student project(s).,,Same name is merged only within the same institution; identical names at different institutions stay separate.
PRJ-0182,project,Electricity From Noise Polution,Electricity From Noise Polution,GIAN-NIDHI,GIAN Nidhi record 182,,
PER-GN-00608,person,Rajnish S. Zha,Rajnish S. Zha,GIAN-NIDHI,Participant in GIAN Nidhi student project(s).,,Same name is merged only within the same institution; identical names at different institutions stay separate.
PER-GN-00609,person,Hemant N. Rampuriya,Hemant N. Rampuriya,GIAN-NIDHI,Participant in GIAN Nidhi student project(s).,,Same name is merged only within the same institution; identical names at different institutions stay separate.
PER-GN-00610,person,Bharat M.Kansara,Bharat M.Kansara,GIAN-NIDHI,Participant in GIAN Nidhi student project(s).,,Same name is merged only within the same institution; identical names at different institutions stay separate.
PRJ-0183,project,Banana Plant Growth by Hydrogen & Mechanical Pressure,Banana Plant Growth by Hydrogen & Mechanical Pressure,GIAN-NIDHI,GIAN Nidhi record 183,,
PER-GN-00611,person,Patil Umesh Kisan,Patil Umesh Kisan,GIAN-NIDHI,Participant in GIAN Nidhi student project(s).,,Same name is merged only within the same institution; identical names at different institutions stay separate.
PER-GN-00612,person,Patil Chandrashekhar Devidas,Patil Chandrashekhar Devidas,GIAN-NIDHI,Participant in GIAN Nidhi student project(s).,,Same name is merged only within the same institution; identical names at different institutions stay separate.
PER-GN-00613,person,Mahajan Sagar Ramdas,Mahajan Sagar Ramdas,GIAN-NIDHI,Participant in GIAN Nidhi student project(s).,,Same name is merged only within the same institution; identical names at different institutions stay separate.
PER-GN-00614,person,Bhandarkar Hemant Kedar,Bhandarkar Hemant Kedar,GIAN-NIDHI,Participant in GIAN Nidhi student project(s).,,Same name is merged only within the same institution; identical names at different institutions stay separate.
PER-GN-00615,person,Tonge Dipak Ramdas,Tonge Dipak Ramdas,GIAN-NIDHI,Participant in GIAN Nidhi student project(s).,,Same name is merged only within the same institution; identical names at different institutions stay separate.
PER-GN-00616,person,Deshpande Mandar Sham,Deshpande Mandar Sham,GIAN-NIDHI,Participant in GIAN Nidhi student project(s).,,Same name is merged only within the same institution; identical names at different institutions stay separate.
PRJ-0184,project,Embedded Coin Operated From Vending System,Embedded Coin Operated From Vending System,GIAN-NIDHI,GIAN Nidhi record 184,,
PER-GN-00617,person,Vayavhare Susheel Somnath,Vayavhare Susheel Somnath,GIAN-NIDHI,Participant in GIAN Nidhi student project(s).,,Same name is merged only within the same institution; identical names at different institutions stay separate.
PER-GN-00618,person,Rajput Karnsing Jaysing,Rajput Karnsing Jaysing,GIAN-NIDHI,Participant in GIAN Nidhi student project(s).,,Same name is merged only within the same institution; identical names at different institutions stay separate.
PER-GN-00619,person,Muley Tushar Mukund,Muley Tushar Mukund,GIAN-NIDHI,Participant in GIAN Nidhi student project(s).,,Same name is merged only within the same institution; identical names at different institutions stay separate.
PER-GN-00620,person,Kokate swati Bananarao,Kokate swati Bananarao,GIAN-NIDHI,Participant in GIAN Nidhi student project(s).,,Same name is merged only within the same institution; identical names at different institutions stay separate.
PER-GN-00621,person,Deval Anirudha Anant,Deval Anirudha Anant,GIAN-NIDHI,Participant in GIAN Nidhi student project(s).,,Same name is merged only within the same institution; identical names at different institutions stay separate.
PER-GN-00622,person,Patel Safiya Nasar,Patel Safiya Nasar,GIAN-NIDHI,Participant in GIAN Nidhi student project(s).,,Same name is merged only within the same institution; identical names at different institutions stay separate.
PRJ-0185,project,Bicyle Refrigerator for Rural areas.,Bicyle Refrigerator for Rural areas.,GIAN-NIDHI,GIAN Nidhi record 185,,
PER-GN-00623,person,Sagar Chandrakant Gadkar,Sagar Chandrakant Gadkar,GIAN-NIDHI,Participant in GIAN Nidhi student project(s).,,Same name is merged only within the same institution; identical names at different institutions stay separate.
PER-GN-00624,person,Amol Raghunath Kachare,Amol Raghunath Kachare,GIAN-NIDHI,Participant in GIAN Nidhi student project(s).,,Same name is merged only within the same institution; identical names at different institutions stay separate.
PER-GN-00625,person,Sanjay Shivaji Kachare,Sanjay Shivaji Kachare,GIAN-NIDHI,Participant in GIAN Nidhi student project(s).,,Same name is merged only within the same institution; identical names at different institutions stay separate.
PER-GN-00626,person,Suyog Hanmant Jadhav,Suyog Hanmant Jadhav,GIAN-NIDHI,Participant in GIAN Nidhi student project(s).,,Same name is merged only within the same institution; identical names at different institutions stay separate.
PRJ-0186,project,Physician's chair[i],Physician's chair[i],GIAN-NIDHI,GIAN Nidhi record 186,,
PER-GN-00627,person,Kanabar Bansari B,Kanabar Bansari B,GIAN-NIDHI,Participant in GIAN Nidhi student project(s).,,Same name is merged only within the same institution; identical names at different institutions stay separate.
PER-GN-00628,person,Chauhan Indu S,Chauhan Indu S,GIAN-NIDHI,Participant in GIAN Nidhi student project(s).,,Same name is merged only within the same institution; identical names at different institutions stay separate.
PER-GN-00629,person,Shimpi Kalpila G,Shimpi Kalpila G,GIAN-NIDHI,Participant in GIAN Nidhi student project(s).,,Same name is merged only within the same institution; identical names at different institutions stay separate.
PRJ-0187,project,Rf ID Based Position Locatory System,Rf ID Based Position Locatory System,GIAN-NIDHI,GIAN Nidhi record 187,,
PER-GN-00630,person,Parmar Unnati Manohar,Parmar Unnati Manohar,GIAN-NIDHI,Participant in GIAN Nidhi student project(s).,,Same name is merged only within the same institution; identical names at different institutions stay separate.
PER-GN-00631,person,Parab Shilpa Rajendra,Parab Shilpa Rajendra,GIAN-NIDHI,Participant in GIAN Nidhi student project(s).,,Same name is merged only within the same institution; identical names at different institutions stay separate.
PER-GN-00632,person,Tajav Shital Kisan,Tajav Shital Kisan,GIAN-NIDHI,Participant in GIAN Nidhi student project(s).,,Same name is merged only within the same institution; identical names at different institutions stay separate.
PER-GN-00633,person,Qabageh Amal Yousif,Qabageh Amal Yousif,GIAN-NIDHI,Participant in GIAN Nidhi student project(s).,,Same name is merged only within the same institution; identical names at different institutions stay separate.
PRJ-0188,project,'SPRASH' A touch of help,'SPRASH' A touch of help,GIAN-NIDHI,GIAN Nidhi record 188,,
PER-GN-00634,person,Kudav Mithila J,Kudav Mithila J,GIAN-NIDHI,Participant in GIAN Nidhi student project(s).,,Same name is merged only within the same institution; identical names at different institutions stay separate.
PER-GN-00635,person,Patil Deepali M,Patil Deepali M,GIAN-NIDHI,Participant in GIAN Nidhi student project(s).,,Same name is merged only within the same institution; identical names at different institutions stay separate.
PER-GN-00636,person,Oza Prachi H,Oza Prachi H,GIAN-NIDHI,Participant in GIAN Nidhi student project(s).,,Same name is merged only within the same institution; identical names at different institutions stay separate.
PRJ-0189,project,Power Genration From Biogas Using Bike.,Power Genration From Biogas Using Bike.,GIAN-NIDHI,GIAN Nidhi record 189,,
PER-GN-00637,person,Sonawne Rajesh Sopan,Sonawne Rajesh Sopan,GIAN-NIDHI,Participant in GIAN Nidhi student project(s).,,Same name is merged only within the same institution; identical names at different institutions stay separate.
PER-GN-00638,person,Surwade Kiran Bhagwat,Surwade Kiran Bhagwat,GIAN-NIDHI,Participant in GIAN Nidhi student project(s).,,Same name is merged only within the same institution; identical names at different institutions stay separate.
PER-GN-00639,person,Thete Nitin Ramdas,Thete Nitin Ramdas,GIAN-NIDHI,Participant in GIAN Nidhi student project(s).,,Same name is merged only within the same institution; identical names at different institutions stay separate.
PER-GN-00640,person,Shinde Shrinivas Rajan,Shinde Shrinivas Rajan,GIAN-NIDHI,Participant in GIAN Nidhi student project(s).,,Same name is merged only within the same institution; identical names at different institutions stay separate.
PER-GN-00641,person,Padhi Debasis Govardhan,Padhi Debasis Govardhan,GIAN-NIDHI,Participant in GIAN Nidhi student project(s).,,Same name is merged only within the same institution; identical names at different institutions stay separate.
PRJ-0190,project,Chainless bicycle,Chainless bicycle,GIAN-NIDHI,GIAN Nidhi record 190,,
PER-GN-00642,person,Gunatit Patel,Gunatit Patel,GIAN-NIDHI,Participant in GIAN Nidhi student project(s).,,Same name is merged only within the same institution; identical names at different institutions stay separate.
PER-GN-00643,person,Vikram Sarma,Vikram Sarma,GIAN-NIDHI,Participant in GIAN Nidhi student project(s).,,Same name is merged only within the same institution; identical names at different institutions stay separate.
PER-GN-00644,person,Kaustubh deshmukh,Kaustubh deshmukh,GIAN-NIDHI,Participant in GIAN Nidhi student project(s).,,Same name is merged only within the same institution; identical names at different institutions stay separate.
PER-GN-00645,person,Yash Shah,Yash Shah,GIAN-NIDHI,Participant in GIAN Nidhi student project(s).,,Same name is merged only within the same institution; identical names at different institutions stay separate.
PRJ-0191,project,FOLDING CAR,FOLDING CAR,GIAN-NIDHI,GIAN Nidhi record 191,,
PER-GN-00646,person,Pratik Mistri,Pratik Mistri,GIAN-NIDHI,Participant in GIAN Nidhi student project(s).,,Same name is merged only within the same institution; identical names at different institutions stay separate.
PER-GN-00647,person,Tanay Navelkar,Tanay Navelkar,GIAN-NIDHI,Participant in GIAN Nidhi student project(s).,,Same name is merged only within the same institution; identical names at different institutions stay separate.
PER-GN-00648,person,Prem Tiwari,Prem Tiwari,GIAN-NIDHI,Participant in GIAN Nidhi student project(s).,,Same name is merged only within the same institution; identical names at different institutions stay separate.
PRJ-0192,project,PERSONAL TRANSPORTER,PERSONAL TRANSPORTER,GIAN-NIDHI,GIAN Nidhi record 192,,
PER-GN-00649,person,Prithviraj A. Chavan,Prithviraj A. Chavan,GIAN-NIDHI,Participant in GIAN Nidhi student project(s).,,Same name is merged only within the same institution; identical names at different institutions stay separate.
PER-GN-00650,person,Krishna Yadav,Krishna Yadav,GIAN-NIDHI,Participant in GIAN Nidhi student project(s).,,Same name is merged only within the same institution; identical names at different institutions stay separate.
PER-GN-00651,person,Dhananjay Sawant,Dhananjay Sawant,GIAN-NIDHI,Participant in GIAN Nidhi student project(s).,,Same name is merged only within the same institution; identical names at different institutions stay separate.
PRJ-0193,project,Advanced pneumatic Rivef manufacturing M/C,Advanced pneumatic Rivef manufacturing M/C,GIAN-NIDHI,GIAN Nidhi record 193,,
PER-GN-00652,person,Shrikant Anna Vispute,Shrikant Anna Vispute,GIAN-NIDHI,Participant in GIAN Nidhi student project(s).,,Same name is merged only within the same institution; identical names at different institutions stay separate.
PER-GN-00653,person,Pravin Pandurang Navarkar,Pravin Pandurang Navarkar,GIAN-NIDHI,Participant in GIAN Nidhi student project(s).,,Same name is merged only within the same institution; identical names at different institutions stay separate.
PER-GN-00654,person,Pankaj Ramesh Nere,Pankaj Ramesh Nere,GIAN-NIDHI,Participant in GIAN Nidhi student project(s).,,Same name is merged only within the same institution; identical names at different institutions stay separate.
PER-GN-00655,person,Sangram Jabbulal Gupta,Sangram Jabbulal Gupta,GIAN-NIDHI,Participant in GIAN Nidhi student project(s).,,Same name is merged only within the same institution; identical names at different institutions stay separate.
PER-GN-00656,person,Manoj V. Patil,Manoj V. Patil,GIAN-NIDHI,Participant in GIAN Nidhi student project(s).,,Same name is merged only within the same institution; identical names at different institutions stay separate.
PRJ-0194,project,Adcanced Digital fuel Measuring Indicater,Adcanced Digital fuel Measuring Indicater,GIAN-NIDHI,GIAN Nidhi record 194,,
PER-GN-00657,person,S.G. Thombre,S.G. Thombre,GIAN-NIDHI,Participant in GIAN Nidhi student project(s).,,Same name is merged only within the same institution; identical names at different institutions stay separate.
PER-GN-00658,person,S.B. Swami,S.B. Swami,GIAN-NIDHI,Participant in GIAN Nidhi student project(s).,,Same name is merged only within the same institution; identical names at different institutions stay separate.
PER-GN-00659,person,P.S. Futane,P.S. Futane,GIAN-NIDHI,Participant in GIAN Nidhi student project(s).,,Same name is merged only within the same institution; identical names at different institutions stay separate.
PER-GN-00660,person,V. R. Purchunde,V. R. Purchunde,GIAN-NIDHI,Participant in GIAN Nidhi student project(s).,,Same name is merged only within the same institution; identical names at different institutions stay separate.
PRJ-0195,project,Automation of baby cradle mechanism,Automation of baby cradle mechanism,GIAN-NIDHI,GIAN Nidhi record 195,,
PER-GN-00661,person,Yogesh Kumar Kognole,Yogesh Kumar Kognole,GIAN-NIDHI,Participant in GIAN Nidhi student project(s).,,Same name is merged only within the same institution; identical names at different institutions stay separate.
PER-GN-00662,person,Swagat Vinod Kelkar,Swagat Vinod Kelkar,GIAN-NIDHI,Participant in GIAN Nidhi student project(s).,,Same name is merged only within the same institution; identical names at different institutions stay separate.
PER-GN-00663,person,Pravin Anil Sutar,Pravin Anil Sutar,GIAN-NIDHI,Participant in GIAN Nidhi student project(s).,,Same name is merged only within the same institution; identical names at different institutions stay separate.
PER-GN-00664,person,Kaustubh Nitin Ghodke,Kaustubh Nitin Ghodke,GIAN-NIDHI,Participant in GIAN Nidhi student project(s).,,Same name is merged only within the same institution; identical names at different institutions stay separate.
PRJ-0196,project,Performance analysis of solar operated two stage evaporatve coller,Performance analysis of solar operated two stage evaporatve coller,GIAN-NIDHI,GIAN Nidhi record 196,,
PER-GN-00665,person,Rakesh Sakharwade,Rakesh Sakharwade,GIAN-NIDHI,Participant in GIAN Nidhi student project(s).,,Same name is merged only within the same institution; identical names at different institutions stay separate.
PER-GN-00666,person,Parish Khobragade,Parish Khobragade,GIAN-NIDHI,Participant in GIAN Nidhi student project(s).,,Same name is merged only within the same institution; identical names at different institutions stay separate.
PER-GN-00667,person,Abhijit GajbhiyeAniket Khandar,Abhijit GajbhiyeAniket Khandar,GIAN-NIDHI,Participant in GIAN Nidhi student project(s).,,Same name is merged only within the same institution; identical names at different institutions stay separate.
PER-GN-00668,person,Pranal Patil,Pranal Patil,GIAN-NIDHI,Participant in GIAN Nidhi student project(s).,,Same name is merged only within the same institution; identical names at different institutions stay separate.
PER-GN-00669,person,Sushant Rawale,Sushant Rawale,GIAN-NIDHI,Participant in GIAN Nidhi student project(s).,,Same name is merged only within the same institution; identical names at different institutions stay separate.
PRJ-0197,project,IMGPRO,IMGPRO,GIAN-NIDHI,GIAN Nidhi record 197,,
PER-GN-00670,person,Hol Sagar Bhaskar,Hol Sagar Bhaskar,GIAN-NIDHI,Participant in GIAN Nidhi student project(s).,,Same name is merged only within the same institution; identical names at different institutions stay separate.
PER-GN-00671,person,Vaidya Samir Milind,Vaidya Samir Milind,GIAN-NIDHI,Participant in GIAN Nidhi student project(s).,,Same name is merged only within the same institution; identical names at different institutions stay separate.
PER-GN-00672,person,Pawar Bhavna Aanand,Pawar Bhavna Aanand,GIAN-NIDHI,Participant in GIAN Nidhi student project(s).,,Same name is merged only within the same institution; identical names at different institutions stay separate.
PER-GN-00673,person,Pakhare Neelam Dilip,Pakhare Neelam Dilip,GIAN-NIDHI,Participant in GIAN Nidhi student project(s).,,Same name is merged only within the same institution; identical names at different institutions stay separate.
PER-GN-00674,person,Pandit Nisha Prahlad,Pandit Nisha Prahlad,GIAN-NIDHI,Participant in GIAN Nidhi student project(s).,,Same name is merged only within the same institution; identical names at different institutions stay separate.
PER-GN-00675,person,Kumthekar Shruti Dilip,Kumthekar Shruti Dilip,GIAN-NIDHI,Participant in GIAN Nidhi student project(s).,,Same name is merged only within the same institution; identical names at different institutions stay separate.
PRJ-0198,project,multipurpose wheelchair friendly,multipurpose wheelchair friendly,GIAN-NIDHI,GIAN Nidhi record 198,,
PER-GN-00676,person,Kunal A. Deshmukh,Kunal A. Deshmukh,GIAN-NIDHI,Participant in GIAN Nidhi student project(s).,,Same name is merged only within the same institution; identical names at different institutions stay separate.
PER-GN-00677,person,Durgesh A. Lokhande,Durgesh A. Lokhande,GIAN-NIDHI,Participant in GIAN Nidhi student project(s).,,Same name is merged only within the same institution; identical names at different institutions stay separate.
PER-GN-00678,person,Bhavik K. Tank,Bhavik K. Tank,GIAN-NIDHI,Participant in GIAN Nidhi student project(s).,,Same name is merged only within the same institution; identical names at different institutions stay separate.
PRJ-0199,project,Oil Charcoal Silencer,Oil Charcoal Silencer,GIAN-NIDHI,GIAN Nidhi record 199,,
PER-GN-00679,person,Khule Praveen Jaggnath,Khule Praveen Jaggnath,GIAN-NIDHI,Participant in GIAN Nidhi student project(s).,,Same name is merged only within the same institution; identical names at different institutions stay separate.
PER-GN-00680,person,Jadhav manoj Vinod,Jadhav manoj Vinod,GIAN-NIDHI,Participant in GIAN Nidhi student project(s).,,Same name is merged only within the same institution; identical names at different institutions stay separate.
PER-GN-00681,person,Jadhav Sachin Gorakhnath,Jadhav Sachin Gorakhnath,GIAN-NIDHI,Participant in GIAN Nidhi student project(s).,,Same name is merged only within the same institution; identical names at different institutions stay separate.
PER-GN-00682,person,Salunke Jagdish Anilrao,Salunke Jagdish Anilrao,GIAN-NIDHI,Participant in GIAN Nidhi student project(s).,,Same name is merged only within the same institution; identical names at different institutions stay separate.
PER-GN-00683,person,Kaklij Manish Madhukar,Kaklij Manish Madhukar,GIAN-NIDHI,Participant in GIAN Nidhi student project(s).,,Same name is merged only within the same institution; identical names at different institutions stay separate.
PRJ-0200,project,Vacuum pick and place system,Vacuum pick and place system,GIAN-NIDHI,GIAN Nidhi record 200,,
PER-GN-00684,person,Vishwanath M. Longani,Vishwanath M. Longani,GIAN-NIDHI,Participant in GIAN Nidhi student project(s).,,Same name is merged only within the same institution; identical names at different institutions stay separate.
PER-GN-00685,person,Madanlal R. Longani,Madanlal R. Longani,GIAN-NIDHI,Participant in GIAN Nidhi student project(s).,,Same name is merged only within the same institution; identical names at different institutions stay separate.
PER-GN-00686,person,Shrvankumar N. Pusala,Shrvankumar N. Pusala,GIAN-NIDHI,Participant in GIAN Nidhi student project(s).,,Same name is merged only within the same institution; identical names at different institutions stay separate.
PER-GN-00687,person,Yogesh Y. Nimse,Yogesh Y. Nimse,GIAN-NIDHI,Participant in GIAN Nidhi student project(s).,,Same name is merged only within the same institution; identical names at different institutions stay separate.
PER-GN-00688,person,Anil R. Sonwane,Anil R. Sonwane,GIAN-NIDHI,Participant in GIAN Nidhi student project(s).,,Same name is merged only within the same institution; identical names at different institutions stay separate.
PRJ-0201,project,Wireless temperature sensing & controlling,Wireless temperature sensing & controlling,GIAN-NIDHI,GIAN Nidhi record 201,,
PER-GN-00689,person,Amey J. Keshkamat,Amey J. Keshkamat,GIAN-NIDHI,Participant in GIAN Nidhi student project(s).,,Same name is merged only within the same institution; identical names at different institutions stay separate.
PER-GN-00690,person,Pankaj P. Badhe,Pankaj P. Badhe,GIAN-NIDHI,Participant in GIAN Nidhi student project(s).,,Same name is merged only within the same institution; identical names at different institutions stay separate.
PER-GN-00691,person,Vishal Doshi,Vishal Doshi,GIAN-NIDHI,Participant in GIAN Nidhi student project(s).,,Same name is merged only within the same institution; identical names at different institutions stay separate.
PER-GN-00692,person,Viraj Khedekar,Viraj Khedekar,GIAN-NIDHI,Participant in GIAN Nidhi student project(s).,,Same name is merged only within the same institution; identical names at different institutions stay separate.
PRJ-0202,project,Digital Heartbeat Monitoring System,Digital Heartbeat Monitoring System,GIAN-NIDHI,GIAN Nidhi record 202,,
PER-GN-00693,person,Manas M. Kapoor,Manas M. Kapoor,GIAN-NIDHI,Participant in GIAN Nidhi student project(s).,,Same name is merged only within the same institution; identical names at different institutions stay separate.
PER-GN-00694,person,Ashwin M. Panikkar,Ashwin M. Panikkar,GIAN-NIDHI,Participant in GIAN Nidhi student project(s).,,Same name is merged only within the same institution; identical names at different institutions stay separate.
PER-GN-00695,person,Prathamesh P. Shirwadkar,Prathamesh P. Shirwadkar,GIAN-NIDHI,Participant in GIAN Nidhi student project(s).,,Same name is merged only within the same institution; identical names at different institutions stay separate.
PER-GN-00696,person,Sahaj Dharmaraj,Sahaj Dharmaraj,GIAN-NIDHI,Participant in GIAN Nidhi student project(s).,,Same name is merged only within the same institution; identical names at different institutions stay separate.
PRJ-0203,project,Betel Nut Grinding Machine,Betel Nut Grinding Machine,GIAN-NIDHI,GIAN Nidhi record 203,,
PER-GN-00697,person,Mistri Samir Bhailalbhai,Mistri Samir Bhailalbhai,GIAN-NIDHI,Participant in GIAN Nidhi student project(s).,,Same name is merged only within the same institution; identical names at different institutions stay separate.
PER-GN-00698,person,Mistri Rahul Bhailalbhai,Mistri Rahul Bhailalbhai,GIAN-NIDHI,Participant in GIAN Nidhi student project(s).,,Same name is merged only within the same institution; identical names at different institutions stay separate.
PER-GN-00699,person,Patel Divyesh Chandrakant,Patel Divyesh Chandrakant,GIAN-NIDHI,Participant in GIAN Nidhi student project(s).,,Same name is merged only within the same institution; identical names at different institutions stay separate.
PER-GN-00700,person,Mistri Chintan Maheshbhai,Mistri Chintan Maheshbhai,GIAN-NIDHI,Participant in GIAN Nidhi student project(s).,,Same name is merged only within the same institution; identical names at different institutions stay separate.
PER-GN-00701,person,Tandel Jignesh Maganbhai,Tandel Jignesh Maganbhai,GIAN-NIDHI,Participant in GIAN Nidhi student project(s).,,Same name is merged only within the same institution; identical names at different institutions stay separate.
PER-GN-00702,person,Karbhari Harshad Panditrao,Karbhari Harshad Panditrao,GIAN-NIDHI,Participant in GIAN Nidhi student project(s).,,Same name is merged only within the same institution; identical names at different institutions stay separate.
PRJ-0204,project,Spring Jack,Spring Jack,GIAN-NIDHI,GIAN Nidhi record 204,,
PER-GN-00703,person,Gawali Ajit Ramesh,Gawali Ajit Ramesh,GIAN-NIDHI,Participant in GIAN Nidhi student project(s).,,Same name is merged only within the same institution; identical names at different institutions stay separate.
PER-GN-00704,person,Devkar Rajendra Dadasaheb,Devkar Rajendra Dadasaheb,GIAN-NIDHI,Participant in GIAN Nidhi student project(s).,,Same name is merged only within the same institution; identical names at different institutions stay separate.
PER-GN-00705,person,Chandgude Amol Shriram,Chandgude Amol Shriram,GIAN-NIDHI,Participant in GIAN Nidhi student project(s).,,Same name is merged only within the same institution; identical names at different institutions stay separate.
PER-GN-00706,person,Deshmukh Rahul Ashokrao,Deshmukh Rahul Ashokrao,GIAN-NIDHI,Participant in GIAN Nidhi student project(s).,,Same name is merged only within the same institution; identical names at different institutions stay separate.
PER-GN-00707,person,Pawar Sagar Vijay,Pawar Sagar Vijay,GIAN-NIDHI,Participant in GIAN Nidhi student project(s).,,Same name is merged only within the same institution; identical names at different institutions stay separate.
PER-GN-00708,person,Dhakane Shrikant Ambadas,Dhakane Shrikant Ambadas,GIAN-NIDHI,Participant in GIAN Nidhi student project(s).,,Same name is merged only within the same institution; identical names at different institutions stay separate.
PRJ-0205,project,Mobile Trolley Control Using Rf Transmitter And Receiver,Mobile Trolley Control Using Rf Transmitter And Receiver,GIAN-NIDHI,GIAN Nidhi record 205,,
PER-GN-00709,person,Undirwadkar Harshal Avinash,Undirwadkar Harshal Avinash,GIAN-NIDHI,Participant in GIAN Nidhi student project(s).,,Same name is merged only within the same institution; identical names at different institutions stay separate.
PER-GN-00710,person,Patil Nilendra Bharat,Patil Nilendra Bharat,GIAN-NIDHI,Participant in GIAN Nidhi student project(s).,,Same name is merged only within the same institution; identical names at different institutions stay separate.
PER-GN-00711,person,Jijurkar Viresh Babanrao,Jijurkar Viresh Babanrao,GIAN-NIDHI,Participant in GIAN Nidhi student project(s).,,Same name is merged only within the same institution; identical names at different institutions stay separate.
PER-GN-00712,person,Patil Neelam Jibhau,Patil Neelam Jibhau,GIAN-NIDHI,Participant in GIAN Nidhi student project(s).,,Same name is merged only within the same institution; identical names at different institutions stay separate.
PRJ-0206,project,Microcontroller Based Weighing Machine,Microcontroller Based Weighing Machine,GIAN-NIDHI,GIAN Nidhi record 206,,
PER-GN-00713,person,Tejas N.Varsekar,Tejas N.Varsekar,GIAN-NIDHI,Participant in GIAN Nidhi student project(s).,,Same name is merged only within the same institution; identical names at different institutions stay separate.
PER-GN-00714,person,Nitin D. Shetty,Nitin D. Shetty,GIAN-NIDHI,Participant in GIAN Nidhi student project(s).,,Same name is merged only within the same institution; identical names at different institutions stay separate.
PER-GN-00715,person,Amit C. Shukla,Amit C. Shukla,GIAN-NIDHI,Participant in GIAN Nidhi student project(s).,,Same name is merged only within the same institution; identical names at different institutions stay separate.
PER-GN-00716,person,Sudhanshu A. Upadhay,Sudhanshu A. Upadhay,GIAN-NIDHI,Participant in GIAN Nidhi student project(s).,,Same name is merged only within the same institution; identical names at different institutions stay separate.
PRJ-0207,project,Visitor's Monitoring System,Visitor's Monitoring System,GIAN-NIDHI,GIAN Nidhi record 207,,
PER-GN-00717,person,Imram Patel,Imram Patel,GIAN-NIDHI,Participant in GIAN Nidhi student project(s).,,Same name is merged only within the same institution; identical names at different institutions stay separate.
PER-GN-00718,person,Deepah Chandagude,Deepah Chandagude,GIAN-NIDHI,Participant in GIAN Nidhi student project(s).,,Same name is merged only within the same institution; identical names at different institutions stay separate.
PER-GN-00719,person,Mosin g. shekh,Mosin g. shekh,GIAN-NIDHI,Participant in GIAN Nidhi student project(s).,,Same name is merged only within the same institution; identical names at different institutions stay separate.
PER-GN-00720,person,Kedar Dalavi,Kedar Dalavi,GIAN-NIDHI,Participant in GIAN Nidhi student project(s).,,Same name is merged only within the same institution; identical names at different institutions stay separate.
PRJ-0208,project,Based Equipment Switching,Based Equipment Switching,GIAN-NIDHI,GIAN Nidhi record 208,,
PER-GN-00721,person,Jadhav Surekha,Jadhav Surekha,GIAN-NIDHI,Participant in GIAN Nidhi student project(s).,,Same name is merged only within the same institution; identical names at different institutions stay separate.
PER-GN-00722,person,hinde anita,hinde anita,GIAN-NIDHI,Participant in GIAN Nidhi student project(s).,,Same name is merged only within the same institution; identical names at different institutions stay separate.
PER-GN-00723,person,Kalyanakar Ashvini,Kalyanakar Ashvini,GIAN-NIDHI,Participant in GIAN Nidhi student project(s).,,Same name is merged only within the same institution; identical names at different institutions stay separate.
PER-GN-00724,person,Birajadar Deepali,Birajadar Deepali,GIAN-NIDHI,Participant in GIAN Nidhi student project(s).,,Same name is merged only within the same institution; identical names at different institutions stay separate.
PRJ-0209,project,Based Equipment Switching,Based Equipment Switching,GIAN-NIDHI,GIAN Nidhi record 209,,
PRJ-0210,project,Conversion of VB (Design) into Java code,Conversion of VB (Design) into Java code,GIAN-NIDHI,GIAN Nidhi record 210,,
PER-GN-00725,person,Gaidhankar Deepak,Gaidhankar Deepak,GIAN-NIDHI,Participant in GIAN Nidhi student project(s).,,Same name is merged only within the same institution; identical names at different institutions stay separate.
PER-GN-00726,person,Deshmukh Vijay,Deshmukh Vijay,GIAN-NIDHI,Participant in GIAN Nidhi student project(s).,,Same name is merged only within the same institution; identical names at different institutions stay separate.
PER-GN-00727,person,Mohole tejas,Mohole tejas,GIAN-NIDHI,Participant in GIAN Nidhi student project(s).,,Same name is merged only within the same institution; identical names at different institutions stay separate.
PER-GN-00728,person,Upare Amrut,Upare Amrut,GIAN-NIDHI,Participant in GIAN Nidhi student project(s).,,Same name is merged only within the same institution; identical names at different institutions stay separate.
PER-GN-00729,person,Tengale,Tengale,GIAN-NIDHI,Participant in GIAN Nidhi student project(s).,,Same name is merged only within the same institution; identical names at different institutions stay separate.
PER-GN-00730,person,Sidheshwar,Sidheshwar,GIAN-NIDHI,Participant in GIAN Nidhi student project(s).,,Same name is merged only within the same institution; identical names at different institutions stay separate.
PER-GN-00731,person,Madiwal Shreenivas,Madiwal Shreenivas,GIAN-NIDHI,Participant in GIAN Nidhi student project(s).,,Same name is merged only within the same institution; identical names at different institutions stay separate.
PRJ-0211,project,PC Energy Meter,PC Energy Meter,GIAN-NIDHI,GIAN Nidhi record 211,,
PER-GN-00732,person,Mali Santshkumar,Mali Santshkumar,GIAN-NIDHI,Participant in GIAN Nidhi student project(s).,,Same name is merged only within the same institution; identical names at different institutions stay separate.
PER-GN-00733,person,Dushing Rahul,Dushing Rahul,GIAN-NIDHI,Participant in GIAN Nidhi student project(s).,,Same name is merged only within the same institution; identical names at different institutions stay separate.
PER-GN-00734,person,Lokhande Ratan,Lokhande Ratan,GIAN-NIDHI,Participant in GIAN Nidhi student project(s).,,Same name is merged only within the same institution; identical names at different institutions stay separate.
PER-GN-00735,person,Shete Shivaprasad,Shete Shivaprasad,GIAN-NIDHI,Participant in GIAN Nidhi student project(s).,,Same name is merged only within the same institution; identical names at different institutions stay separate.
PER-GN-00736,person,Kulakarni Akshay,Kulakarni Akshay,GIAN-NIDHI,Participant in GIAN Nidhi student project(s).,,Same name is merged only within the same institution; identical names at different institutions stay separate.
PER-GN-00737,person,Dharmadhikari Saurabh,Dharmadhikari Saurabh,GIAN-NIDHI,Participant in GIAN Nidhi student project(s).,,Same name is merged only within the same institution; identical names at different institutions stay separate.
PRJ-0212,project,Speech Controlled Robot,Speech Controlled Robot,GIAN-NIDHI,GIAN Nidhi record 212,,
PER-GN-00738,person,Kadam Vaibhav,Kadam Vaibhav,GIAN-NIDHI,Participant in GIAN Nidhi student project(s).,,Same name is merged only within the same institution; identical names at different institutions stay separate.
PER-GN-00739,person,Sujit Chaudhari,Sujit Chaudhari,GIAN-NIDHI,Participant in GIAN Nidhi student project(s).,,Same name is merged only within the same institution; identical names at different institutions stay separate.
PRJ-0213,project,PC Automated Shop,PC Automated Shop,GIAN-NIDHI,GIAN Nidhi record 213,,
PER-GN-00740,person,Vanakar Roshani,Vanakar Roshani,GIAN-NIDHI,Participant in GIAN Nidhi student project(s).,,Same name is merged only within the same institution; identical names at different institutions stay separate.
PER-GN-00741,person,Patel Alapi,Patel Alapi,GIAN-NIDHI,Participant in GIAN Nidhi student project(s).,,Same name is merged only within the same institution; identical names at different institutions stay separate.
PER-GN-00742,person,Patel Ami,Patel Ami,GIAN-NIDHI,Participant in GIAN Nidhi student project(s).,,Same name is merged only within the same institution; identical names at different institutions stay separate.
PER-GN-00743,person,Patil Rashmi,Patil Rashmi,GIAN-NIDHI,Participant in GIAN Nidhi student project(s).,,Same name is merged only within the same institution; identical names at different institutions stay separate.
PER-GN-00744,person,Sanghavi Sidhi,Sanghavi Sidhi,GIAN-NIDHI,Participant in GIAN Nidhi student project(s).,,Same name is merged only within the same institution; identical names at different institutions stay separate.
PRJ-0214,project,Data fortification,Data fortification,GIAN-NIDHI,GIAN Nidhi record 214,,
PER-GN-00745,person,Rana Viraj,Rana Viraj,GIAN-NIDHI,Participant in GIAN Nidhi student project(s).,,Same name is merged only within the same institution; identical names at different institutions stay separate.
PER-GN-00746,person,Bagmar Kushal,Bagmar Kushal,GIAN-NIDHI,Participant in GIAN Nidhi student project(s).,,Same name is merged only within the same institution; identical names at different institutions stay separate.
PER-GN-00747,person,Salanke Yogesh,Salanke Yogesh,GIAN-NIDHI,Participant in GIAN Nidhi student project(s).,,Same name is merged only within the same institution; identical names at different institutions stay separate.
PER-GN-00748,person,Boraste Abhijit,Boraste Abhijit,GIAN-NIDHI,Participant in GIAN Nidhi student project(s).,,Same name is merged only within the same institution; identical names at different institutions stay separate.
PRJ-0215,project,Mars Pathfinder Robotic Rover,Mars Pathfinder Robotic Rover,GIAN-NIDHI,GIAN Nidhi record 215,,
PER-GN-00749,person,Bhujabal Aboli,Bhujabal Aboli,GIAN-NIDHI,Participant in GIAN Nidhi student project(s).,,Same name is merged only within the same institution; identical names at different institutions stay separate.
PRJ-0216,project,Font Processor,Font Processor,GIAN-NIDHI,GIAN Nidhi record 216,,
PER-GN-00750,person,Ajay Kumar Garg,Ajay Kumar Garg,GIAN-NIDHI,Participant in GIAN Nidhi student project(s).,,Same name is merged only within the same institution; identical names at different institutions stay separate.
PRJ-0217,project,SEISMO +,SEISMO +,GIAN-NIDHI,GIAN Nidhi record 217,,
PER-GN-00751,person,Bildikar Amruta,Bildikar Amruta,GIAN-NIDHI,Participant in GIAN Nidhi student project(s).,,Same name is merged only within the same institution; identical names at different institutions stay separate.
PRJ-0218,project,EEPPROM Copyer and Verifier and writer and Reader Though pc,EEPPROM Copyer and Verifier and writer and Reader Though pc,GIAN-NIDHI,GIAN Nidhi record 218,,
PER-GN-00752,person,Vanaskar Vinay,Vanaskar Vinay,GIAN-NIDHI,Participant in GIAN Nidhi student project(s).,,Same name is merged only within the same institution; identical names at different institutions stay separate.
PER-GN-00753,person,Bhagat Harish,Bhagat Harish,GIAN-NIDHI,Participant in GIAN Nidhi student project(s).,,Same name is merged only within the same institution; identical names at different institutions stay separate.
PER-GN-00754,person,Waghmare Sneha,Waghmare Sneha,GIAN-NIDHI,Participant in GIAN Nidhi student project(s).,,Same name is merged only within the same institution; identical names at different institutions stay separate.
PER-GN-00755,person,Munne CharuShila,Munne CharuShila,GIAN-NIDHI,Participant in GIAN Nidhi student project(s).,,Same name is merged only within the same institution; identical names at different institutions stay separate.
PRJ-0219,project,Computerized Paper Tester,Computerized Paper Tester,GIAN-NIDHI,GIAN Nidhi record 219,,
PER-GN-00756,person,Dev Devang,Dev Devang,GIAN-NIDHI,Participant in GIAN Nidhi student project(s).,,Same name is merged only within the same institution; identical names at different institutions stay separate.
PER-GN-00757,person,Hiral Patel,Hiral Patel,GIAN-NIDHI,Participant in GIAN Nidhi student project(s).,,Same name is merged only within the same institution; identical names at different institutions stay separate.
PER-GN-00758,person,Jigar Pandya,Jigar Pandya,GIAN-NIDHI,Participant in GIAN Nidhi student project(s).,,Same name is merged only within the same institution; identical names at different institutions stay separate.
PER-GN-00759,person,Ankit Nandu,Ankit Nandu,GIAN-NIDHI,Participant in GIAN Nidhi student project(s).,,Same name is merged only within the same institution; identical names at different institutions stay separate.
PRJ-0220,project,Private Branch exchange (PBX) Simulation.,Private Branch exchange (PBX) Simulation.,GIAN-NIDHI,GIAN Nidhi record 220,,
PER-GN-00760,person,Shah Savita,Shah Savita,GIAN-NIDHI,Participant in GIAN Nidhi student project(s).,,Same name is merged only within the same institution; identical names at different institutions stay separate.
PER-GN-00761,person,Jaju Snehal,Jaju Snehal,GIAN-NIDHI,Participant in GIAN Nidhi student project(s).,,Same name is merged only within the same institution; identical names at different institutions stay separate.
PER-GN-00762,person,Runawal Pratiksha,Runawal Pratiksha,GIAN-NIDHI,Participant in GIAN Nidhi student project(s).,,Same name is merged only within the same institution; identical names at different institutions stay separate.
PER-GN-00763,person,Tapkir Supriya,Tapkir Supriya,GIAN-NIDHI,Participant in GIAN Nidhi student project(s).,,Same name is merged only within the same institution; identical names at different institutions stay separate.
PRJ-0221,project,PC based unman bus monitoring,PC based unman bus monitoring,GIAN-NIDHI,GIAN Nidhi record 221,,
PER-GN-00764,person,Nehe Kiran,Nehe Kiran,GIAN-NIDHI,Participant in GIAN Nidhi student project(s).,,Same name is merged only within the same institution; identical names at different institutions stay separate.
PER-GN-00765,person,Mandalik Sachin,Mandalik Sachin,GIAN-NIDHI,Participant in GIAN Nidhi student project(s).,,Same name is merged only within the same institution; identical names at different institutions stay separate.
PER-GN-00766,person,Shelake Tanhaji,Shelake Tanhaji,GIAN-NIDHI,Participant in GIAN Nidhi student project(s).,,Same name is merged only within the same institution; identical names at different institutions stay separate.
PRJ-0222,project,PC access controller and task scheduler package,PC access controller and task scheduler package,GIAN-NIDHI,GIAN Nidhi record 222,,
PER-GN-00767,person,Pwara Kent,Pwara Kent,GIAN-NIDHI,Participant in GIAN Nidhi student project(s).,,Same name is merged only within the same institution; identical names at different institutions stay separate.
PER-GN-00768,person,Mamidi Naresh,Mamidi Naresh,GIAN-NIDHI,Participant in GIAN Nidhi student project(s).,,Same name is merged only within the same institution; identical names at different institutions stay separate.
PRJ-0223,project,Veri-Finger Crime Detector,Veri-Finger Crime Detector,GIAN-NIDHI,GIAN Nidhi record 223,,
PER-GN-00769,person,Patel Mihir,Patel Mihir,GIAN-NIDHI,Participant in GIAN Nidhi student project(s).,,Same name is merged only within the same institution; identical names at different institutions stay separate.
PER-GN-00770,person,Patel Rajan,Patel Rajan,GIAN-NIDHI,Participant in GIAN Nidhi student project(s).,,Same name is merged only within the same institution; identical names at different institutions stay separate.
PER-GN-00771,person,hemali Desai,hemali Desai,GIAN-NIDHI,Participant in GIAN Nidhi student project(s).,,Same name is merged only within the same institution; identical names at different institutions stay separate.
PER-GN-00772,person,Khokhari Peeyush,Khokhari Peeyush,GIAN-NIDHI,Participant in GIAN Nidhi student project(s).,,Same name is merged only within the same institution; identical names at different institutions stay separate.
PRJ-0224,project,3-D object optimization and recognition,3-D object optimization and recognition,GIAN-NIDHI,GIAN Nidhi record 224,,
PER-GN-00773,person,Mukharji Manzil,Mukharji Manzil,GIAN-NIDHI,Participant in GIAN Nidhi student project(s).,,Same name is merged only within the same institution; identical names at different institutions stay separate.
PER-GN-00774,person,Ali Afasar,Ali Afasar,GIAN-NIDHI,Participant in GIAN Nidhi student project(s).,,Same name is merged only within the same institution; identical names at different institutions stay separate.
PER-GN-00775,person,Rathi Kushal,Rathi Kushal,GIAN-NIDHI,Participant in GIAN Nidhi student project(s).,,Same name is merged only within the same institution; identical names at different institutions stay separate.
PER-GN-00776,person,Sinh Pushpendra,Sinh Pushpendra,GIAN-NIDHI,Participant in GIAN Nidhi student project(s).,,Same name is merged only within the same institution; identical names at different institutions stay separate.
PRJ-0225,project,Re-programmable Remote Control for PC,Re-programmable Remote Control for PC,GIAN-NIDHI,GIAN Nidhi record 225,,
PER-GN-00777,person,Rahate Nikhil,Rahate Nikhil,GIAN-NIDHI,Participant in GIAN Nidhi student project(s).,,Same name is merged only within the same institution; identical names at different institutions stay separate.
PER-GN-00778,person,Khanorakar Ashutosh,Khanorakar Ashutosh,GIAN-NIDHI,Participant in GIAN Nidhi student project(s).,,Same name is merged only within the same institution; identical names at different institutions stay separate.
PER-GN-00779,person,Bhardwaj Utkarsh,Bhardwaj Utkarsh,GIAN-NIDHI,Participant in GIAN Nidhi student project(s).,,Same name is merged only within the same institution; identical names at different institutions stay separate.
PER-GN-00780,person,Kumar Vikas,Kumar Vikas,GIAN-NIDHI,Participant in GIAN Nidhi student project(s).,,Same name is merged only within the same institution; identical names at different institutions stay separate.
PER-GN-00781,person,Dadawal Harvindar,Dadawal Harvindar,GIAN-NIDHI,Participant in GIAN Nidhi student project(s).,,Same name is merged only within the same institution; identical names at different institutions stay separate.
PRJ-0226,project,PC Sentry,PC Sentry,GIAN-NIDHI,GIAN Nidhi record 226,,
PER-GN-00782,person,Chaugule Harshad Annaso,Chaugule Harshad Annaso,GIAN-NIDHI,Participant in GIAN Nidhi student project(s).,,Same name is merged only within the same institution; identical names at different institutions stay separate.
PER-GN-00783,person,Bhatter Paritosh Shankar,Bhatter Paritosh Shankar,GIAN-NIDHI,Participant in GIAN Nidhi student project(s).,,Same name is merged only within the same institution; identical names at different institutions stay separate.
PER-GN-00784,person,Jadhav Manojkumar Mohan,Jadhav Manojkumar Mohan,GIAN-NIDHI,Participant in GIAN Nidhi student project(s).,,Same name is merged only within the same institution; identical names at different institutions stay separate.
PER-GN-00785,person,Latwade Chetan Appasaheb,Latwade Chetan Appasaheb,GIAN-NIDHI,Participant in GIAN Nidhi student project(s).,,Same name is merged only within the same institution; identical names at different institutions stay separate.
PER-GN-00786,person,Pawar Smita Nivrutti,Pawar Smita Nivrutti,GIAN-NIDHI,Participant in GIAN Nidhi student project(s).,,Same name is merged only within the same institution; identical names at different institutions stay separate.
PRJ-0227,project,Task Reminder & Manager,Task Reminder & Manager,GIAN-NIDHI,GIAN Nidhi record 227,,
PER-GN-00787,person,Powar Ranjeet D,Powar Ranjeet D,GIAN-NIDHI,Participant in GIAN Nidhi student project(s).,,Same name is merged only within the same institution; identical names at different institutions stay separate.
PER-GN-00788,person,Wadekar Manoj S,Wadekar Manoj S,GIAN-NIDHI,Participant in GIAN Nidhi student project(s).,,Same name is merged only within the same institution; identical names at different institutions stay separate.
PER-GN-00789,person,Yewale Sopan B,Yewale Sopan B,GIAN-NIDHI,Participant in GIAN Nidhi student project(s).,,Same name is merged only within the same institution; identical names at different institutions stay separate.
PRJ-0228,project,A Smart Technology Approach for Toll Tax Collection.,A Smart Technology Approach for Toll Tax Collection.,GIAN-NIDHI,GIAN Nidhi record 228,,
PER-GN-00790,person,Atul Kanade,Atul Kanade,GIAN-NIDHI,Participant in GIAN Nidhi student project(s).,,Same name is merged only within the same institution; identical names at different institutions stay separate.
PER-GN-00791,person,Vipul Tiwari,Vipul Tiwari,GIAN-NIDHI,Participant in GIAN Nidhi student project(s).,,Same name is merged only within the same institution; identical names at different institutions stay separate.
PER-GN-00792,person,Vijay Jain,Vijay Jain,GIAN-NIDHI,Participant in GIAN Nidhi student project(s).,,Same name is merged only within the same institution; identical names at different institutions stay separate.
PER-GN-00793,person,Niladri Roy,Niladri Roy,GIAN-NIDHI,Participant in GIAN Nidhi student project(s).,,Same name is merged only within the same institution; identical names at different institutions stay separate.
PRJ-0229,project,SOFTWARE DEVELOPMENT FOR CALL CENTERS,SOFTWARE DEVELOPMENT FOR CALL CENTERS,GIAN-NIDHI,GIAN Nidhi record 229,,
PER-GN-00794,person,Mhatre Hitesh,Mhatre Hitesh,GIAN-NIDHI,Participant in GIAN Nidhi student project(s).,,Same name is merged only within the same institution; identical names at different institutions stay separate.
PER-GN-00795,person,Panchal Bhavesh,Panchal Bhavesh,GIAN-NIDHI,Participant in GIAN Nidhi student project(s).,,Same name is merged only within the same institution; identical names at different institutions stay separate.
PRJ-0230,project,FM based data transmission to control remote application,FM based data transmission to control remote application,GIAN-NIDHI,GIAN Nidhi record 230,,
PER-GN-00796,person,Agrawal Vishal Kishor,Agrawal Vishal Kishor,GIAN-NIDHI,Participant in GIAN Nidhi student project(s).,,Same name is merged only within the same institution; identical names at different institutions stay separate.
PRJ-0231,project,Password Cracking,Password Cracking,GIAN-NIDHI,GIAN Nidhi record 231,,
PER-GN-00797,person,Gohil Ruchi,Gohil Ruchi,GIAN-NIDHI,Participant in GIAN Nidhi student project(s).,,Same name is merged only within the same institution; identical names at different institutions stay separate.
PER-GN-00798,person,Patel Hital,Patel Hital,GIAN-NIDHI,Participant in GIAN Nidhi student project(s).,,Same name is merged only within the same institution; identical names at different institutions stay separate.
PER-GN-00799,person,Hire Dipika,Hire Dipika,GIAN-NIDHI,Participant in GIAN Nidhi student project(s).,,Same name is merged only within the same institution; identical names at different institutions stay separate.
PRJ-0232,project,Versatile Oxygen Measurement In Breath,Versatile Oxygen Measurement In Breath,GIAN-NIDHI,GIAN Nidhi record 232,,
PER-GN-00800,person,Vaktana Hemagi,Vaktana Hemagi,GIAN-NIDHI,Participant in GIAN Nidhi student project(s).,,Same name is merged only within the same institution; identical names at different institutions stay separate.
PER-GN-00801,person,Sagvekar Akshata,Sagvekar Akshata,GIAN-NIDHI,Participant in GIAN Nidhi student project(s).,,Same name is merged only within the same institution; identical names at different institutions stay separate.
PER-GN-00802,person,Patil Rashmi,Patil Rashmi,GIAN-NIDHI,Participant in GIAN Nidhi student project(s).,,Same name is merged only within the same institution; identical names at different institutions stay separate.
PER-GN-00803,person,Mathe Jashree,Mathe Jashree,GIAN-NIDHI,Participant in GIAN Nidhi student project(s).,,Same name is merged only within the same institution; identical names at different institutions stay separate.
PER-GN-00804,person,Pagdhre Revati,Pagdhre Revati,GIAN-NIDHI,Participant in GIAN Nidhi student project(s).,,Same name is merged only within the same institution; identical names at different institutions stay separate.
PRJ-0233,project,Software Based Digital Training Kit,Software Based Digital Training Kit,GIAN-NIDHI,GIAN Nidhi record 233,,
PER-GN-00805,person,Neurgaonkar Kapil,Neurgaonkar Kapil,GIAN-NIDHI,Participant in GIAN Nidhi student project(s).,,Same name is merged only within the same institution; identical names at different institutions stay separate.
PER-GN-00806,person,Rakade Rahul,Rakade Rahul,GIAN-NIDHI,Participant in GIAN Nidhi student project(s).,,Same name is merged only within the same institution; identical names at different institutions stay separate.
PER-GN-00807,person,Dharmadhikari Kanchan,Dharmadhikari Kanchan,GIAN-NIDHI,Participant in GIAN Nidhi student project(s).,,Same name is merged only within the same institution; identical names at different institutions stay separate.
PRJ-0234,project,Microcontroller based Intelligent Signaling System,Microcontroller based Intelligent Signaling System,GIAN-NIDHI,GIAN Nidhi record 234,,
PER-GN-00808,person,Hole shubhangi,Hole shubhangi,GIAN-NIDHI,Participant in GIAN Nidhi student project(s).,,Same name is merged only within the same institution; identical names at different institutions stay separate.
PER-GN-00809,person,Shinde Asha,Shinde Asha,GIAN-NIDHI,Participant in GIAN Nidhi student project(s).,,Same name is merged only within the same institution; identical names at different institutions stay separate.
PER-GN-00810,person,Sambhudas Aparajita,Sambhudas Aparajita,GIAN-NIDHI,Participant in GIAN Nidhi student project(s).,,Same name is merged only within the same institution; identical names at different institutions stay separate.
PER-GN-00811,person,Shekh Parveen,Shekh Parveen,GIAN-NIDHI,Participant in GIAN Nidhi student project(s).,,Same name is merged only within the same institution; identical names at different institutions stay separate.
PRJ-0235,project,Virtual Keyboard cum Mouse,Virtual Keyboard cum Mouse,GIAN-NIDHI,GIAN Nidhi record 235,,
PER-GN-00812,person,Patil Nkul,Patil Nkul,GIAN-NIDHI,Participant in GIAN Nidhi student project(s).,,Same name is merged only within the same institution; identical names at different institutions stay separate.
PER-GN-00813,person,Sinalkar Swanand,Sinalkar Swanand,GIAN-NIDHI,Participant in GIAN Nidhi student project(s).,,Same name is merged only within the same institution; identical names at different institutions stay separate.
PER-GN-00814,person,Bora Pritesh,Bora Pritesh,GIAN-NIDHI,Participant in GIAN Nidhi student project(s).,,Same name is merged only within the same institution; identical names at different institutions stay separate.
PER-GN-00815,person,Hwaldar Samir,Hwaldar Samir,GIAN-NIDHI,Participant in GIAN Nidhi student project(s).,,Same name is merged only within the same institution; identical names at different institutions stay separate.
PER-GN-00816,person,Nikam Vinayak,Nikam Vinayak,GIAN-NIDHI,Participant in GIAN Nidhi student project(s).,,Same name is merged only within the same institution; identical names at different institutions stay separate.
PER-GN-00817,person,Suryavanshi Sachin,Suryavanshi Sachin,GIAN-NIDHI,Participant in GIAN Nidhi student project(s).,,Same name is merged only within the same institution; identical names at different institutions stay separate.
PRJ-0236,project,Computerised Voting Using Lan,Computerised Voting Using Lan,GIAN-NIDHI,GIAN Nidhi record 236,,
PER-GN-00818,person,Late Kailas,Late Kailas,GIAN-NIDHI,Participant in GIAN Nidhi student project(s).,,Same name is merged only within the same institution; identical names at different institutions stay separate.
PER-GN-00819,person,Bodade Bharat,Bodade Bharat,GIAN-NIDHI,Participant in GIAN Nidhi student project(s).,,Same name is merged only within the same institution; identical names at different institutions stay separate.
PER-GN-00820,person,Disale Sushant,Disale Sushant,GIAN-NIDHI,Participant in GIAN Nidhi student project(s).,,Same name is merged only within the same institution; identical names at different institutions stay separate.
PER-GN-00821,person,Thakare Shivaji,Thakare Shivaji,GIAN-NIDHI,Participant in GIAN Nidhi student project(s).,,Same name is merged only within the same institution; identical names at different institutions stay separate.
PRJ-0237,project,TELEMETRY,TELEMETRY,GIAN-NIDHI,GIAN Nidhi record 237,,
PER-GN-00822,person,Pedanekar Sakent,Pedanekar Sakent,GIAN-NIDHI,Participant in GIAN Nidhi student project(s).,,Same name is merged only within the same institution; identical names at different institutions stay separate.
PER-GN-00823,person,Dhandhukai Davesh,Dhandhukai Davesh,GIAN-NIDHI,Participant in GIAN Nidhi student project(s).,,Same name is merged only within the same institution; identical names at different institutions stay separate.
PER-GN-00824,person,Sayed Mamoon,Sayed Mamoon,GIAN-NIDHI,Participant in GIAN Nidhi student project(s).,,Same name is merged only within the same institution; identical names at different institutions stay separate.
PER-GN-00825,person,Ansari Farid,Ansari Farid,GIAN-NIDHI,Participant in GIAN Nidhi student project(s).,,Same name is merged only within the same institution; identical names at different institutions stay separate.
PRJ-0238,project,Training Cellular Automata For Image Processing,Training Cellular Automata For Image Processing,GIAN-NIDHI,GIAN Nidhi record 238,,
PER-GN-00826,person,Thakare Ashwini,Thakare Ashwini,GIAN-NIDHI,Participant in GIAN Nidhi student project(s).,,Same name is merged only within the same institution; identical names at different institutions stay separate.
PER-GN-00827,person,Nimodiya Radhika,Nimodiya Radhika,GIAN-NIDHI,Participant in GIAN Nidhi student project(s).,,Same name is merged only within the same institution; identical names at different institutions stay separate.
PER-GN-00828,person,Kharbade Hemant,Kharbade Hemant,GIAN-NIDHI,Participant in GIAN Nidhi student project(s).,,Same name is merged only within the same institution; identical names at different institutions stay separate.
PER-GN-00829,person,Lokhande Yogesh,Lokhande Yogesh,GIAN-NIDHI,Participant in GIAN Nidhi student project(s).,,Same name is merged only within the same institution; identical names at different institutions stay separate.
PRJ-0239,project,XML Based Databate Management System,XML Based Databate Management System,GIAN-NIDHI,GIAN Nidhi record 239,,
PER-GN-00830,person,Kale Amruta Ramesh,Kale Amruta Ramesh,GIAN-NIDHI,Participant in GIAN Nidhi student project(s).,,Same name is merged only within the same institution; identical names at different institutions stay separate.
PER-GN-00831,person,Ghonge Mangesh Manikrao,Ghonge Mangesh Manikrao,GIAN-NIDHI,Participant in GIAN Nidhi student project(s).,,Same name is merged only within the same institution; identical names at different institutions stay separate.
PER-GN-00832,person,Lodha Sandesh Sumatilalji,Lodha Sandesh Sumatilalji,GIAN-NIDHI,Participant in GIAN Nidhi student project(s).,,Same name is merged only within the same institution; identical names at different institutions stay separate.
PER-GN-00833,person,Tone Namarata,Tone Namarata,GIAN-NIDHI,Participant in GIAN Nidhi student project(s).,,Same name is merged only within the same institution; identical names at different institutions stay separate.
PRJ-0240,project,Digital Receptionist,Digital Receptionist,GIAN-NIDHI,GIAN Nidhi record 240,,
PER-GN-00834,person,Chandak Komal Dilip,Chandak Komal Dilip,GIAN-NIDHI,Participant in GIAN Nidhi student project(s).,,Same name is merged only within the same institution; identical names at different institutions stay separate.
PER-GN-00835,person,Pathak Priyanka M,Pathak Priyanka M,GIAN-NIDHI,Participant in GIAN Nidhi student project(s).,,Same name is merged only within the same institution; identical names at different institutions stay separate.
PER-GN-00836,person,Pande Rutuja P,Pande Rutuja P,GIAN-NIDHI,Participant in GIAN Nidhi student project(s).,,Same name is merged only within the same institution; identical names at different institutions stay separate.
PER-GN-00837,person,Tantarpale Nilesh Y,Tantarpale Nilesh Y,GIAN-NIDHI,Participant in GIAN Nidhi student project(s).,,Same name is merged only within the same institution; identical names at different institutions stay separate.
PRJ-0241,project,Air-Blow Operated Mouse Pointer.,Air-Blow Operated Mouse Pointer.,GIAN-NIDHI,GIAN Nidhi record 241,,
PER-GN-00838,person,Ketki Nandkishore Kalaspurkar,Ketki Nandkishore Kalaspurkar,GIAN-NIDHI,Participant in GIAN Nidhi student project(s).,,Same name is merged only within the same institution; identical names at different institutions stay separate.
PER-GN-00839,person,Gaurav Sharma,Gaurav Sharma,GIAN-NIDHI,Participant in GIAN Nidhi student project(s).,,Same name is merged only within the same institution; identical names at different institutions stay separate.
PER-GN-00840,person,Suchita R. Wankhede,Suchita R. Wankhede,GIAN-NIDHI,Participant in GIAN Nidhi student project(s).,,Same name is merged only within the same institution; identical names at different institutions stay separate.
PER-GN-00841,person,Sonal Vijayrao Borkar,Sonal Vijayrao Borkar,GIAN-NIDHI,Participant in GIAN Nidhi student project(s).,,Same name is merged only within the same institution; identical names at different institutions stay separate.
PRJ-0242,project,GSM Based Highway Car Accident Identification & Alert System,GSM Based Highway Car Accident Identification & Alert System,GIAN-NIDHI,GIAN Nidhi record 242,,
PER-GN-00842,person,Kedarnath Chaudhary,Kedarnath Chaudhary,GIAN-NIDHI,Participant in GIAN Nidhi student project(s).,,Same name is merged only within the same institution; identical names at different institutions stay separate.
PER-GN-00843,person,Hemang Patel,Hemang Patel,GIAN-NIDHI,Participant in GIAN Nidhi student project(s).,,Same name is merged only within the same institution; identical names at different institutions stay separate.
PER-GN-00844,person,Tushar V.Amrutia,Tushar V.Amrutia,GIAN-NIDHI,Participant in GIAN Nidhi student project(s).,,Same name is merged only within the same institution; identical names at different institutions stay separate.
PER-GN-00845,person,Ravindra Bagal,Ravindra Bagal,GIAN-NIDHI,Participant in GIAN Nidhi student project(s).,,Same name is merged only within the same institution; identical names at different institutions stay separate.
PRJ-0243,project,A Floating Train,A Floating Train,GIAN-NIDHI,GIAN Nidhi record 243,,
PER-GN-00846,person,Guatam Deepak Lele,Guatam Deepak Lele,GIAN-NIDHI,Participant in GIAN Nidhi student project(s).,,Same name is merged only within the same institution; identical names at different institutions stay separate.
PER-GN-00847,person,Sagar Sudhindra Patil,Sagar Sudhindra Patil,GIAN-NIDHI,Participant in GIAN Nidhi student project(s).,,Same name is merged only within the same institution; identical names at different institutions stay separate.
PER-GN-00848,person,Krushnakant Rajaram Sarda,Krushnakant Rajaram Sarda,GIAN-NIDHI,Participant in GIAN Nidhi student project(s).,,Same name is merged only within the same institution; identical names at different institutions stay separate.
PER-GN-00849,person,Amarsingh RAmsing Rajput,Amarsingh RAmsing Rajput,GIAN-NIDHI,Participant in GIAN Nidhi student project(s).,,Same name is merged only within the same institution; identical names at different institutions stay separate.
PER-GN-00850,person,Saket Umesh Bongale,Saket Umesh Bongale,GIAN-NIDHI,Participant in GIAN Nidhi student project(s).,,Same name is merged only within the same institution; identical names at different institutions stay separate.
PER-GN-00851,person,Kishore Subhash Sutar,Kishore Subhash Sutar,GIAN-NIDHI,Participant in GIAN Nidhi student project(s).,,Same name is merged only within the same institution; identical names at different institutions stay separate.
PRJ-0244,project,Path Finder For Blind People,Path Finder For Blind People,GIAN-NIDHI,GIAN Nidhi record 244,,
PER-GN-00852,person,Amruta C. Khot,Amruta C. Khot,GIAN-NIDHI,Participant in GIAN Nidhi student project(s).,,Same name is merged only within the same institution; identical names at different institutions stay separate.
PER-GN-00853,person,Amruta A. Patil,Amruta A. Patil,GIAN-NIDHI,Participant in GIAN Nidhi student project(s).,,Same name is merged only within the same institution; identical names at different institutions stay separate.
PER-GN-00854,person,Bhagyashri K. Jagtap,Bhagyashri K. Jagtap,GIAN-NIDHI,Participant in GIAN Nidhi student project(s).,,Same name is merged only within the same institution; identical names at different institutions stay separate.
PER-GN-00855,person,Aparna S. Kulkarni,Aparna S. Kulkarni,GIAN-NIDHI,Participant in GIAN Nidhi student project(s).,,Same name is merged only within the same institution; identical names at different institutions stay separate.
PER-GN-00856,person,Prajakta P. Deshmane,Prajakta P. Deshmane,GIAN-NIDHI,Participant in GIAN Nidhi student project(s).,,Same name is merged only within the same institution; identical names at different institutions stay separate.
PER-GN-00857,person,Manisha M. Magdum,Manisha M. Magdum,GIAN-NIDHI,Participant in GIAN Nidhi student project(s).,,Same name is merged only within the same institution; identical names at different institutions stay separate.
PRJ-0245,project,Real time monitoring system using Ethernet & TCP/IP protocol,Real time monitoring system using Ethernet & TCP/IP protocol,GIAN-NIDHI,GIAN Nidhi record 245,,
PER-GN-00858,person,Ravindra Dattatray Mhetre,Ravindra Dattatray Mhetre,GIAN-NIDHI,Participant in GIAN Nidhi student project(s).,,Same name is merged only within the same institution; identical names at different institutions stay separate.
PER-GN-00859,person,Samish N. Kamble,Samish N. Kamble,GIAN-NIDHI,Participant in GIAN Nidhi student project(s).,,Same name is merged only within the same institution; identical names at different institutions stay separate.
PER-GN-00860,person,Sheetal Kumar O. Hanchate,Sheetal Kumar O. Hanchate,GIAN-NIDHI,Participant in GIAN Nidhi student project(s).,,Same name is merged only within the same institution; identical names at different institutions stay separate.
PRJ-0246,project,LIVE (The dawn in Forensics),LIVE (The dawn in Forensics),GIAN-NIDHI,GIAN Nidhi record 246,,
PER-GN-00861,person,Sneha Nagorao Nadurkar,Sneha Nagorao Nadurkar,GIAN-NIDHI,Participant in GIAN Nidhi student project(s).,,Same name is merged only within the same institution; identical names at different institutions stay separate.
PER-GN-00862,person,Anusha Shrinivas Kaushik,Anusha Shrinivas Kaushik,GIAN-NIDHI,Participant in GIAN Nidhi student project(s).,,Same name is merged only within the same institution; identical names at different institutions stay separate.
PER-GN-00863,person,Sagar Rajendra Tawlare,Sagar Rajendra Tawlare,GIAN-NIDHI,Participant in GIAN Nidhi student project(s).,,Same name is merged only within the same institution; identical names at different institutions stay separate.
PER-GN-00864,person,Mayank Shrikant Panke,Mayank Shrikant Panke,GIAN-NIDHI,Participant in GIAN Nidhi student project(s).,,Same name is merged only within the same institution; identical names at different institutions stay separate.
PER-GN-00865,person,Kunal Vijay Khadase,Kunal Vijay Khadase,GIAN-NIDHI,Participant in GIAN Nidhi student project(s).,,Same name is merged only within the same institution; identical names at different institutions stay separate.
PRJ-0247,project,DIGITAL WATERMARKING OF IMAGES,DIGITAL WATERMARKING OF IMAGES,GIAN-NIDHI,GIAN Nidhi record 247,,
PER-GN-00866,person,Sonam Shyamsunder Agrawal,Sonam Shyamsunder Agrawal,GIAN-NIDHI,Participant in GIAN Nidhi student project(s).,,Same name is merged only within the same institution; identical names at different institutions stay separate.
PER-GN-00867,person,Swapnil Wamanrao Kude,Swapnil Wamanrao Kude,GIAN-NIDHI,Participant in GIAN Nidhi student project(s).,,Same name is merged only within the same institution; identical names at different institutions stay separate.
PER-GN-00868,person,Pramod Dhondiba Khandare,Pramod Dhondiba Khandare,GIAN-NIDHI,Participant in GIAN Nidhi student project(s).,,Same name is merged only within the same institution; identical names at different institutions stay separate.
PRJ-0248,project,Gray-Level Grouping (GLG),Gray-Level Grouping (GLG),GIAN-NIDHI,GIAN Nidhi record 248,,
PER-GN-00869,person,Amruta Gajanan Chakkarwar,Amruta Gajanan Chakkarwar,GIAN-NIDHI,Participant in GIAN Nidhi student project(s).,,Same name is merged only within the same institution; identical names at different institutions stay separate.
PER-GN-00870,person,Yogesh Virendra Keshawowar,Yogesh Virendra Keshawowar,GIAN-NIDHI,Participant in GIAN Nidhi student project(s).,,Same name is merged only within the same institution; identical names at different institutions stay separate.
PER-GN-00871,person,Pradip Shriram Chavan,Pradip Shriram Chavan,GIAN-NIDHI,Participant in GIAN Nidhi student project(s).,,Same name is merged only within the same institution; identical names at different institutions stay separate.
PRJ-0249,project,Signature analysis of power system by using simulink in MATLAB,Signature analysis of power system by using simulink in MATLAB,GIAN-NIDHI,GIAN Nidhi record 249,,
PER-GN-00872,person,Mahesh Revan Ghadge,Mahesh Revan Ghadge,GIAN-NIDHI,Participant in GIAN Nidhi student project(s).,,Same name is merged only within the same institution; identical names at different institutions stay separate.
PER-GN-00873,person,Mahesh Chandrakant Khulage,Mahesh Chandrakant Khulage,GIAN-NIDHI,Participant in GIAN Nidhi student project(s).,,Same name is merged only within the same institution; identical names at different institutions stay separate.
PER-GN-00874,person,Sudhir Prabhakar Ubale,Sudhir Prabhakar Ubale,GIAN-NIDHI,Participant in GIAN Nidhi student project(s).,,Same name is merged only within the same institution; identical names at different institutions stay separate.
PER-GN-00875,person,Ashish Arvind Bele,Ashish Arvind Bele,GIAN-NIDHI,Participant in GIAN Nidhi student project(s).,,Same name is merged only within the same institution; identical names at different institutions stay separate.
PER-GN-00876,person,Romesh Rai Nigam,Romesh Rai Nigam,GIAN-NIDHI,Participant in GIAN Nidhi student project(s).,,Same name is merged only within the same institution; identical names at different institutions stay separate.
PRJ-0250,project,Vehicle plate recognition system,Vehicle plate recognition system,GIAN-NIDHI,GIAN Nidhi record 250,,
PER-GN-00877,person,Minal K. Pande,Minal K. Pande,GIAN-NIDHI,Participant in GIAN Nidhi student project(s).,,Same name is merged only within the same institution; identical names at different institutions stay separate.
PER-GN-00878,person,Tejashree B. Wahane,Tejashree B. Wahane,GIAN-NIDHI,Participant in GIAN Nidhi student project(s).,,Same name is merged only within the same institution; identical names at different institutions stay separate.
PER-GN-00879,person,Abhijit M. Kaypalwad,Abhijit M. Kaypalwad,GIAN-NIDHI,Participant in GIAN Nidhi student project(s).,,Same name is merged only within the same institution; identical names at different institutions stay separate.
PER-GN-00880,person,Gaurav C. Padmawar,Gaurav C. Padmawar,GIAN-NIDHI,Participant in GIAN Nidhi student project(s).,,Same name is merged only within the same institution; identical names at different institutions stay separate.
PER-GN-00881,person,Aashutosh Parate,Aashutosh Parate,GIAN-NIDHI,Participant in GIAN Nidhi student project(s).,,Same name is merged only within the same institution; identical names at different institutions stay separate.
PRJ-0251,project,A new strategy for the application of genetic algorithms to the channel assignment problem using MATLAB,A new strategy for the application of genetic algorithms to the channel assignment problem using MATLAB,GIAN-NIDHI,GIAN Nidhi record 251,,
PER-GN-00882,person,Pankaj Haribhau Chandankhede,Pankaj Haribhau Chandankhede,GIAN-NIDHI,Participant in GIAN Nidhi student project(s).,,Same name is merged only within the same institution; identical names at different institutions stay separate.
PER-GN-00883,person,Rahul Jaswant Kariya,Rahul Jaswant Kariya,GIAN-NIDHI,Participant in GIAN Nidhi student project(s).,,Same name is merged only within the same institution; identical names at different institutions stay separate.
PER-GN-00884,person,Aalok Marotrao Bhute,Aalok Marotrao Bhute,GIAN-NIDHI,Participant in GIAN Nidhi student project(s).,,Same name is merged only within the same institution; identical names at different institutions stay separate.
PER-GN-00885,person,Komal Ghanshyam Purohit,Komal Ghanshyam Purohit,GIAN-NIDHI,Participant in GIAN Nidhi student project(s).,,Same name is merged only within the same institution; identical names at different institutions stay separate.
PER-GN-00886,person,Manzoor Khan Pathan,Manzoor Khan Pathan,GIAN-NIDHI,Participant in GIAN Nidhi student project(s).,,Same name is merged only within the same institution; identical names at different institutions stay separate.
PER-GN-00887,person,Rahul Bajpai,Rahul Bajpai,GIAN-NIDHI,Participant in GIAN Nidhi student project(s).,,Same name is merged only within the same institution; identical names at different institutions stay separate.
PRJ-0252,project,Data acquisition through mobile (accessing comp database through mobile SMS.),Data acquisition through mobile (accessing comp database through mobile SMS.),GIAN-NIDHI,GIAN Nidhi record 252,,
PER-GN-00888,person,Priti Deshmukh,Priti Deshmukh,GIAN-NIDHI,Participant in GIAN Nidhi student project(s).,,Same name is merged only within the same institution; identical names at different institutions stay separate.
PER-GN-00889,person,Shahin A. Mamdani,Shahin A. Mamdani,GIAN-NIDHI,Participant in GIAN Nidhi student project(s).,,Same name is merged only within the same institution; identical names at different institutions stay separate.
PER-GN-00890,person,Shabina R. Hirani,Shabina R. Hirani,GIAN-NIDHI,Participant in GIAN Nidhi student project(s).,,Same name is merged only within the same institution; identical names at different institutions stay separate.
PER-GN-00891,person,lokesh R. Chawale,lokesh R. Chawale,GIAN-NIDHI,Participant in GIAN Nidhi student project(s).,,Same name is merged only within the same institution; identical names at different institutions stay separate.
PER-GN-00892,person,Narendra D. Chandore,Narendra D. Chandore,GIAN-NIDHI,Participant in GIAN Nidhi student project(s).,,Same name is merged only within the same institution; identical names at different institutions stay separate.
PER-GN-00893,person,Mohmad Imran Khan,Mohmad Imran Khan,GIAN-NIDHI,Participant in GIAN Nidhi student project(s).,,Same name is merged only within the same institution; identical names at different institutions stay separate.
PRJ-0253,project,REMOTE OPEATED PC,REMOTE OPEATED PC,GIAN-NIDHI,GIAN Nidhi record 253,,
PER-GN-00894,person,Jainab B. Bijaliwala,Jainab B. Bijaliwala,GIAN-NIDHI,Participant in GIAN Nidhi student project(s).,,Same name is merged only within the same institution; identical names at different institutions stay separate.
PER-GN-00895,person,Prachi P. Saynekar,Prachi P. Saynekar,GIAN-NIDHI,Participant in GIAN Nidhi student project(s).,,Same name is merged only within the same institution; identical names at different institutions stay separate.
PER-GN-00896,person,Rashmi Lokhande,Rashmi Lokhande,GIAN-NIDHI,Participant in GIAN Nidhi student project(s).,,Same name is merged only within the same institution; identical names at different institutions stay separate.
PER-GN-00897,person,Pankaj Mehetre,Pankaj Mehetre,GIAN-NIDHI,Participant in GIAN Nidhi student project(s).,,Same name is merged only within the same institution; identical names at different institutions stay separate.
PER-GN-00898,person,Amol S. Dullarwar,Amol S. Dullarwar,GIAN-NIDHI,Participant in GIAN Nidhi student project(s).,,Same name is merged only within the same institution; identical names at different institutions stay separate.
PRJ-0254,project,An Advanced networking protocol for high speed information exchange in LAN,An Advanced networking protocol for high speed information exchange in LAN,GIAN-NIDHI,GIAN Nidhi record 254,,
PER-GN-00899,person,Nikhil Gosavi,Nikhil Gosavi,GIAN-NIDHI,Participant in GIAN Nidhi student project(s).,,Same name is merged only within the same institution; identical names at different institutions stay separate.
PER-GN-00900,person,Abhishek Gulwade,Abhishek Gulwade,GIAN-NIDHI,Participant in GIAN Nidhi student project(s).,,Same name is merged only within the same institution; identical names at different institutions stay separate.
PER-GN-00901,person,Raju Walokar,Raju Walokar,GIAN-NIDHI,Participant in GIAN Nidhi student project(s).,,Same name is merged only within the same institution; identical names at different institutions stay separate.
PER-GN-00902,person,Vipul Dambhare,Vipul Dambhare,GIAN-NIDHI,Participant in GIAN Nidhi student project(s).,,Same name is merged only within the same institution; identical names at different institutions stay separate.
PER-GN-00903,person,Rahul Bahekar,Rahul Bahekar,GIAN-NIDHI,Participant in GIAN Nidhi student project(s).,,Same name is merged only within the same institution; identical names at different institutions stay separate.
PER-GN-00904,person,Samir Aashtikar,Samir Aashtikar,GIAN-NIDHI,Participant in GIAN Nidhi student project(s).,,Same name is merged only within the same institution; identical names at different institutions stay separate.
PRJ-0255,project,VHDL implementation of discrete wavelet transform for image compression,VHDL implementation of discrete wavelet transform for image compression,GIAN-NIDHI,GIAN Nidhi record 255,,
PER-GN-00905,person,Priya Zade,Priya Zade,GIAN-NIDHI,Participant in GIAN Nidhi student project(s).,,Same name is merged only within the same institution; identical names at different institutions stay separate.
PER-GN-00906,person,Shradha S. Hinge,Shradha S. Hinge,GIAN-NIDHI,Participant in GIAN Nidhi student project(s).,,Same name is merged only within the same institution; identical names at different institutions stay separate.
PER-GN-00907,person,Shital R. Hajare,Shital R. Hajare,GIAN-NIDHI,Participant in GIAN Nidhi student project(s).,,Same name is merged only within the same institution; identical names at different institutions stay separate.
PER-GN-00908,person,Harshad V. Deshmukh,Harshad V. Deshmukh,GIAN-NIDHI,Participant in GIAN Nidhi student project(s).,,Same name is merged only within the same institution; identical names at different institutions stay separate.
PER-GN-00909,person,Swapnil S. Kothal,Swapnil S. Kothal,GIAN-NIDHI,Participant in GIAN Nidhi student project(s).,,Same name is merged only within the same institution; identical names at different institutions stay separate.
PER-GN-00910,person,Vishal P. Lalwani,Vishal P. Lalwani,GIAN-NIDHI,Participant in GIAN Nidhi student project(s).,,Same name is merged only within the same institution; identical names at different institutions stay separate.
PRJ-0256,project,AJAX instant messenger,AJAX instant messenger,GIAN-NIDHI,GIAN Nidhi record 256,,
PER-GN-00911,person,Pranay Prakash Jaiswal,Pranay Prakash Jaiswal,GIAN-NIDHI,Participant in GIAN Nidhi student project(s).,,Same name is merged only within the same institution; identical names at different institutions stay separate.
PER-GN-00912,person,Tejas Dilip Kadu,Tejas Dilip Kadu,GIAN-NIDHI,Participant in GIAN Nidhi student project(s).,,Same name is merged only within the same institution; identical names at different institutions stay separate.
PER-GN-00913,person,Ahatesham N. Kazi,Ahatesham N. Kazi,GIAN-NIDHI,Participant in GIAN Nidhi student project(s).,,Same name is merged only within the same institution; identical names at different institutions stay separate.
PER-GN-00914,person,Ashlesha Gade,Ashlesha Gade,GIAN-NIDHI,Participant in GIAN Nidhi student project(s).,,Same name is merged only within the same institution; identical names at different institutions stay separate.
PRJ-0257,project,JAVA CODE EDITOR,JAVA CODE EDITOR,GIAN-NIDHI,GIAN Nidhi record 257,,
PER-GN-00915,person,Gedekar Priyanka P,Gedekar Priyanka P,GIAN-NIDHI,Participant in GIAN Nidhi student project(s).,,Same name is merged only within the same institution; identical names at different institutions stay separate.
PER-GN-00916,person,Meshram Sheetal H,Meshram Sheetal H,GIAN-NIDHI,Participant in GIAN Nidhi student project(s).,,Same name is merged only within the same institution; identical names at different institutions stay separate.
PER-GN-00917,person,Kuturmare Dilip V,Kuturmare Dilip V,GIAN-NIDHI,Participant in GIAN Nidhi student project(s).,,Same name is merged only within the same institution; identical names at different institutions stay separate.
PRJ-0258,project,"Smart Cloud For Effective Load Balancing Using Artificial Neural Network""","Smart Cloud For Effective Load Balancing Using Artificial Neural Network""",GIAN-NIDHI,GIAN Nidhi record 258,,
PER-GN-00918,person,Ashwini Y. Gudadhe,Ashwini Y. Gudadhe,GIAN-NIDHI,Participant in GIAN Nidhi student project(s).,,Same name is merged only within the same institution; identical names at different institutions stay separate.
PRJ-0259,project,Pro?t Maximization in Cloud Computing with Guaranteed improved Quality of Service,Pro?t Maximization in Cloud Computing with Guaranteed improved Quality of Service,GIAN-NIDHI,GIAN Nidhi record 259,,
PER-GN-00919,person,Prachi Arun Walke,Prachi Arun Walke,GIAN-NIDHI,Participant in GIAN Nidhi student project(s).,,Same name is merged only within the same institution; identical names at different institutions stay separate.
PRJ-0260,project,SMS based Smart Placed and Wireless Electronic Notice Board using GSM,SMS based Smart Placed and Wireless Electronic Notice Board using GSM,GIAN-NIDHI,GIAN Nidhi record 260,,
PER-GN-00920,person,Mr. Dhiraj Rajurkar,Mr. Dhiraj Rajurkar,GIAN-NIDHI,Participant in GIAN Nidhi student project(s).,,Same name is merged only within the same institution; identical names at different institutions stay separate.
PER-GN-00921,person,Mr. Akash Lanjewar,Mr. Akash Lanjewar,GIAN-NIDHI,Participant in GIAN Nidhi student project(s).,,Same name is merged only within the same institution; identical names at different institutions stay separate.
PER-GN-00922,person,Ms. Shabda Deshmukh,Ms. Shabda Deshmukh,GIAN-NIDHI,Participant in GIAN Nidhi student project(s).,,Same name is merged only within the same institution; identical names at different institutions stay separate.
PER-GN-00923,person,Prof. Anup Gade,Prof. Anup Gade,GIAN-NIDHI,Participant in GIAN Nidhi student project(s).,,Same name is merged only within the same institution; identical names at different institutions stay separate.
PRJ-0261,project,Advanced Online Examination System,Advanced Online Examination System,GIAN-NIDHI,GIAN Nidhi record 261,,
PER-GN-00924,person,Ms. Pranali Nandanwar,Ms. Pranali Nandanwar,GIAN-NIDHI,Participant in GIAN Nidhi student project(s).,,Same name is merged only within the same institution; identical names at different institutions stay separate.
PER-GN-00925,person,Mr. Mangesh Choudhari,Mr. Mangesh Choudhari,GIAN-NIDHI,Participant in GIAN Nidhi student project(s).,,Same name is merged only within the same institution; identical names at different institutions stay separate.
PER-GN-00926,person,Mr.Shubham Bhadke,Mr.Shubham Bhadke,GIAN-NIDHI,Participant in GIAN Nidhi student project(s).,,Same name is merged only within the same institution; identical names at different institutions stay separate.
PER-GN-00927,person,Mr.Akash Kulkarni,Mr.Akash Kulkarni,GIAN-NIDHI,Participant in GIAN Nidhi student project(s).,,Same name is merged only within the same institution; identical names at different institutions stay separate.
PRJ-0262,project,"Optimizing Outfit Composition Using Machine Learning via Genetic Algorithm""","Optimizing Outfit Composition Using Machine Learning via Genetic Algorithm""",GIAN-NIDHI,GIAN Nidhi record 262,,
PER-GN-00928,person,Miss. Sayali R. Anfat,Miss. Sayali R. Anfat,GIAN-NIDHI,Participant in GIAN Nidhi student project(s).,,Same name is merged only within the same institution; identical names at different institutions stay separate.
PRJ-0263,project,Green cloud for efficient power consumption under maximum Load,Green cloud for efficient power consumption under maximum Load,GIAN-NIDHI,GIAN Nidhi record 263,,
PER-GN-00929,person,Ms.Ruchika Wankhede,Ms.Ruchika Wankhede,GIAN-NIDHI,Participant in GIAN Nidhi student project(s).,,Same name is merged only within the same institution; identical names at different institutions stay separate.
PER-GN-00930,person,Mr.A.H.Gade,Mr.A.H.Gade,GIAN-NIDHI,Participant in GIAN Nidhi student project(s).,,Same name is merged only within the same institution; identical names at different institutions stay separate.
PRJ-0264,project,Raspberry Pi-2 Based Anti-Theft System for Car Logo,Raspberry Pi-2 Based Anti-Theft System for Car Logo,GIAN-NIDHI,GIAN Nidhi record 264,,
PER-GN-00931,person,Chaitali N. Surkar,Chaitali N. Surkar,GIAN-NIDHI,Participant in GIAN Nidhi student project(s).,,Same name is merged only within the same institution; identical names at different institutions stay separate.
PER-GN-00932,person,Prof. Amit Welekar,Prof. Amit Welekar,GIAN-NIDHI,Participant in GIAN Nidhi student project(s).,,Same name is merged only within the same institution; identical names at different institutions stay separate.
PRJ-0265,project,Advance Steganography for Hiding Data and Image using Audio-Video,Advance Steganography for Hiding Data and Image using Audio-Video,GIAN-NIDHI,GIAN Nidhi record 265,,
PER-GN-00933,person,Madhuri R. Shende,Madhuri R. Shende,GIAN-NIDHI,Participant in GIAN Nidhi student project(s).,,Same name is merged only within the same institution; identical names at different institutions stay separate.
PRJ-0266,project,Hybrid Segmentation Approach for Irregular shape Fruit images under Natural Illumination,Hybrid Segmentation Approach for Irregular shape Fruit images under Natural Illumination,GIAN-NIDHI,GIAN Nidhi record 266,,
PER-GN-00934,person,Monali R. Dahapute,Monali R. Dahapute,GIAN-NIDHI,Participant in GIAN Nidhi student project(s).,,Same name is merged only within the same institution; identical names at different institutions stay separate.
PRJ-0267,project,Implementing Application for History Based Ranking Algorithm For Personalized Search Queries By using Crawler Intelligence,Implementing Application for History Based Ranking Algorithm For Personalized Search Queries By using Crawler Intelligence,GIAN-NIDHI,GIAN Nidhi record 267,,
PER-GN-00935,person,Namrata M Gaurkar,Namrata M Gaurkar,GIAN-NIDHI,Participant in GIAN Nidhi student project(s).,,Same name is merged only within the same institution; identical names at different institutions stay separate.
PER-GN-00936,person,Prof. Parul Bhanarkar,Prof. Parul Bhanarkar,GIAN-NIDHI,Participant in GIAN Nidhi student project(s).,,Same name is merged only within the same institution; identical names at different institutions stay separate.
PRJ-0268,project,Analysis of Image Feature Selection Using Group Structure,Analysis of Image Feature Selection Using Group Structure,GIAN-NIDHI,GIAN Nidhi record 268,,
PER-GN-00937,person,Namrata Naik,Namrata Naik,GIAN-NIDHI,Participant in GIAN Nidhi student project(s).,,Same name is merged only within the same institution; identical names at different institutions stay separate.
PER-GN-00938,person,Prof. Jayant Rohankar,Prof. Jayant Rohankar | PROF. JAYANT ROHANKAR,GIAN-NIDHI,Participant in GIAN Nidhi student project(s).,,Same name is merged only within the same institution; identical names at different institutions stay separate.
PRJ-0269,project,framework for Effective Data Processing Using Flaw Triage,framework for Effective Data Processing Using Flaw Triage,GIAN-NIDHI,GIAN Nidhi record 269,,
PER-GN-00939,person,Nikita Hiwase,Nikita Hiwase,GIAN-NIDHI,Participant in GIAN Nidhi student project(s).,,Same name is merged only within the same institution; identical names at different institutions stay separate.
PRJ-0270,project,A Survey on Design and Approach for Finding the Similarity between the Documents,A Survey on Design and Approach for Finding the Similarity between the Documents,GIAN-NIDHI,GIAN Nidhi record 270,,
PER-GN-00940,person,SHILPA A. SATONE,SHILPA A. SATONE,GIAN-NIDHI,Participant in GIAN Nidhi student project(s).,,Same name is merged only within the same institution; identical names at different institutions stay separate.
PRJ-0271,project,Assessment And Purification of Water Supply System,Assessment And Purification of Water Supply System,GIAN-NIDHI,GIAN Nidhi record 271,,
PER-GN-00941,person,Roshan Sawarkar,Roshan Sawarkar,GIAN-NIDHI,Participant in GIAN Nidhi student project(s).,,Same name is merged only within the same institution; identical names at different institutions stay separate.
PER-GN-00942,person,Shubham Bhagat,Shubham Bhagat,GIAN-NIDHI,Participant in GIAN Nidhi student project(s).,,Same name is merged only within the same institution; identical names at different institutions stay separate.
PER-GN-00943,person,Shubham Gedam,Shubham Gedam,GIAN-NIDHI,Participant in GIAN Nidhi student project(s).,,Same name is merged only within the same institution; identical names at different institutions stay separate.
PER-GN-00944,person,Karan Shrivar,Karan Shrivar,GIAN-NIDHI,Participant in GIAN Nidhi student project(s).,,Same name is merged only within the same institution; identical names at different institutions stay separate.
PER-GN-00945,person,Suryakant Todase,Suryakant Todase,GIAN-NIDHI,Participant in GIAN Nidhi student project(s).,,Same name is merged only within the same institution; identical names at different institutions stay separate.
PRJ-0272,project,RS Jack,RS Jack,GIAN-NIDHI,GIAN Nidhi record 272,,
PER-GN-00946,person,Ranashashitej Pawar,Ranashashitej Pawar,GIAN-NIDHI,Participant in GIAN Nidhi student project(s).,,Same name is merged only within the same institution; identical names at different institutions stay separate.
PRJ-0273,project,Third eye for visually impaired person,Third eye for visually impaired person,GIAN-NIDHI,GIAN Nidhi record 273,,
PER-GN-00947,person,Miss Priyanka Hallale,Miss Priyanka Hallale,GIAN-NIDHI,Participant in GIAN Nidhi student project(s).,,Same name is merged only within the same institution; identical names at different institutions stay separate.
PRJ-0274,project,automated number plate recognition system,automated number plate recognition system,GIAN-NIDHI,GIAN Nidhi record 274,,
PER-GN-00948,person,Snehal Mangulakar,Snehal Mangulakar,GIAN-NIDHI,Participant in GIAN Nidhi student project(s).,,Same name is merged only within the same institution; identical names at different institutions stay separate.
PER-GN-00949,person,Shweta Munde,Shweta Munde,GIAN-NIDHI,Participant in GIAN Nidhi student project(s).,,Same name is merged only within the same institution; identical names at different institutions stay separate.
PER-GN-00950,person,Deepali Thorat,Deepali Thorat,GIAN-NIDHI,Participant in GIAN Nidhi student project(s).,,Same name is merged only within the same institution; identical names at different institutions stay separate.
PER-GN-00951,person,Sheetal Tupe,Sheetal Tupe,GIAN-NIDHI,Participant in GIAN Nidhi student project(s).,,Same name is merged only within the same institution; identical names at different institutions stay separate.
PRJ-0275,project,CityNEws,CityNEws,GIAN-NIDHI,GIAN Nidhi record 275,,
PER-GN-00952,person,: Sneha Rajendra Patil,: Sneha Rajendra Patil,GIAN-NIDHI,Participant in GIAN Nidhi student project(s).,,Same name is merged only within the same institution; identical names at different institutions stay separate.
PER-GN-00953,person,Renuka Tirthraj Domale,Renuka Tirthraj Domale,GIAN-NIDHI,Participant in GIAN Nidhi student project(s).,,Same name is merged only within the same institution; identical names at different institutions stay separate.
PER-GN-00954,person,Supriya Laxman nandrekar Roshani Gangadhar Bansode,Supriya Laxman nandrekar Roshani Gangadhar Bansode,GIAN-NIDHI,Participant in GIAN Nidhi student project(s).,,Same name is merged only within the same institution; identical names at different institutions stay separate.
PRJ-0276,project,Forest Maker,Forest Maker,GIAN-NIDHI,GIAN Nidhi record 276,,
PER-GN-00955,person,Mansub S. Walekar,Mansub S. Walekar,GIAN-NIDHI,Participant in GIAN Nidhi student project(s).,,Same name is merged only within the same institution; identical names at different institutions stay separate.
PER-GN-00956,person,Mahesh Nyayadhish,Mahesh Nyayadhish,GIAN-NIDHI,Participant in GIAN Nidhi student project(s).,,Same name is merged only within the same institution; identical names at different institutions stay separate.
PER-GN-00957,person,Kanchan Chaudhari,Kanchan Chaudhari,GIAN-NIDHI,Participant in GIAN Nidhi student project(s).,,Same name is merged only within the same institution; identical names at different institutions stay separate.
PRJ-0277,project,Pomegranate Fruit Disease Detection And Prevention,Pomegranate Fruit Disease Detection And Prevention,GIAN-NIDHI,GIAN Nidhi record 277,,
PER-GN-00958,person,Deshmukh Shweta,Deshmukh Shweta,GIAN-NIDHI,Participant in GIAN Nidhi student project(s).,,Same name is merged only within the same institution; identical names at different institutions stay separate.
PER-GN-00959,person,Pachpol Kalyani,Pachpol Kalyani,GIAN-NIDHI,Participant in GIAN Nidhi student project(s).,,Same name is merged only within the same institution; identical names at different institutions stay separate.
PER-GN-00960,person,Raagi Prabhjyotkaur,Raagi Prabhjyotkaur,GIAN-NIDHI,Participant in GIAN Nidhi student project(s).,,Same name is merged only within the same institution; identical names at different institutions stay separate.
PER-GN-00961,person,Talekar Tejas,Talekar Tejas,GIAN-NIDHI,Participant in GIAN Nidhi student project(s).,,Same name is merged only within the same institution; identical names at different institutions stay separate.
PRJ-0278,project,I clean Incredible India,I clean Incredible India,GIAN-NIDHI,GIAN Nidhi record 278,,
PER-GN-00962,person,Gauri Phatate,Gauri Phatate,GIAN-NIDHI,Participant in GIAN Nidhi student project(s).,,Same name is merged only within the same institution; identical names at different institutions stay separate.
PER-GN-00963,person,Divya Kabra,Divya Kabra,GIAN-NIDHI,Participant in GIAN Nidhi student project(s).,,Same name is merged only within the same institution; identical names at different institutions stay separate.
PER-GN-00964,person,Rashmi Kulkarni,Rashmi Kulkarni,GIAN-NIDHI,Participant in GIAN Nidhi student project(s).,,Same name is merged only within the same institution; identical names at different institutions stay separate.
PER-GN-00965,person,Shraddha Naik,Shraddha Naik,GIAN-NIDHI,Participant in GIAN Nidhi student project(s).,,Same name is merged only within the same institution; identical names at different institutions stay separate.
PRJ-0279,project,Pilgrims Tracking System,Pilgrims Tracking System,GIAN-NIDHI,GIAN Nidhi record 279,,
PER-GN-00966,person,Kanchan U. Chungade,Kanchan U. Chungade,GIAN-NIDHI,Participant in GIAN Nidhi student project(s).,,Same name is merged only within the same institution; identical names at different institutions stay separate.
PER-GN-00967,person,Sneha J. Waghmare,Sneha J. Waghmare,GIAN-NIDHI,Participant in GIAN Nidhi student project(s).,,Same name is merged only within the same institution; identical names at different institutions stay separate.
PER-GN-00968,person,Swati V. Zendewale,Swati V. Zendewale,GIAN-NIDHI,Participant in GIAN Nidhi student project(s).,,Same name is merged only within the same institution; identical names at different institutions stay separate.
PER-GN-00969,person,Aboli A. Ambekar,Aboli A. Ambekar,GIAN-NIDHI,Participant in GIAN Nidhi student project(s).,,Same name is merged only within the same institution; identical names at different institutions stay separate.
PRJ-0280,project,Route Planning in road network,Route Planning in road network,GIAN-NIDHI,GIAN Nidhi record 280,,
PER-GN-00970,person,Diksha Banswal,Diksha Banswal,GIAN-NIDHI,Participant in GIAN Nidhi student project(s).,,Same name is merged only within the same institution; identical names at different institutions stay separate.
PER-GN-00971,person,Aarti dhole,Aarti dhole,GIAN-NIDHI,Participant in GIAN Nidhi student project(s).,,Same name is merged only within the same institution; identical names at different institutions stay separate.
PER-GN-00972,person,Prasanna Jadhav,Prasanna Jadhav,GIAN-NIDHI,Participant in GIAN Nidhi student project(s).,,Same name is merged only within the same institution; identical names at different institutions stay separate.
PER-GN-00973,person,Lukesha Ferwani,Lukesha Ferwani,GIAN-NIDHI,Participant in GIAN Nidhi student project(s).,,Same name is merged only within the same institution; identical names at different institutions stay separate.
PRJ-0281,project,Social Media For NGO,Social Media For NGO,GIAN-NIDHI,GIAN Nidhi record 281,,
PER-GN-00974,person,Takalkar gauri kiran,Takalkar gauri kiran,GIAN-NIDHI,Participant in GIAN Nidhi student project(s).,,Same name is merged only within the same institution; identical names at different institutions stay separate.
PER-GN-00975,person,Shelke aarti sudhakar,Shelke aarti sudhakar,GIAN-NIDHI,Participant in GIAN Nidhi student project(s).,,Same name is merged only within the same institution; identical names at different institutions stay separate.
PER-GN-00976,person,Gauri nita dhananjay,Gauri nita dhananjay,GIAN-NIDHI,Participant in GIAN Nidhi student project(s).,,Same name is merged only within the same institution; identical names at different institutions stay separate.
PRJ-0282,project,Swayampurn,Swayampurn,GIAN-NIDHI,GIAN Nidhi record 282,,
PER-GN-00977,person,Madhuri V,Madhuri V,GIAN-NIDHI,Participant in GIAN Nidhi student project(s).,,Same name is merged only within the same institution; identical names at different institutions stay separate.
PER-GN-00978,person,Kulkarni,Kulkarni,GIAN-NIDHI,Participant in GIAN Nidhi student project(s).,,Same name is merged only within the same institution; identical names at different institutions stay separate.
PER-GN-00979,person,Shubhangi S. Pathade,Shubhangi S. Pathade,GIAN-NIDHI,Participant in GIAN Nidhi student project(s).,,Same name is merged only within the same institution; identical names at different institutions stay separate.
PER-GN-00980,person,Vaishali M. Garje,Vaishali M. Garje,GIAN-NIDHI,Participant in GIAN Nidhi student project(s).,,Same name is merged only within the same institution; identical names at different institutions stay separate.
PRJ-0283,project,Virtual Dressing Room,Virtual Dressing Room,GIAN-NIDHI,GIAN Nidhi record 283,,
PER-GN-00981,person,Aaliya Naeem Ahmed Shaikh,Aaliya Naeem Ahmed Shaikh,GIAN-NIDHI,Participant in GIAN Nidhi student project(s).,,Same name is merged only within the same institution; identical names at different institutions stay separate.
PER-GN-00982,person,Prachi Pradip Lavekar,Prachi Pradip Lavekar,GIAN-NIDHI,Participant in GIAN Nidhi student project(s).,,Same name is merged only within the same institution; identical names at different institutions stay separate.
PER-GN-00983,person,Priya Rajendrasingh Pardeshi,Priya Rajendrasingh Pardeshi,GIAN-NIDHI,Participant in GIAN Nidhi student project(s).,,Same name is merged only within the same institution; identical names at different institutions stay separate.
PRJ-0284,project,"""Master on Duty Portal""","""Master on Duty Portal""",GIAN-NIDHI,GIAN Nidhi record 284,,
PER-GN-00984,person,Kishor S. Joshi,Kishor S. Joshi,GIAN-NIDHI,Participant in GIAN Nidhi student project(s).,,Same name is merged only within the same institution; identical names at different institutions stay separate.
PER-GN-00985,person,Shubham V. Salunkhe,Shubham V. Salunkhe,GIAN-NIDHI,Participant in GIAN Nidhi student project(s).,,Same name is merged only within the same institution; identical names at different institutions stay separate.
PER-GN-00986,person,Ajay D. Sirsat,Ajay D. Sirsat,GIAN-NIDHI,Participant in GIAN Nidhi student project(s).,,Same name is merged only within the same institution; identical names at different institutions stay separate.
PER-GN-00987,person,Prasanna S. Akkewar,Prasanna S. Akkewar,GIAN-NIDHI,Participant in GIAN Nidhi student project(s).,,Same name is merged only within the same institution; identical names at different institutions stay separate.
PRJ-0285,project,Tweet Segmentation and Sentiment Analysis,Tweet Segmentation and Sentiment Analysis,GIAN-NIDHI,GIAN Nidhi record 285,,
PER-GN-00988,person,:- Shivani Banswal,:- Shivani Banswal,GIAN-NIDHI,Participant in GIAN Nidhi student project(s).,,Same name is merged only within the same institution; identical names at different institutions stay separate.
PER-GN-00989,person,Ganesh Ghonsikar,Ganesh Ghonsikar,GIAN-NIDHI,Participant in GIAN Nidhi student project(s).,,Same name is merged only within the same institution; identical names at different institutions stay separate.
PER-GN-00990,person,Snehal Sonwane,Snehal Sonwane,GIAN-NIDHI,Participant in GIAN Nidhi student project(s).,,Same name is merged only within the same institution; identical names at different institutions stay separate.
PRJ-0286,project,Parking Place Allotment,Parking Place Allotment,GIAN-NIDHI,GIAN Nidhi record 286,,
PER-GN-00991,person,Shradha S. Chaudhari,Shradha S. Chaudhari,GIAN-NIDHI,Participant in GIAN Nidhi student project(s).,,Same name is merged only within the same institution; identical names at different institutions stay separate.
PER-GN-00992,person,Namrata Y. Mugdal,Namrata Y. Mugdal,GIAN-NIDHI,Participant in GIAN Nidhi student project(s).,,Same name is merged only within the same institution; identical names at different institutions stay separate.
PER-GN-00993,person,Shweta A. Bagul,Shweta A. Bagul,GIAN-NIDHI,Participant in GIAN Nidhi student project(s).,,Same name is merged only within the same institution; identical names at different institutions stay separate.
PER-GN-00994,person,Neha S. Dhongde,Neha S. Dhongde,GIAN-NIDHI,Participant in GIAN Nidhi student project(s).,,Same name is merged only within the same institution; identical names at different institutions stay separate.
PRJ-0287,project,Accident Detection and security System,Accident Detection and security System,GIAN-NIDHI,GIAN Nidhi record 287,,
PER-GN-00995,person,Priya Harale,Priya Harale,GIAN-NIDHI,Participant in GIAN Nidhi student project(s).,,Same name is merged only within the same institution; identical names at different institutions stay separate.
PER-GN-00996,person,Kiran Deshmukh,Kiran Deshmukh,GIAN-NIDHI,Participant in GIAN Nidhi student project(s).,,Same name is merged only within the same institution; identical names at different institutions stay separate.
PER-GN-00997,person,Ankita Wankhede,Ankita Wankhede,GIAN-NIDHI,Participant in GIAN Nidhi student project(s).,,Same name is merged only within the same institution; identical names at different institutions stay separate.
PRJ-0288,project,IOT Based Soil Irrigatiom Monitoring and Controlling System,IOT Based Soil Irrigatiom Monitoring and Controlling System,GIAN-NIDHI,GIAN Nidhi record 288,,
PER-GN-00998,person,Akshanda Bhavasar,Akshanda Bhavasar,GIAN-NIDHI,Participant in GIAN Nidhi student project(s).,,Same name is merged only within the same institution; identical names at different institutions stay separate.
PER-GN-00999,person,Yogeshwari Bulbule,Yogeshwari Bulbule,GIAN-NIDHI,Participant in GIAN Nidhi student project(s).,,Same name is merged only within the same institution; identical names at different institutions stay separate.
PER-GN-01000,person,Sonali Pawar,Sonali Pawar,GIAN-NIDHI,Participant in GIAN Nidhi student project(s).,,Same name is merged only within the same institution; identical names at different institutions stay separate.
PER-GN-01001,person,Radha Waghmare,Radha Waghmare,GIAN-NIDHI,Participant in GIAN Nidhi student project(s).,,Same name is merged only within the same institution; identical names at different institutions stay separate.
PRJ-0289,project,Remote Data Monitoring Sys With Wi-fi Connection Controller,Remote Data Monitoring Sys With Wi-fi Connection Controller,GIAN-NIDHI,GIAN Nidhi record 289,,
PER-GN-01002,person,Solanki Krunal Vijaybhai,Solanki Krunal Vijaybhai,GIAN-NIDHI,Participant in GIAN Nidhi student project(s).,,Same name is merged only within the same institution; identical names at different institutions stay separate.
PER-GN-01003,person,Patel Abhi Nareshchandra,Patel Abhi Nareshchandra,GIAN-NIDHI,Participant in GIAN Nidhi student project(s).,,Same name is merged only within the same institution; identical names at different institutions stay separate.
PRJ-0290,project,RFID Checkout,RFID Checkout,GIAN-NIDHI,GIAN Nidhi record 290,,
PER-GN-01004,person,Kanthariya Hirenkumar Poonamchand,Kanthariya Hirenkumar Poonamchand,GIAN-NIDHI,Participant in GIAN Nidhi student project(s).,,Same name is merged only within the same institution; identical names at different institutions stay separate.
PRJ-0291,project,Data Logger System Using 8051,Data Logger System Using 8051,GIAN-NIDHI,GIAN Nidhi record 291,,
PER-GN-01005,person,Bhesaniya Jayesh Ramjibhai,Bhesaniya Jayesh Ramjibhai,GIAN-NIDHI,Participant in GIAN Nidhi student project(s).,,Same name is merged only within the same institution; identical names at different institutions stay separate.
PER-GN-01006,person,Mistry Vijal Keshavbhai,Mistry Vijal Keshavbhai,GIAN-NIDHI,Participant in GIAN Nidhi student project(s).,,Same name is merged only within the same institution; identical names at different institutions stay separate.
PER-GN-01007,person,Bharti Jay Subhashchandra,Bharti Jay Subhashchandra,GIAN-NIDHI,Participant in GIAN Nidhi student project(s).,,Same name is merged only within the same institution; identical names at different institutions stay separate.
PRJ-0292,project,Flexible Automation Using Plc,Flexible Automation Using Plc,GIAN-NIDHI,GIAN Nidhi record 292,,
PER-GN-01008,person,Jadeja Beejrajsinh Hasubha,Jadeja Beejrajsinh Hasubha,GIAN-NIDHI,Participant in GIAN Nidhi student project(s).,,Same name is merged only within the same institution; identical names at different institutions stay separate.
PER-GN-01009,person,Tilala Haresh Mansukhbhai,Tilala Haresh Mansukhbhai,GIAN-NIDHI,Participant in GIAN Nidhi student project(s).,,Same name is merged only within the same institution; identical names at different institutions stay separate.
PER-GN-01010,person,Shah Karan Vijaybhai,Shah Karan Vijaybhai,GIAN-NIDHI,Participant in GIAN Nidhi student project(s).,,Same name is merged only within the same institution; identical names at different institutions stay separate.
PER-GN-01011,person,Bhagat Jay Anilbhai,Bhagat Jay Anilbhai,GIAN-NIDHI,Participant in GIAN Nidhi student project(s).,,Same name is merged only within the same institution; identical names at different institutions stay separate.
PRJ-0293,project,Data Communication Technice,Data Communication Technice,GIAN-NIDHI,GIAN Nidhi record 293,,
PER-GN-01012,person,Patel Sonikkumar Kishorbhai,Patel Sonikkumar Kishorbhai,GIAN-NIDHI,Participant in GIAN Nidhi student project(s).,,Same name is merged only within the same institution; identical names at different institutions stay separate.
PER-GN-01013,person,Shaikh MohammadAeman Faizahemad,Shaikh MohammadAeman Faizahemad,GIAN-NIDHI,Participant in GIAN Nidhi student project(s).,,Same name is merged only within the same institution; identical names at different institutions stay separate.
PER-GN-01014,person,Tandel Viral Pravinbhai,Tandel Viral Pravinbhai,GIAN-NIDHI,Participant in GIAN Nidhi student project(s).,,Same name is merged only within the same institution; identical names at different institutions stay separate.
PER-GN-01015,person,Patel Jigar Chimanbhai,Patel Jigar Chimanbhai,GIAN-NIDHI,Participant in GIAN Nidhi student project(s).,,Same name is merged only within the same institution; identical names at different institutions stay separate.
PER-GN-01016,person,Machhwa Taiyeb Mohammadali,Machhwa Taiyeb Mohammadali,GIAN-NIDHI,Participant in GIAN Nidhi student project(s).,,Same name is merged only within the same institution; identical names at different institutions stay separate.
PER-GN-01017,person,Patel Mitinkumar Muke,Patel Mitinkumar Muke,GIAN-NIDHI,Participant in GIAN Nidhi student project(s).,,Same name is merged only within the same institution; identical names at different institutions stay separate.
PRJ-0294,project,8-chanel Rtd Temp Logger Cum Controller,8-chanel Rtd Temp Logger Cum Controller,GIAN-NIDHI,GIAN Nidhi record 294,,
PER-GN-01018,person,Patel Roshniben Pramodbhai,Patel Roshniben Pramodbhai,GIAN-NIDHI,Participant in GIAN Nidhi student project(s).,,Same name is merged only within the same institution; identical names at different institutions stay separate.
PER-GN-01019,person,Vaidya Urvashi Amitkumar,Vaidya Urvashi Amitkumar,GIAN-NIDHI,Participant in GIAN Nidhi student project(s).,,Same name is merged only within the same institution; identical names at different institutions stay separate.
PER-GN-01020,person,Barot Jayalben Sureshbhai,Barot Jayalben Sureshbhai,GIAN-NIDHI,Participant in GIAN Nidhi student project(s).,,Same name is merged only within the same institution; identical names at different institutions stay separate.
PRJ-0295,project,Furanace Temperature Control using microcontroller.,Furanace Temperature Control using microcontroller.,GIAN-NIDHI,GIAN Nidhi record 295,,
PER-GN-01021,person,Mujawar Paigamber Mahammad,Mujawar Paigamber Mahammad,GIAN-NIDHI,Participant in GIAN Nidhi student project(s).,,Same name is merged only within the same institution; identical names at different institutions stay separate.
PER-GN-01022,person,Gulavani Swapnil Ramakant,Gulavani Swapnil Ramakant,GIAN-NIDHI,Participant in GIAN Nidhi student project(s).,,Same name is merged only within the same institution; identical names at different institutions stay separate.
PER-GN-01023,person,Kulkarni Amey Krishna,Kulkarni Amey Krishna,GIAN-NIDHI,Participant in GIAN Nidhi student project(s).,,Same name is merged only within the same institution; identical names at different institutions stay separate.
PER-GN-01024,person,Gaikwad Prasad Mhahadeo,Gaikwad Prasad Mhahadeo,GIAN-NIDHI,Participant in GIAN Nidhi student project(s).,,Same name is merged only within the same institution; identical names at different institutions stay separate.
PRJ-0296,project,AN EXPERIMENTAL INVESTIGATION OF THERMAL PERFORMANCE OF GRAPHITE WATER.,AN EXPERIMENTAL INVESTIGATION OF THERMAL PERFORMANCE OF GRAPHITE WATER.,GIAN-NIDHI,GIAN Nidhi record 296,,
PER-GN-01025,person,Sunil Sawarbandhe,Sunil Sawarbandhe,GIAN-NIDHI,Participant in GIAN Nidhi student project(s).,,Same name is merged only within the same institution; identical names at different institutions stay separate.
PER-GN-01026,person,Surendra Rawate,Surendra Rawate,GIAN-NIDHI,Participant in GIAN Nidhi student project(s).,,Same name is merged only within the same institution; identical names at different institutions stay separate.
PER-GN-01027,person,Sarang Gosewade,Sarang Gosewade,GIAN-NIDHI,Participant in GIAN Nidhi student project(s).,,Same name is merged only within the same institution; identical names at different institutions stay separate.
PER-GN-01028,person,Roshan Jangam,Roshan Jangam,GIAN-NIDHI,Participant in GIAN Nidhi student project(s).,,Same name is merged only within the same institution; identical names at different institutions stay separate.
PRJ-0297,project,HYDRAULIC DRESSING ATTACHMENT FOR GRINDER,HYDRAULIC DRESSING ATTACHMENT FOR GRINDER,GIAN-NIDHI,GIAN Nidhi record 297,,
PER-GN-01029,person,Avinash Atmaram Deshmukh,Avinash Atmaram Deshmukh,GIAN-NIDHI,Participant in GIAN Nidhi student project(s).,,Same name is merged only within the same institution; identical names at different institutions stay separate.
PER-GN-01030,person,Rajesh Mansaram Jadhav,Rajesh Mansaram Jadhav,GIAN-NIDHI,Participant in GIAN Nidhi student project(s).,,Same name is merged only within the same institution; identical names at different institutions stay separate.
PER-GN-01031,person,Sachin Ramchandra Kangane,Sachin Ramchandra Kangane,GIAN-NIDHI,Participant in GIAN Nidhi student project(s).,,Same name is merged only within the same institution; identical names at different institutions stay separate.
PRJ-0298,project,Vacuum packing machine,Vacuum packing machine,GIAN-NIDHI,GIAN Nidhi record 298,,
PER-GN-01032,person,Shashikant Zinjan,Shashikant Zinjan,GIAN-NIDHI,Participant in GIAN Nidhi student project(s).,,Same name is merged only within the same institution; identical names at different institutions stay separate.
PER-GN-01033,person,Ravindra Kanchale,Ravindra Kanchale,GIAN-NIDHI,Participant in GIAN Nidhi student project(s).,,Same name is merged only within the same institution; identical names at different institutions stay separate.
PER-GN-01034,person,Sumit Yewankar,Sumit Yewankar,GIAN-NIDHI,Participant in GIAN Nidhi student project(s).,,Same name is merged only within the same institution; identical names at different institutions stay separate.
PER-GN-01035,person,Kalleshwar Valle,Kalleshwar Valle,GIAN-NIDHI,Participant in GIAN Nidhi student project(s).,,Same name is merged only within the same institution; identical names at different institutions stay separate.
PRJ-0299,project,SELF DRIVEN WATER PUMP,SELF DRIVEN WATER PUMP,GIAN-NIDHI,GIAN Nidhi record 299,,
PER-GN-01036,person,Siddharth Suhas Sawant,Siddharth Suhas Sawant,GIAN-NIDHI,Participant in GIAN Nidhi student project(s).,,Same name is merged only within the same institution; identical names at different institutions stay separate.
PER-GN-01037,person,Pankaj Ravindra Wadkar,Pankaj Ravindra Wadkar,GIAN-NIDHI,Participant in GIAN Nidhi student project(s).,,Same name is merged only within the same institution; identical names at different institutions stay separate.
PER-GN-01038,person,Pratik Parag Naik,Pratik Parag Naik,GIAN-NIDHI,Participant in GIAN Nidhi student project(s).,,Same name is merged only within the same institution; identical names at different institutions stay separate.
PRJ-0300,project,Adujesttable Compression Ratio & Compression Ignition Engine,Adujesttable Compression Ratio & Compression Ignition Engine,GIAN-NIDHI,GIAN Nidhi record 300,,
PER-GN-01039,person,Shirole Goraksha Nivrutti,Shirole Goraksha Nivrutti,GIAN-NIDHI,Participant in GIAN Nidhi student project(s).,,Same name is merged only within the same institution; identical names at different institutions stay separate.
PER-GN-01040,person,Rahane Santosh Prabhakar,Rahane Santosh Prabhakar,GIAN-NIDHI,Participant in GIAN Nidhi student project(s).,,Same name is merged only within the same institution; identical names at different institutions stay separate.
PER-GN-01041,person,Walwe Mangesh Ramesh,Walwe Mangesh Ramesh,GIAN-NIDHI,Participant in GIAN Nidhi student project(s).,,Same name is merged only within the same institution; identical names at different institutions stay separate.
PRJ-0301,project,Hydraulic Lifter Trolly,Hydraulic Lifter Trolly,GIAN-NIDHI,GIAN Nidhi record 301,,
PER-GN-01042,person,Chaudhari Ajit Popat,Chaudhari Ajit Popat,GIAN-NIDHI,Participant in GIAN Nidhi student project(s).,,Same name is merged only within the same institution; identical names at different institutions stay separate.
PER-GN-01043,person,Kherodkar Abhishek,Kherodkar Abhishek,GIAN-NIDHI,Participant in GIAN Nidhi student project(s).,,Same name is merged only within the same institution; identical names at different institutions stay separate.
PER-GN-01044,person,Warkar Sagar,Warkar Sagar,GIAN-NIDHI,Participant in GIAN Nidhi student project(s).,,Same name is merged only within the same institution; identical names at different institutions stay separate.
PRJ-0302,project,Clay Cool (Zero power Refrigerator),Clay Cool (Zero power Refrigerator),GIAN-NIDHI,GIAN Nidhi record 302,,
PER-GN-01045,person,Lohar sadanand G,Lohar sadanand G,GIAN-NIDHI,Participant in GIAN Nidhi student project(s).,,Same name is merged only within the same institution; identical names at different institutions stay separate.
PER-GN-01046,person,Bagwan Nadim I,Bagwan Nadim I,GIAN-NIDHI,Participant in GIAN Nidhi student project(s).,,Same name is merged only within the same institution; identical names at different institutions stay separate.
PER-GN-01047,person,Bhokare Arshad F,Bhokare Arshad F,GIAN-NIDHI,Participant in GIAN Nidhi student project(s).,,Same name is merged only within the same institution; identical names at different institutions stay separate.
PRJ-0303,project,Rotating Solar Collector As A Steam Genrator.,Rotating Solar Collector As A Steam Genrator.,GIAN-NIDHI,GIAN Nidhi record 303,,
PER-GN-01048,person,Pratik Mehta,Pratik Mehta,GIAN-NIDHI,Participant in GIAN Nidhi student project(s).,,Same name is merged only within the same institution; identical names at different institutions stay separate.
PER-GN-01049,person,Swapnil Borgaonkar,Swapnil Borgaonkar,GIAN-NIDHI,Participant in GIAN Nidhi student project(s).,,Same name is merged only within the same institution; identical names at different institutions stay separate.
PER-GN-01050,person,Ajaykumar Ray,Ajaykumar Ray,GIAN-NIDHI,Participant in GIAN Nidhi student project(s).,,Same name is merged only within the same institution; identical names at different institutions stay separate.
PER-GN-01051,person,Kirti Godbole,Kirti Godbole,GIAN-NIDHI,Participant in GIAN Nidhi student project(s).,,Same name is merged only within the same institution; identical names at different institutions stay separate.
PRJ-0304,project,ECONOMICAL DOMESTIC GAS GEYSER,ECONOMICAL DOMESTIC GAS GEYSER,GIAN-NIDHI,GIAN Nidhi record 304,,
PER-GN-01052,person,Prasad D. Vatni,Prasad D. Vatni,GIAN-NIDHI,Participant in GIAN Nidhi student project(s).,,Same name is merged only within the same institution; identical names at different institutions stay separate.
PER-GN-01053,person,Md. Ibrar Kazi,Md. Ibrar Kazi,GIAN-NIDHI,Participant in GIAN Nidhi student project(s).,,Same name is merged only within the same institution; identical names at different institutions stay separate.
PER-GN-01054,person,Shahenawaj Kazi,Shahenawaj Kazi,GIAN-NIDHI,Participant in GIAN Nidhi student project(s).,,Same name is merged only within the same institution; identical names at different institutions stay separate.
PER-GN-01055,person,Pradeep Kamble,Pradeep Kamble,GIAN-NIDHI,Participant in GIAN Nidhi student project(s).,,Same name is merged only within the same institution; identical names at different institutions stay separate.
PRJ-0305,project,Multipurpose Absorption Rate Meter for Fabrics,Multipurpose Absorption Rate Meter for Fabrics,GIAN-NIDHI,GIAN Nidhi record 305,,
PER-GN-01056,person,Pawar Mayuri Dilip,Pawar Mayuri Dilip,GIAN-NIDHI,Participant in GIAN Nidhi student project(s).,,Same name is merged only within the same institution; identical names at different institutions stay separate.
PER-GN-01057,person,Halle Priyanka Dhondiraj,Halle Priyanka Dhondiraj,GIAN-NIDHI,Participant in GIAN Nidhi student project(s).,,Same name is merged only within the same institution; identical names at different institutions stay separate.
PER-GN-01058,person,Shitole Vidya Shreerang,Shitole Vidya Shreerang,GIAN-NIDHI,Participant in GIAN Nidhi student project(s).,,Same name is merged only within the same institution; identical names at different institutions stay separate.
PER-GN-01059,person,Khadake Mrunal Rangnath,Khadake Mrunal Rangnath,GIAN-NIDHI,Participant in GIAN Nidhi student project(s).,,Same name is merged only within the same institution; identical names at different institutions stay separate.
PRJ-0306,project,Manufacturing of Ethyl from Dairy Waste,Manufacturing of Ethyl from Dairy Waste,GIAN-NIDHI,GIAN Nidhi record 306,,
PER-GN-01060,person,Harge Mahesh Rajendra,Harge Mahesh Rajendra,GIAN-NIDHI,Participant in GIAN Nidhi student project(s).,,Same name is merged only within the same institution; identical names at different institutions stay separate.
PER-GN-01061,person,Dixit Mandar Dattatray,Dixit Mandar Dattatray,GIAN-NIDHI,Participant in GIAN Nidhi student project(s).,,Same name is merged only within the same institution; identical names at different institutions stay separate.
PER-GN-01062,person,Patil Sagar Subrao,Patil Sagar Subrao,GIAN-NIDHI,Participant in GIAN Nidhi student project(s).,,Same name is merged only within the same institution; identical names at different institutions stay separate.
PRJ-0307,project,Bio-Diesel from Jatropha,Bio-Diesel from Jatropha,GIAN-NIDHI,GIAN Nidhi record 307,,
PER-GN-01063,person,Yewale Pradip Namedeorao,Yewale Pradip Namedeorao,GIAN-NIDHI,Participant in GIAN Nidhi student project(s).,,Same name is merged only within the same institution; identical names at different institutions stay separate.
PER-GN-01064,person,Diware Amol Moreshwarrao,Diware Amol Moreshwarrao,GIAN-NIDHI,Participant in GIAN Nidhi student project(s).,,Same name is merged only within the same institution; identical names at different institutions stay separate.
PER-GN-01065,person,Komalwar Tushar K,Komalwar Tushar K,GIAN-NIDHI,Participant in GIAN Nidhi student project(s).,,Same name is merged only within the same institution; identical names at different institutions stay separate.
PER-GN-01066,person,Kakde Pavan Sadashivrao,Kakde Pavan Sadashivrao,GIAN-NIDHI,Participant in GIAN Nidhi student project(s).,,Same name is merged only within the same institution; identical names at different institutions stay separate.
PER-GN-01067,person,Zilpe Anup Ashokrao,Zilpe Anup Ashokrao,GIAN-NIDHI,Participant in GIAN Nidhi student project(s).,,Same name is merged only within the same institution; identical names at different institutions stay separate.
PER-GN-01068,person,Bagde Manish Rameshrao,Bagde Manish Rameshrao,GIAN-NIDHI,Participant in GIAN Nidhi student project(s).,,Same name is merged only within the same institution; identical names at different institutions stay separate.
PRJ-0308,project,Coating Powder Wastage Reducing Machine (Cyclone Separator),Coating Powder Wastage Reducing Machine (Cyclone Separator),GIAN-NIDHI,GIAN Nidhi record 308,,
PER-GN-01069,person,Mali Hitendra Moreshwar,Mali Hitendra Moreshwar,GIAN-NIDHI,Participant in GIAN Nidhi student project(s).,,Same name is merged only within the same institution; identical names at different institutions stay separate.
PER-GN-01070,person,Dhake Dipak Vasudev,Dhake Dipak Vasudev,GIAN-NIDHI,Participant in GIAN Nidhi student project(s).,,Same name is merged only within the same institution; identical names at different institutions stay separate.
PER-GN-01071,person,Baviskar Amit Suresh,Baviskar Amit Suresh,GIAN-NIDHI,Participant in GIAN Nidhi student project(s).,,Same name is merged only within the same institution; identical names at different institutions stay separate.
PER-GN-01072,person,Nale Vishal Shalik,Nale Vishal Shalik,GIAN-NIDHI,Participant in GIAN Nidhi student project(s).,,Same name is merged only within the same institution; identical names at different institutions stay separate.
PER-GN-01073,person,Chaudhari Lokesh Kamlakar,Chaudhari Lokesh Kamlakar,GIAN-NIDHI,Participant in GIAN Nidhi student project(s).,,Same name is merged only within the same institution; identical names at different institutions stay separate.
PRJ-0309,project,Depolymerisation of PET Waste by Saponification,Depolymerisation of PET Waste by Saponification,GIAN-NIDHI,GIAN Nidhi record 309,,
PER-GN-01074,person,Agrawal Deepti Vinod,Agrawal Deepti Vinod,GIAN-NIDHI,Participant in GIAN Nidhi student project(s).,,Same name is merged only within the same institution; identical names at different institutions stay separate.
PER-GN-01075,person,Patel Mittal Babubhai,Patel Mittal Babubhai,GIAN-NIDHI,Participant in GIAN Nidhi student project(s).,,Same name is merged only within the same institution; identical names at different institutions stay separate.
PER-GN-01076,person,Patel Sachin Bipinbhai,Patel Sachin Bipinbhai,GIAN-NIDHI,Participant in GIAN Nidhi student project(s).,,Same name is merged only within the same institution; identical names at different institutions stay separate.
PRJ-0310,project,Automation In Bottling Process,Automation In Bottling Process,GIAN-NIDHI,GIAN Nidhi record 310,,
PER-GN-01077,person,Chavan Harshal C,Chavan Harshal C,GIAN-NIDHI,Participant in GIAN Nidhi student project(s).,,Same name is merged only within the same institution; identical names at different institutions stay separate.
PER-GN-01078,person,Chaudhari Smita M,Chaudhari Smita M,GIAN-NIDHI,Participant in GIAN Nidhi student project(s).,,Same name is merged only within the same institution; identical names at different institutions stay separate.
PER-GN-01079,person,Patil Rohini U,Patil Rohini U,GIAN-NIDHI,Participant in GIAN Nidhi student project(s).,,Same name is merged only within the same institution; identical names at different institutions stay separate.
PER-GN-01080,person,Dharmashale Vaishali B,Dharmashale Vaishali B,GIAN-NIDHI,Participant in GIAN Nidhi student project(s).,,Same name is merged only within the same institution; identical names at different institutions stay separate.
PER-GN-01081,person,Ahire Kanchan H,Ahire Kanchan H,GIAN-NIDHI,Participant in GIAN Nidhi student project(s).,,Same name is merged only within the same institution; identical names at different institutions stay separate.
PRJ-0311,project,Advanced water parameter measurement system,Advanced water parameter measurement system,GIAN-NIDHI,GIAN Nidhi record 311,,
PER-GN-01082,person,Yaligar Snehalata Shivanand,Yaligar Snehalata Shivanand,GIAN-NIDHI,Participant in GIAN Nidhi student project(s).,,Same name is merged only within the same institution; identical names at different institutions stay separate.
PER-GN-01083,person,Mali Madhuri Balasaheb,Mali Madhuri Balasaheb,GIAN-NIDHI,Participant in GIAN Nidhi student project(s).,,Same name is merged only within the same institution; identical names at different institutions stay separate.
PER-GN-01084,person,Waghamare Rohan Bhupal,Waghamare Rohan Bhupal,GIAN-NIDHI,Participant in GIAN Nidhi student project(s).,,Same name is merged only within the same institution; identical names at different institutions stay separate.
PRJ-0312,project,Highway speed security system,Highway speed security system,GIAN-NIDHI,GIAN Nidhi record 312,,
PER-GN-01085,person,Sumeet Meharchandani,Sumeet Meharchandani,GIAN-NIDHI,Participant in GIAN Nidhi student project(s).,,Same name is merged only within the same institution; identical names at different institutions stay separate.
PER-GN-01086,person,Abhishek Malvankar,Abhishek Malvankar,GIAN-NIDHI,Participant in GIAN Nidhi student project(s).,,Same name is merged only within the same institution; identical names at different institutions stay separate.
PER-GN-01087,person,Akshay Jadhav,Akshay Jadhav,GIAN-NIDHI,Participant in GIAN Nidhi student project(s).,,Same name is merged only within the same institution; identical names at different institutions stay separate.
PRJ-0313,project,Control & security on ship,Control & security on ship,GIAN-NIDHI,GIAN Nidhi record 313,,
PER-GN-01088,person,Adivarekar Ashwini Ashok,Adivarekar Ashwini Ashok,GIAN-NIDHI,Participant in GIAN Nidhi student project(s).,,Same name is merged only within the same institution; identical names at different institutions stay separate.
PER-GN-01089,person,Bendre Vibha Vijay,Bendre Vibha Vijay,GIAN-NIDHI,Participant in GIAN Nidhi student project(s).,,Same name is merged only within the same institution; identical names at different institutions stay separate.
PER-GN-01090,person,Desale Vishakha V,Desale Vishakha V,GIAN-NIDHI,Participant in GIAN Nidhi student project(s).,,Same name is merged only within the same institution; identical names at different institutions stay separate.
PER-GN-01091,person,Ingole Aarti Sudhakar,Ingole Aarti Sudhakar,GIAN-NIDHI,Participant in GIAN Nidhi student project(s).,,Same name is merged only within the same institution; identical names at different institutions stay separate.
PRJ-0314,project,"Two channel oscilloscope using ""PIC controllers""","Two channel oscilloscope using ""PIC controllers""",GIAN-NIDHI,GIAN Nidhi record 314,,
PER-GN-01092,person,Thakare Dhanashree Santosh,Thakare Dhanashree Santosh,GIAN-NIDHI,Participant in GIAN Nidhi student project(s).,,Same name is merged only within the same institution; identical names at different institutions stay separate.
PER-GN-01093,person,Thube Rohini Balkrishna,Thube Rohini Balkrishna | 0Thube Rohini Balkrishna,GIAN-NIDHI,Participant in GIAN Nidhi student project(s).,,Same name is merged only within the same institution; identical names at different institutions stay separate.
PER-GN-01094,person,Pawar Sunil Ukhardu,Pawar Sunil Ukhardu,GIAN-NIDHI,Participant in GIAN Nidhi student project(s).,,Same name is merged only within the same institution; identical names at different institutions stay separate.
PER-GN-01095,person,Gosavi Deepak,Gosavi Deepak,GIAN-NIDHI,Participant in GIAN Nidhi student project(s).,,Same name is merged only within the same institution; identical names at different institutions stay separate.
PER-GN-01096,person,Kapse Sarika Uttamrao,Kapse Sarika Uttamrao,GIAN-NIDHI,Participant in GIAN Nidhi student project(s).,,Same name is merged only within the same institution; identical names at different institutions stay separate.
PER-GN-01097,person,Watwe Gayatri Deepak,Watwe Gayatri Deepak,GIAN-NIDHI,Participant in GIAN Nidhi student project(s).,,Same name is merged only within the same institution; identical names at different institutions stay separate.
PRJ-0315,project,Identity detector & automatic toll controller,Identity detector & automatic toll controller,GIAN-NIDHI,GIAN Nidhi record 315,,
PER-GN-01098,person,Dhamdhere Sachin Kundlic,Dhamdhere Sachin Kundlic,GIAN-NIDHI,Participant in GIAN Nidhi student project(s).,,Same name is merged only within the same institution; identical names at different institutions stay separate.
PER-GN-01099,person,Giri Pawan Ranjit,Giri Pawan Ranjit,GIAN-NIDHI,Participant in GIAN Nidhi student project(s).,,Same name is merged only within the same institution; identical names at different institutions stay separate.
PER-GN-01100,person,Shrivat Ganesh Ramchandra,Shrivat Ganesh Ramchandra,GIAN-NIDHI,Participant in GIAN Nidhi student project(s).,,Same name is merged only within the same institution; identical names at different institutions stay separate.
PER-GN-01101,person,Satav Yogesh,Satav Yogesh,GIAN-NIDHI,Participant in GIAN Nidhi student project(s).,,Same name is merged only within the same institution; identical names at different institutions stay separate.
PRJ-0316,project,Speed checker for highways,Speed checker for highways,GIAN-NIDHI,GIAN Nidhi record 316,,
PER-GN-01102,person,Thakur Rita R,Thakur Rita R,GIAN-NIDHI,Participant in GIAN Nidhi student project(s).,,Same name is merged only within the same institution; identical names at different institutions stay separate.
PER-GN-01103,person,Sonwane Sunita M,Sonwane Sunita M,GIAN-NIDHI,Participant in GIAN Nidhi student project(s).,,Same name is merged only within the same institution; identical names at different institutions stay separate.
PER-GN-01104,person,Pawar Sharmishtha R,Pawar Sharmishtha R,GIAN-NIDHI,Participant in GIAN Nidhi student project(s).,,Same name is merged only within the same institution; identical names at different institutions stay separate.
PER-GN-01105,person,Chobale Neeta K,Chobale Neeta K,GIAN-NIDHI,Participant in GIAN Nidhi student project(s).,,Same name is merged only within the same institution; identical names at different institutions stay separate.
PRJ-0317,project,GSM based mobile health check – up kit,GSM based mobile health check – up kit,GIAN-NIDHI,GIAN Nidhi record 317,,
PER-GN-01106,person,Lakhapati Kunal,Lakhapati Kunal,GIAN-NIDHI,Participant in GIAN Nidhi student project(s).,,Same name is merged only within the same institution; identical names at different institutions stay separate.
PER-GN-01107,person,Desai Pratik,Desai Pratik,GIAN-NIDHI,Participant in GIAN Nidhi student project(s).,,Same name is merged only within the same institution; identical names at different institutions stay separate.
PER-GN-01108,person,Mistry Paras,Mistry Paras,GIAN-NIDHI,Participant in GIAN Nidhi student project(s).,,Same name is merged only within the same institution; identical names at different institutions stay separate.
PER-GN-01109,person,Pillay Karthika,Pillay Karthika,GIAN-NIDHI,Participant in GIAN Nidhi student project(s).,,Same name is merged only within the same institution; identical names at different institutions stay separate.
PRJ-0318,project,Multi output switched mode power supply,Multi output switched mode power supply,GIAN-NIDHI,GIAN Nidhi record 318,,
PER-GN-01110,person,Singh Ganesh Ramprasad,Singh Ganesh Ramprasad,GIAN-NIDHI,Participant in GIAN Nidhi student project(s).,,Same name is merged only within the same institution; identical names at different institutions stay separate.
PER-GN-01111,person,Chopade Rahul Vijay,Chopade Rahul Vijay,GIAN-NIDHI,Participant in GIAN Nidhi student project(s).,,Same name is merged only within the same institution; identical names at different institutions stay separate.
PER-GN-01112,person,Rajnore dilip Chagan,Rajnore dilip Chagan,GIAN-NIDHI,Participant in GIAN Nidhi student project(s).,,Same name is merged only within the same institution; identical names at different institutions stay separate.
PRJ-0319,project,MC 8051 based IR remote control for machines,MC 8051 based IR remote control for machines,GIAN-NIDHI,GIAN Nidhi record 319,,
PER-GN-01113,person,Hinge Madhur Jayantrao,Hinge Madhur Jayantrao,GIAN-NIDHI,Participant in GIAN Nidhi student project(s).,,Same name is merged only within the same institution; identical names at different institutions stay separate.
PER-GN-01114,person,Deshpande Anand Shripandrao,Deshpande Anand Shripandrao,GIAN-NIDHI,Participant in GIAN Nidhi student project(s).,,Same name is merged only within the same institution; identical names at different institutions stay separate.
PER-GN-01115,person,Kale Alankar Arunrao,Kale Alankar Arunrao,GIAN-NIDHI,Participant in GIAN Nidhi student project(s).,,Same name is merged only within the same institution; identical names at different institutions stay separate.
PER-GN-01116,person,Deshmukh Amol,Deshmukh Amol,GIAN-NIDHI,Participant in GIAN Nidhi student project(s).,,Same name is merged only within the same institution; identical names at different institutions stay separate.
PER-GN-01117,person,Mane Pradipkumar Mininath,Mane Pradipkumar Mininath,GIAN-NIDHI,Participant in GIAN Nidhi student project(s).,,Same name is merged only within the same institution; identical names at different institutions stay separate.
PRJ-0320,project,Digital fuel meter,Digital fuel meter,GIAN-NIDHI,GIAN Nidhi record 320,,
PER-GN-01118,person,Patil Avadhut Pandurang,Patil Avadhut Pandurang,GIAN-NIDHI,Participant in GIAN Nidhi student project(s).,,Same name is merged only within the same institution; identical names at different institutions stay separate.
PER-GN-01119,person,Patil Ranjeet Shahaji,Patil Ranjeet Shahaji,GIAN-NIDHI,Participant in GIAN Nidhi student project(s).,,Same name is merged only within the same institution; identical names at different institutions stay separate.
PER-GN-01120,person,Bhat-Shinde Omkar Pandurang,Bhat-Shinde Omkar Pandurang,GIAN-NIDHI,Participant in GIAN Nidhi student project(s).,,Same name is merged only within the same institution; identical names at different institutions stay separate.
PER-GN-01121,person,Patil Deepak,Patil Deepak,GIAN-NIDHI,Participant in GIAN Nidhi student project(s).,,Same name is merged only within the same institution; identical names at different institutions stay separate.
PER-GN-01122,person,Chougale Nilesh Mahadev,Chougale Nilesh Mahadev,GIAN-NIDHI,Participant in GIAN Nidhi student project(s).,,Same name is merged only within the same institution; identical names at different institutions stay separate.
PRJ-0321,project,Electronic blood pressure measurement,Electronic blood pressure measurement,GIAN-NIDHI,GIAN Nidhi record 321,,
PER-GN-01123,person,Nikhil N. Sonawale,Nikhil N. Sonawale,GIAN-NIDHI,Participant in GIAN Nidhi student project(s).,,Same name is merged only within the same institution; identical names at different institutions stay separate.
PER-GN-01124,person,udarshan P. Dolli,udarshan P. Dolli,GIAN-NIDHI,Participant in GIAN Nidhi student project(s).,,Same name is merged only within the same institution; identical names at different institutions stay separate.
PER-GN-01125,person,Makrand R. Kadam,Makrand R. Kadam,GIAN-NIDHI,Participant in GIAN Nidhi student project(s).,,Same name is merged only within the same institution; identical names at different institutions stay separate.
PER-GN-01126,person,Atul G. Marathe,Atul G. Marathe,GIAN-NIDHI,Participant in GIAN Nidhi student project(s).,,Same name is merged only within the same institution; identical names at different institutions stay separate.
PER-GN-01127,person,Ritesh B,Ritesh B,GIAN-NIDHI,Participant in GIAN Nidhi student project(s).,,Same name is merged only within the same institution; identical names at different institutions stay separate.
PRJ-0322,project,Speed checker for highway using microprocessor,Speed checker for highway using microprocessor,GIAN-NIDHI,GIAN Nidhi record 322,,
PER-GN-01128,person,Shingade Nitin V,Shingade Nitin V,GIAN-NIDHI,Participant in GIAN Nidhi student project(s).,,Same name is merged only within the same institution; identical names at different institutions stay separate.
PER-GN-01129,person,Kumbhar Ganesh M,Kumbhar Ganesh M,GIAN-NIDHI,Participant in GIAN Nidhi student project(s).,,Same name is merged only within the same institution; identical names at different institutions stay separate.
PER-GN-01130,person,Jadhav Vijay T,Jadhav Vijay T,GIAN-NIDHI,Participant in GIAN Nidhi student project(s).,,Same name is merged only within the same institution; identical names at different institutions stay separate.
PER-GN-01131,person,Upadhye Vishal A,Upadhye Vishal A,GIAN-NIDHI,Participant in GIAN Nidhi student project(s).,,Same name is merged only within the same institution; identical names at different institutions stay separate.
PRJ-0323,project,Embedded webserver for temperature control,Embedded webserver for temperature control,GIAN-NIDHI,GIAN Nidhi record 323,,
PER-GN-01132,person,Pawar Kiran Subhash,Pawar Kiran Subhash,GIAN-NIDHI,Participant in GIAN Nidhi student project(s).,,Same name is merged only within the same institution; identical names at different institutions stay separate.
PER-GN-01133,person,Sharma Vikas Narad,Sharma Vikas Narad,GIAN-NIDHI,Participant in GIAN Nidhi student project(s).,,Same name is merged only within the same institution; identical names at different institutions stay separate.
PER-GN-01134,person,Shedge Vaibhav Janardhan,Shedge Vaibhav Janardhan,GIAN-NIDHI,Participant in GIAN Nidhi student project(s).,,Same name is merged only within the same institution; identical names at different institutions stay separate.
PER-GN-01135,person,Kane Dedar,Kane Dedar,GIAN-NIDHI,Participant in GIAN Nidhi student project(s).,,Same name is merged only within the same institution; identical names at different institutions stay separate.
PER-GN-01136,person,Kulkarni Parag Arvind,Kulkarni Parag Arvind,GIAN-NIDHI,Participant in GIAN Nidhi student project(s).,,Same name is merged only within the same institution; identical names at different institutions stay separate.
PRJ-0324,project,Breath alcohol detector,Breath alcohol detector,GIAN-NIDHI,GIAN Nidhi record 324,,
PER-GN-01137,person,Rogye Shweta Prakash,Rogye Shweta Prakash,GIAN-NIDHI,Participant in GIAN Nidhi student project(s).,,Same name is merged only within the same institution; identical names at different institutions stay separate.
PER-GN-01138,person,Pawar Mansi Pradip,Pawar Mansi Pradip,GIAN-NIDHI,Participant in GIAN Nidhi student project(s).,,Same name is merged only within the same institution; identical names at different institutions stay separate.
PER-GN-01139,person,Sanas Poonam Prakas,Sanas Poonam Prakas,GIAN-NIDHI,Participant in GIAN Nidhi student project(s).,,Same name is merged only within the same institution; identical names at different institutions stay separate.
PER-GN-01140,person,Rahate Madhavi Balu,Rahate Madhavi Balu,GIAN-NIDHI,Participant in GIAN Nidhi student project(s).,,Same name is merged only within the same institution; identical names at different institutions stay separate.
PRJ-0325,project,Automatic tea & coffee maker (TEACO),Automatic tea & coffee maker (TEACO),GIAN-NIDHI,GIAN Nidhi record 325,,
PER-GN-01141,person,Vishal Dhamankar,Vishal Dhamankar,GIAN-NIDHI,Participant in GIAN Nidhi student project(s).,,Same name is merged only within the same institution; identical names at different institutions stay separate.
PER-GN-01142,person,Parekh,Parekh,GIAN-NIDHI,Participant in GIAN Nidhi student project(s).,,Same name is merged only within the same institution; identical names at different institutions stay separate.
PER-GN-01143,person,Shreerang Karambelkar,Shreerang Karambelkar,GIAN-NIDHI,Participant in GIAN Nidhi student project(s).,,Same name is merged only within the same institution; identical names at different institutions stay separate.
PER-GN-01144,person,Sanket Ghotey,Sanket Ghotey,GIAN-NIDHI,Participant in GIAN Nidhi student project(s).,,Same name is merged only within the same institution; identical names at different institutions stay separate.
PER-GN-01145,person,Aditya Rao,Aditya Rao,GIAN-NIDHI,Participant in GIAN Nidhi student project(s).,,Same name is merged only within the same institution; identical names at different institutions stay separate.
PER-GN-01146,person,Sagar Ghotey,Sagar Ghotey,GIAN-NIDHI,Participant in GIAN Nidhi student project(s).,,Same name is merged only within the same institution; identical names at different institutions stay separate.
PER-GN-01147,person,Mohit,Mohit,GIAN-NIDHI,Participant in GIAN Nidhi student project(s).,,Same name is merged only within the same institution; identical names at different institutions stay separate.
PRJ-0326,project,Controlling of electromechanical relay using PIC – 16F877A,Controlling of electromechanical relay using PIC – 16F877A,GIAN-NIDHI,GIAN Nidhi record 326,,
PER-GN-01148,person,Zadey Ashish Ankushrao,Zadey Ashish Ankushrao,GIAN-NIDHI,Participant in GIAN Nidhi student project(s).,,Same name is merged only within the same institution; identical names at different institutions stay separate.
PER-GN-01149,person,Deshpande Rama Mukundrao,Deshpande Rama Mukundrao,GIAN-NIDHI,Participant in GIAN Nidhi student project(s).,,Same name is merged only within the same institution; identical names at different institutions stay separate.
PER-GN-01150,person,Kalode Prashant Babarao,Kalode Prashant Babarao,GIAN-NIDHI,Participant in GIAN Nidhi student project(s).,,Same name is merged only within the same institution; identical names at different institutions stay separate.
PER-GN-01151,person,Pihul Kanchan,Pihul Kanchan,GIAN-NIDHI,Participant in GIAN Nidhi student project(s).,,Same name is merged only within the same institution; identical names at different institutions stay separate.
PER-GN-01152,person,Waghade Sarika Krushnrao,Waghade Sarika Krushnrao,GIAN-NIDHI,Participant in GIAN Nidhi student project(s).,,Same name is merged only within the same institution; identical names at different institutions stay separate.
PRJ-0327,project,Intelligent Traffic Light Control System Using PLC,Intelligent Traffic Light Control System Using PLC,GIAN-NIDHI,GIAN Nidhi record 327,,
PER-GN-01153,person,Awade Prathamesh,Awade Prathamesh,GIAN-NIDHI,Participant in GIAN Nidhi student project(s).,,Same name is merged only within the same institution; identical names at different institutions stay separate.
PER-GN-01154,person,Hulyalkar Rohan,Hulyalkar Rohan,GIAN-NIDHI,Participant in GIAN Nidhi student project(s).,,Same name is merged only within the same institution; identical names at different institutions stay separate.
PER-GN-01155,person,Mujumdar Prasad,Mujumdar Prasad,GIAN-NIDHI,Participant in GIAN Nidhi student project(s).,,Same name is merged only within the same institution; identical names at different institutions stay separate.
PRJ-0328,project,Line Follower Robot,Line Follower Robot,GIAN-NIDHI,GIAN Nidhi record 328,,
PER-GN-01156,person,Ganesh pratap Lagade,Ganesh pratap Lagade,GIAN-NIDHI,Participant in GIAN Nidhi student project(s).,,Same name is merged only within the same institution; identical names at different institutions stay separate.
PER-GN-01157,person,Shrikant Rajaram Thigale,Shrikant Rajaram Thigale,GIAN-NIDHI,Participant in GIAN Nidhi student project(s).,,Same name is merged only within the same institution; identical names at different institutions stay separate.
PER-GN-01158,person,Nitin Kailas Kokate,Nitin Kailas Kokate,GIAN-NIDHI,Participant in GIAN Nidhi student project(s).,,Same name is merged only within the same institution; identical names at different institutions stay separate.
PER-GN-01159,person,Nikhil Dattatraya Kulkarni,Nikhil Dattatraya Kulkarni,GIAN-NIDHI,Participant in GIAN Nidhi student project(s).,,Same name is merged only within the same institution; identical names at different institutions stay separate.
PER-GN-01160,person,Sachin Sanjay Paygude,Sachin Sanjay Paygude,GIAN-NIDHI,Participant in GIAN Nidhi student project(s).,,Same name is merged only within the same institution; identical names at different institutions stay separate.
PRJ-0329,project,Low Cost Lcd Projector,Low Cost Lcd Projector,GIAN-NIDHI,GIAN Nidhi record 329,,
PER-GN-01161,person,Shastri Balaji Keshvrao,Shastri Balaji Keshvrao,GIAN-NIDHI,Participant in GIAN Nidhi student project(s).,,Same name is merged only within the same institution; identical names at different institutions stay separate.
PER-GN-01162,person,Jain Rohit Pramod,Jain Rohit Pramod,GIAN-NIDHI,Participant in GIAN Nidhi student project(s).,,Same name is merged only within the same institution; identical names at different institutions stay separate.
PER-GN-01163,person,Mane sudhakar uttamrao,Mane sudhakar uttamrao,GIAN-NIDHI,Participant in GIAN Nidhi student project(s).,,Same name is merged only within the same institution; identical names at different institutions stay separate.
PRJ-0330,project,Microcontroller Based Parking With Security System,Microcontroller Based Parking With Security System,GIAN-NIDHI,GIAN Nidhi record 330,,
PER-GN-01164,person,Patil Vikas Shahji,Patil Vikas Shahji,GIAN-NIDHI,Participant in GIAN Nidhi student project(s).,,Same name is merged only within the same institution; identical names at different institutions stay separate.
PER-GN-01165,person,Narkar Mayur Mahesh,Narkar Mayur Mahesh,GIAN-NIDHI,Participant in GIAN Nidhi student project(s).,,Same name is merged only within the same institution; identical names at different institutions stay separate.
PER-GN-01166,person,Ayare Sagar Vasant,Ayare Sagar Vasant,GIAN-NIDHI,Participant in GIAN Nidhi student project(s).,,Same name is merged only within the same institution; identical names at different institutions stay separate.
PER-GN-01167,person,Mane Pramod Krishnat,Mane Pramod Krishnat,GIAN-NIDHI,Participant in GIAN Nidhi student project(s).,,Same name is merged only within the same institution; identical names at different institutions stay separate.
PER-GN-01168,person,Alone Vishal Sudhakar,Alone Vishal Sudhakar,GIAN-NIDHI,Participant in GIAN Nidhi student project(s).,,Same name is merged only within the same institution; identical names at different institutions stay separate.
PRJ-0331,project,Smart Highway,Smart Highway,GIAN-NIDHI,GIAN Nidhi record 331,,
PER-GN-01169,person,Dhakate Pankaj A,Dhakate Pankaj A,GIAN-NIDHI,Participant in GIAN Nidhi student project(s).,,Same name is merged only within the same institution; identical names at different institutions stay separate.
PER-GN-01170,person,Katkar Kunal V,Katkar Kunal V,GIAN-NIDHI,Participant in GIAN Nidhi student project(s).,,Same name is merged only within the same institution; identical names at different institutions stay separate.
PER-GN-01171,person,Awandekar Sushil Kumar,Awandekar Sushil Kumar,GIAN-NIDHI,Participant in GIAN Nidhi student project(s).,,Same name is merged only within the same institution; identical names at different institutions stay separate.
PRJ-0332,project,Smart security system,Smart security system,GIAN-NIDHI,GIAN Nidhi record 332,,
PER-GN-01172,person,Joshi Swapnil Shrikant,Joshi Swapnil Shrikant,GIAN-NIDHI,Participant in GIAN Nidhi student project(s).,,Same name is merged only within the same institution; identical names at different institutions stay separate.
PER-GN-01173,person,Darange Rushikesh Madhukar,Darange Rushikesh Madhukar,GIAN-NIDHI,Participant in GIAN Nidhi student project(s).,,Same name is merged only within the same institution; identical names at different institutions stay separate.
PER-GN-01174,person,Langhe Pravin Prakash,Langhe Pravin Prakash,GIAN-NIDHI,Participant in GIAN Nidhi student project(s).,,Same name is merged only within the same institution; identical names at different institutions stay separate.
PER-GN-01175,person,Bhosale Vaibhav Dattatraya,Bhosale Vaibhav Dattatraya,GIAN-NIDHI,Participant in GIAN Nidhi student project(s).,,Same name is merged only within the same institution; identical names at different institutions stay separate.
PRJ-0333,project,Flood intimation & weather reporting system,Flood intimation & weather reporting system,GIAN-NIDHI,GIAN Nidhi record 333,,
PER-GN-01176,person,Pachpande Purushottam Ramesh,Pachpande Purushottam Ramesh,GIAN-NIDHI,Participant in GIAN Nidhi student project(s).,,Same name is merged only within the same institution; identical names at different institutions stay separate.
PER-GN-01177,person,Munde Amol,Munde Amol,GIAN-NIDHI,Participant in GIAN Nidhi student project(s).,,Same name is merged only within the same institution; identical names at different institutions stay separate.
PER-GN-01178,person,Gayal Umesh Vilas,Gayal Umesh Vilas,GIAN-NIDHI,Participant in GIAN Nidhi student project(s).,,Same name is merged only within the same institution; identical names at different institutions stay separate.
PER-GN-01179,person,Mamidwar Amit S,Mamidwar Amit S,GIAN-NIDHI,Participant in GIAN Nidhi student project(s).,,Same name is merged only within the same institution; identical names at different institutions stay separate.
PER-GN-01180,person,Lahire Vinod S,Lahire Vinod S,GIAN-NIDHI,Participant in GIAN Nidhi student project(s).,,Same name is merged only within the same institution; identical names at different institutions stay separate.
PRJ-0334,project,Two DAM automation using Micro & RF transmitter & receiver,Two DAM automation using Micro & RF transmitter & receiver,GIAN-NIDHI,GIAN Nidhi record 334,,
PER-GN-01181,person,Salunke Kaveri N,Salunke Kaveri N,GIAN-NIDHI,Participant in GIAN Nidhi student project(s).,,Same name is merged only within the same institution; identical names at different institutions stay separate.
PER-GN-01182,person,Kaustubh S,Kaustubh S,GIAN-NIDHI,Participant in GIAN Nidhi student project(s).,,Same name is merged only within the same institution; identical names at different institutions stay separate.
PER-GN-01183,person,Duraphe Mayur,Duraphe Mayur,GIAN-NIDHI,Participant in GIAN Nidhi student project(s).,,Same name is merged only within the same institution; identical names at different institutions stay separate.
PER-GN-01184,person,Khadke Abhijit A,Khadke Abhijit A,GIAN-NIDHI,Participant in GIAN Nidhi student project(s).,,Same name is merged only within the same institution; identical names at different institutions stay separate.
PER-GN-01185,person,Kuhrade Shwetarani R,Kuhrade Shwetarani R,GIAN-NIDHI,Participant in GIAN Nidhi student project(s).,,Same name is merged only within the same institution; identical names at different institutions stay separate.
PER-GN-01186,person,Toradmal Deepali S,Toradmal Deepali S,GIAN-NIDHI,Participant in GIAN Nidhi student project(s).,,Same name is merged only within the same institution; identical names at different institutions stay separate.
PRJ-0335,project,Tripping sequence recorder cum indicator,Tripping sequence recorder cum indicator,GIAN-NIDHI,GIAN Nidhi record 335,,
PER-GN-01187,person,Chandiwala Vali Mohammed,Chandiwala Vali Mohammed,GIAN-NIDHI,Participant in GIAN Nidhi student project(s).,,Same name is merged only within the same institution; identical names at different institutions stay separate.
PER-GN-01188,person,Pranav Doshi,Pranav Doshi,GIAN-NIDHI,Participant in GIAN Nidhi student project(s).,,Same name is merged only within the same institution; identical names at different institutions stay separate.
PER-GN-01189,person,Chauhan Dhruv,Chauhan Dhruv,GIAN-NIDHI,Participant in GIAN Nidhi student project(s).,,Same name is merged only within the same institution; identical names at different institutions stay separate.
PER-GN-01190,person,Ebrahim Habiya,Ebrahim Habiya,GIAN-NIDHI,Participant in GIAN Nidhi student project(s).,,Same name is merged only within the same institution; identical names at different institutions stay separate.
PRJ-0336,project,PC based flexible web camera,PC based flexible web camera,GIAN-NIDHI,GIAN Nidhi record 336,,
PER-GN-01191,person,Verma Pramod,Verma Pramod,GIAN-NIDHI,Participant in GIAN Nidhi student project(s).,,Same name is merged only within the same institution; identical names at different institutions stay separate.
PER-GN-01192,person,Prem Prakash,Prem Prakash,GIAN-NIDHI,Participant in GIAN Nidhi student project(s).,,Same name is merged only within the same institution; identical names at different institutions stay separate.
PRJ-0337,project,Multifunctional sensing intelligent machine,Multifunctional sensing intelligent machine,GIAN-NIDHI,GIAN Nidhi record 337,,
PER-GN-01193,person,Roshan Kumar Tiwari,Roshan Kumar Tiwari,GIAN-NIDHI,Participant in GIAN Nidhi student project(s).,,Same name is merged only within the same institution; identical names at different institutions stay separate.
PER-GN-01194,person,Sugandh Sinha,Sugandh Sinha,GIAN-NIDHI,Participant in GIAN Nidhi student project(s).,,Same name is merged only within the same institution; identical names at different institutions stay separate.
PER-GN-01195,person,Saket Sinha,Saket Sinha,GIAN-NIDHI,Participant in GIAN Nidhi student project(s).,,Same name is merged only within the same institution; identical names at different institutions stay separate.
PER-GN-01196,person,Chandan Kumar,Chandan Kumar,GIAN-NIDHI,Participant in GIAN Nidhi student project(s).,,Same name is merged only within the same institution; identical names at different institutions stay separate.
PRJ-0338,project,Electro guard ( Car lock to unlock system),Electro guard ( Car lock to unlock system),GIAN-NIDHI,GIAN Nidhi record 338,,
PER-GN-01197,person,Mihir Prabhaka,Mihir Prabhaka,GIAN-NIDHI,Participant in GIAN Nidhi student project(s).,,Same name is merged only within the same institution; identical names at different institutions stay separate.
PER-GN-01198,person,Kartik Vinod Parmar,Kartik Vinod Parmar,GIAN-NIDHI,Participant in GIAN Nidhi student project(s).,,Same name is merged only within the same institution; identical names at different institutions stay separate.
PER-GN-01199,person,Shehbaz Aziz Chowgule,Shehbaz Aziz Chowgule,GIAN-NIDHI,Participant in GIAN Nidhi student project(s).,,Same name is merged only within the same institution; identical names at different institutions stay separate.
PRJ-0339,project,Automatic guided vehicles,Automatic guided vehicles,GIAN-NIDHI,GIAN Nidhi record 339,,
PER-GN-01200,person,Khandelwal Atish S,Khandelwal Atish S,GIAN-NIDHI,Participant in GIAN Nidhi student project(s).,,Same name is merged only within the same institution; identical names at different institutions stay separate.
PER-GN-01201,person,Wankhede Pratibha L,Wankhede Pratibha L,GIAN-NIDHI,Participant in GIAN Nidhi student project(s).,,Same name is merged only within the same institution; identical names at different institutions stay separate.
PER-GN-01202,person,Bramhpurikar Ganesh B,Bramhpurikar Ganesh B,GIAN-NIDHI,Participant in GIAN Nidhi student project(s).,,Same name is merged only within the same institution; identical names at different institutions stay separate.
PER-GN-01203,person,Umathe Khushal P,Umathe Khushal P,GIAN-NIDHI,Participant in GIAN Nidhi student project(s).,,Same name is merged only within the same institution; identical names at different institutions stay separate.
PRJ-0340,project,Micro – Controller based low cost filling plant,Micro – Controller based low cost filling plant,GIAN-NIDHI,GIAN Nidhi record 340,,
PER-GN-01204,person,Nair Sreenath Sreeraj,Nair Sreenath Sreeraj,GIAN-NIDHI,Participant in GIAN Nidhi student project(s).,,Same name is merged only within the same institution; identical names at different institutions stay separate.
PER-GN-01205,person,Inamdar Mazhar Asad,Inamdar Mazhar Asad,GIAN-NIDHI,Participant in GIAN Nidhi student project(s).,,Same name is merged only within the same institution; identical names at different institutions stay separate.
PER-GN-01206,person,hadange Nilesh Shantaram,hadange Nilesh Shantaram,GIAN-NIDHI,Participant in GIAN Nidhi student project(s).,,Same name is merged only within the same institution; identical names at different institutions stay separate.
PER-GN-01207,person,Chandgude Girish Ganpatrao,Chandgude Girish Ganpatrao,GIAN-NIDHI,Participant in GIAN Nidhi student project(s).,,Same name is merged only within the same institution; identical names at different institutions stay separate.
PRJ-0341,project,"""Shirodhara"" an Ayurvedic medical treatment with automisation.","""Shirodhara"" an Ayurvedic medical treatment with automisation.",GIAN-NIDHI,GIAN Nidhi record 341,,
PER-GN-01208,person,Lakde Amol Dattatray,Lakde Amol Dattatray,GIAN-NIDHI,Participant in GIAN Nidhi student project(s).,,Same name is merged only within the same institution; identical names at different institutions stay separate.
PER-GN-01209,person,Garge Uday Vilasrao,Garge Uday Vilasrao,GIAN-NIDHI,Participant in GIAN Nidhi student project(s).,,Same name is merged only within the same institution; identical names at different institutions stay separate.
PRJ-0342,project,Home automation system,Home automation system,GIAN-NIDHI,GIAN Nidhi record 342,,
PER-GN-01210,person,Shah Dhruval,Shah Dhruval,GIAN-NIDHI,Participant in GIAN Nidhi student project(s).,,Same name is merged only within the same institution; identical names at different institutions stay separate.
PER-GN-01211,person,Patel Keyur,Patel Keyur,GIAN-NIDHI,Participant in GIAN Nidhi student project(s).,,Same name is merged only within the same institution; identical names at different institutions stay separate.
PER-GN-01212,person,Thakur Briyan,Thakur Briyan,GIAN-NIDHI,Participant in GIAN Nidhi student project(s).,,Same name is merged only within the same institution; identical names at different institutions stay separate.
PRJ-0343,project,Stair case based power generation,Stair case based power generation,GIAN-NIDHI,GIAN Nidhi record 343,,
PER-GN-01213,person,Prashant Chandra,Prashant Chandra,GIAN-NIDHI,Participant in GIAN Nidhi student project(s).,,Same name is merged only within the same institution; identical names at different institutions stay separate.
PER-GN-01214,person,Sarkar,Sarkar,GIAN-NIDHI,Participant in GIAN Nidhi student project(s).,,Same name is merged only within the same institution; identical names at different institutions stay separate.
PER-GN-01215,person,Vinod,Vinod,GIAN-NIDHI,Participant in GIAN Nidhi student project(s).,,Same name is merged only within the same institution; identical names at different institutions stay separate.
PER-GN-01216,person,Krishne Manaria,Krishne Manaria,GIAN-NIDHI,Participant in GIAN Nidhi student project(s).,,Same name is merged only within the same institution; identical names at different institutions stay separate.
PER-GN-01217,person,Pratik Kachalwar,Pratik Kachalwar,GIAN-NIDHI,Participant in GIAN Nidhi student project(s).,,Same name is merged only within the same institution; identical names at different institutions stay separate.
PER-GN-01218,person,Gaurav Lodha,Gaurav Lodha,GIAN-NIDHI,Participant in GIAN Nidhi student project(s).,,Same name is merged only within the same institution; identical names at different institutions stay separate.
PRJ-0344,project,Design & fabrication of sensor based escalator,Design & fabrication of sensor based escalator,GIAN-NIDHI,GIAN Nidhi record 344,,
PER-GN-01219,person,Mr. Shirbhate S. S,Mr. Shirbhate S. S,GIAN-NIDHI,Participant in GIAN Nidhi student project(s).,,Same name is merged only within the same institution; identical names at different institutions stay separate.
PER-GN-01220,person,Burnure V.V. Dhake G.P,Burnure V.V. Dhake G.P,GIAN-NIDHI,Participant in GIAN Nidhi student project(s).,,Same name is merged only within the same institution; identical names at different institutions stay separate.
PER-GN-01221,person,Datar G.S,Datar G.S,GIAN-NIDHI,Participant in GIAN Nidhi student project(s).,,Same name is merged only within the same institution; identical names at different institutions stay separate.
PER-GN-01222,person,Ihare,Ihare,GIAN-NIDHI,Participant in GIAN Nidhi student project(s).,,Same name is merged only within the same institution; identical names at different institutions stay separate.
PRJ-0345,project,Oil charcoal silencer,Oil charcoal silencer,GIAN-NIDHI,GIAN Nidhi record 345,,
PER-GN-01223,person,Mr. Mandar S. Joshi,Mr. Mandar S. Joshi,GIAN-NIDHI,Participant in GIAN Nidhi student project(s).,,Same name is merged only within the same institution; identical names at different institutions stay separate.
PER-GN-01224,person,Dinlorkar K. K,Dinlorkar K. K,GIAN-NIDHI,Participant in GIAN Nidhi student project(s).,,Same name is merged only within the same institution; identical names at different institutions stay separate.
PER-GN-01225,person,Kantute S.V,Kantute S.V,GIAN-NIDHI,Participant in GIAN Nidhi student project(s).,,Same name is merged only within the same institution; identical names at different institutions stay separate.
PER-GN-01226,person,Wankhede Abhay U,Wankhede Abhay U,GIAN-NIDHI,Participant in GIAN Nidhi student project(s).,,Same name is merged only within the same institution; identical names at different institutions stay separate.
PER-GN-01227,person,Dandekar Durvesh V,Dandekar Durvesh V,GIAN-NIDHI,Participant in GIAN Nidhi student project(s).,,Same name is merged only within the same institution; identical names at different institutions stay separate.
PER-GN-01228,person,Joseph Derick Robert,Joseph Derick Robert,GIAN-NIDHI,Participant in GIAN Nidhi student project(s).,,Same name is merged only within the same institution; identical names at different institutions stay separate.
PRJ-0346,project,The Rotating Cylinder Valve 4-Stroke Engine,The Rotating Cylinder Valve 4-Stroke Engine,GIAN-NIDHI,GIAN Nidhi record 346,,
PER-GN-01229,person,Nirav K. Joshi,Nirav K. Joshi,GIAN-NIDHI,Participant in GIAN Nidhi student project(s).,,Same name is merged only within the same institution; identical names at different institutions stay separate.
PER-GN-01230,person,Utkarsha S.Aukalrhope,Utkarsha S.Aukalrhope,GIAN-NIDHI,Participant in GIAN Nidhi student project(s).,,Same name is merged only within the same institution; identical names at different institutions stay separate.
PER-GN-01231,person,Someet Rout,Someet Rout,GIAN-NIDHI,Participant in GIAN Nidhi student project(s).,,Same name is merged only within the same institution; identical names at different institutions stay separate.
PER-GN-01232,person,Amit K. Shetye,Amit K. Shetye,GIAN-NIDHI,Participant in GIAN Nidhi student project(s).,,Same name is merged only within the same institution; identical names at different institutions stay separate.
PER-GN-01233,person,Siddharth A. Joshi,Siddharth A. Joshi,GIAN-NIDHI,Participant in GIAN Nidhi student project(s).,,Same name is merged only within the same institution; identical names at different institutions stay separate.
PRJ-0347,project,Regenerative air cooler & heater,Regenerative air cooler & heater,GIAN-NIDHI,GIAN Nidhi record 347,,
PER-GN-01234,person,Aanand G. Chambhare,Aanand G. Chambhare,GIAN-NIDHI,Participant in GIAN Nidhi student project(s).,,Same name is merged only within the same institution; identical names at different institutions stay separate.
PER-GN-01235,person,Swapnil S. Saraf,Swapnil S. Saraf,GIAN-NIDHI,Participant in GIAN Nidhi student project(s).,,Same name is merged only within the same institution; identical names at different institutions stay separate.
PER-GN-01236,person,Pankaj G. Bhole,Pankaj G. Bhole,GIAN-NIDHI,Participant in GIAN Nidhi student project(s).,,Same name is merged only within the same institution; identical names at different institutions stay separate.
PER-GN-01237,person,Manish V. Shivramwar,Manish V. Shivramwar,GIAN-NIDHI,Participant in GIAN Nidhi student project(s).,,Same name is merged only within the same institution; identical names at different institutions stay separate.
PRJ-0348,project,Diesel vehicle emission control equipment,Diesel vehicle emission control equipment,GIAN-NIDHI,GIAN Nidhi record 348,,
PER-GN-01238,person,Narkhede Laxmikant Prabhakar,Narkhede Laxmikant Prabhakar,GIAN-NIDHI,Participant in GIAN Nidhi student project(s).,,Same name is merged only within the same institution; identical names at different institutions stay separate.
PER-GN-01239,person,Chhajed Adarsh Lalit,Chhajed Adarsh Lalit,GIAN-NIDHI,Participant in GIAN Nidhi student project(s).,,Same name is merged only within the same institution; identical names at different institutions stay separate.
PER-GN-01240,person,Patil Mayor Anil,Patil Mayor Anil,GIAN-NIDHI,Participant in GIAN Nidhi student project(s).,,Same name is merged only within the same institution; identical names at different institutions stay separate.
PRJ-0349,project,Manufacturing of ethanol from MSW,Manufacturing of ethanol from MSW,GIAN-NIDHI,GIAN Nidhi record 349,,
PER-GN-01241,person,Pankaj D. Junghare,Pankaj D. Junghare,GIAN-NIDHI,Participant in GIAN Nidhi student project(s).,,Same name is merged only within the same institution; identical names at different institutions stay separate.
PER-GN-01242,person,Dhundiraj P. Deshpande,Dhundiraj P. Deshpande,GIAN-NIDHI,Participant in GIAN Nidhi student project(s).,,Same name is merged only within the same institution; identical names at different institutions stay separate.
PER-GN-01243,person,Alok Khanzode,Alok Khanzode,GIAN-NIDHI,Participant in GIAN Nidhi student project(s).,,Same name is merged only within the same institution; identical names at different institutions stay separate.
PER-GN-01244,person,Avinash Belgamwar,Avinash Belgamwar,GIAN-NIDHI,Participant in GIAN Nidhi student project(s).,,Same name is merged only within the same institution; identical names at different institutions stay separate.
PER-GN-01245,person,Sameer Bhore,Sameer Bhore,GIAN-NIDHI,Participant in GIAN Nidhi student project(s).,,Same name is merged only within the same institution; identical names at different institutions stay separate.
PER-GN-01246,person,Devidas Mahajan,Devidas Mahajan,GIAN-NIDHI,Participant in GIAN Nidhi student project(s).,,Same name is merged only within the same institution; identical names at different institutions stay separate.
PRJ-0350,project,Multi tasking crane,Multi tasking crane,GIAN-NIDHI,GIAN Nidhi record 350,,
PER-GN-01247,person,Mehatre Pankaj P,Mehatre Pankaj P,GIAN-NIDHI,Participant in GIAN Nidhi student project(s).,,Same name is merged only within the same institution; identical names at different institutions stay separate.
PER-GN-01248,person,Bijliwala Zaainab B,Bijliwala Zaainab B,GIAN-NIDHI,Participant in GIAN Nidhi student project(s).,,Same name is merged only within the same institution; identical names at different institutions stay separate.
PRJ-0351,project,Design of Industrial load Management using Automatic Control with Zigbee Wireless Technology,Design of Industrial load Management using Automatic Control with Zigbee Wireless Technology,GIAN-NIDHI,GIAN Nidhi record 351,,
PER-GN-01249,person,Ms.Pratiksha Bhusari,Ms.Pratiksha Bhusari,GIAN-NIDHI,Participant in GIAN Nidhi student project(s).,,Same name is merged only within the same institution; identical names at different institutions stay separate.
PER-GN-01250,person,Sachet Shambharkar,Sachet Shambharkar,GIAN-NIDHI,Participant in GIAN Nidhi student project(s).,,Same name is merged only within the same institution; identical names at different institutions stay separate.
PRJ-0352,project,Microcontroller Integrated Crop Management system by using Solar Panel,Microcontroller Integrated Crop Management system by using Solar Panel,GIAN-NIDHI,GIAN Nidhi record 352,,
PER-GN-01251,person,Mr Tanu Mazumdar,Mr Tanu Mazumdar,GIAN-NIDHI,Participant in GIAN Nidhi student project(s).,,Same name is merged only within the same institution; identical names at different institutions stay separate.
PER-GN-01252,person,Sanket Pureddiwar,Sanket Pureddiwar,GIAN-NIDHI,Participant in GIAN Nidhi student project(s).,,Same name is merged only within the same institution; identical names at different institutions stay separate.
PRJ-0353,project,Smart traffic signal system,Smart traffic signal system,GIAN-NIDHI,GIAN Nidhi record 353,,
PER-GN-01253,person,Mr.Kalpesh Seludkar,Mr.Kalpesh Seludkar,GIAN-NIDHI,Participant in GIAN Nidhi student project(s).,,Same name is merged only within the same institution; identical names at different institutions stay separate.
PER-GN-01254,person,Shubham Dongare,Shubham Dongare,GIAN-NIDHI,Participant in GIAN Nidhi student project(s).,,Same name is merged only within the same institution; identical names at different institutions stay separate.
PRJ-0354,project,Error Detection in Majority Logic Decoding of Euclidean Geometry Low Density Parity Check (EG-LDPC) Codes.,Error Detection in Majority Logic Decoding of Euclidean Geometry Low Density Parity Check (EG-LDPC) Codes.,GIAN-NIDHI,GIAN Nidhi record 354,,
PER-GN-01255,person,Ms. Sana Sheikh,Ms. Sana Sheikh,GIAN-NIDHI,Participant in GIAN Nidhi student project(s).,,Same name is merged only within the same institution; identical names at different institutions stay separate.
PRJ-0355,project,Robust Face Recognisation Using Largest Matching Area for Illumination and Occlusion,Robust Face Recognisation Using Largest Matching Area for Illumination and Occlusion,GIAN-NIDHI,GIAN Nidhi record 355,,
PER-GN-01256,person,Ms.Akshata Bansod,Ms.Akshata Bansod,GIAN-NIDHI,Participant in GIAN Nidhi student project(s).,,Same name is merged only within the same institution; identical names at different institutions stay separate.
PRJ-0356,project,To Combining Left and Right Palmprint Images for More Accurate Personal Identi?cation,To Combining Left and Right Palmprint Images for More Accurate Personal Identi?cation,GIAN-NIDHI,GIAN Nidhi record 356,,
PER-GN-01257,person,Ms. Sarika Pimple,Ms. Sarika Pimple,GIAN-NIDHI,Participant in GIAN Nidhi student project(s).,,Same name is merged only within the same institution; identical names at different institutions stay separate.
PRJ-0357,project,A Methodology For Extracting Standing Human Bodies From Single Images Using Multi Segmentation,A Methodology For Extracting Standing Human Bodies From Single Images Using Multi Segmentation,GIAN-NIDHI,GIAN Nidhi record 357,,
PER-GN-01258,person,Ms. Avanti Pawar,Ms. Avanti Pawar,GIAN-NIDHI,Participant in GIAN Nidhi student project(s).,,Same name is merged only within the same institution; identical names at different institutions stay separate.
PRJ-0358,project,Automatic Breathalyzer using Thumb Scanner,Automatic Breathalyzer using Thumb Scanner,GIAN-NIDHI,GIAN Nidhi record 358,,
PER-GN-01259,person,Ms. Shweta Mehar,Ms. Shweta Mehar,GIAN-NIDHI,Participant in GIAN Nidhi student project(s).,,Same name is merged only within the same institution; identical names at different institutions stay separate.
PRJ-0359,project,Design and Development of Solar Based Android Controlled Pesticide Dispenser,Design and Development of Solar Based Android Controlled Pesticide Dispenser,GIAN-NIDHI,GIAN Nidhi record 359,,
PER-GN-01260,person,Ms. Aboli Moroney,Ms. Aboli Moroney,GIAN-NIDHI,Participant in GIAN Nidhi student project(s).,,Same name is merged only within the same institution; identical names at different institutions stay separate.
PRJ-0360,project,IMPROVING THE POWER SYSTEM PERFORMANCE USING FACTS DEVICES WITH HARDWARE APPROACH,IMPROVING THE POWER SYSTEM PERFORMANCE USING FACTS DEVICES WITH HARDWARE APPROACH,GIAN-NIDHI,GIAN Nidhi record 360,,
PER-GN-01261,person,Pranjali R. Nirvikar,Pranjali R. Nirvikar,GIAN-NIDHI,Participant in GIAN Nidhi student project(s).,,Same name is merged only within the same institution; identical names at different institutions stay separate.
PRJ-0361,project,Earthquake Resistant Structure,Earthquake Resistant Structure,GIAN-NIDHI,GIAN Nidhi record 361,,
PER-GN-01262,person,Harsha Gadikar,Harsha Gadikar,GIAN-NIDHI,Participant in GIAN Nidhi student project(s).,,Same name is merged only within the same institution; identical names at different institutions stay separate.
PRJ-0362,project,"""Earthquake Resistant Structure""","""Earthquake Resistant Structure""",GIAN-NIDHI,GIAN Nidhi record 362,,
PER-GN-01263,person,Shurti Hadke,Shurti Hadke,GIAN-NIDHI,Participant in GIAN Nidhi student project(s).,,Same name is merged only within the same institution; identical names at different institutions stay separate.
PRJ-0363,project,"""UNDERGROUND CABLE FAULT DISTANCE LOCATOR WITH ALARM SYSTEM""","""UNDERGROUND CABLE FAULT DISTANCE LOCATOR WITH ALARM SYSTEM""",GIAN-NIDHI,GIAN Nidhi record 363,,
PER-GN-01264,person,Pushpak y. Paunikar,Pushpak y. Paunikar,GIAN-NIDHI,Participant in GIAN Nidhi student project(s).,,Same name is merged only within the same institution; identical names at different institutions stay separate.
PRJ-0364,project,'AUTOMATIC CONTROLLING OF WATER IRRIGATION','AUTOMATIC CONTROLLING OF WATER IRRIGATION',GIAN-NIDHI,GIAN Nidhi record 364,,
PER-GN-01265,person,Shehal Gondane,Shehal Gondane,GIAN-NIDHI,Participant in GIAN Nidhi student project(s).,,Same name is merged only within the same institution; identical names at different institutions stay separate.
PRJ-0365,project,IMPROVING THE POWER SYSTEM PERFORMANCE USING FACTS DEVICES WITH HARDWARE APPROACH,IMPROVING THE POWER SYSTEM PERFORMANCE USING FACTS DEVICES WITH HARDWARE APPROACH,GIAN-NIDHI,GIAN Nidhi record 365,,
PRJ-0366,project,"""UNIQUE POWER BANK FOR E-CART""","""UNIQUE POWER BANK FOR E-CART""",GIAN-NIDHI,GIAN Nidhi record 366,,
PER-GN-01266,person,Shubham Gomase,Shubham Gomase,GIAN-NIDHI,Participant in GIAN Nidhi student project(s).,,Same name is merged only within the same institution; identical names at different institutions stay separate.
PRJ-0367,project,AUTOMATIC PESTICIDE MIXING AND SPRAYING ROBOT,AUTOMATIC PESTICIDE MIXING AND SPRAYING ROBOT,GIAN-NIDHI,GIAN Nidhi record 367,,
PER-GN-01267,person,SHRADDHA RAUT,SHRADDHA RAUT,GIAN-NIDHI,Participant in GIAN Nidhi student project(s).,,Same name is merged only within the same institution; identical names at different institutions stay separate.
PER-GN-01268,person,NIKITA BAGUL,NIKITA BAGUL,GIAN-NIDHI,Participant in GIAN Nidhi student project(s).,,Same name is merged only within the same institution; identical names at different institutions stay separate.
PER-GN-01269,person,AARTI SOLANKE,AARTI SOLANKE,GIAN-NIDHI,Participant in GIAN Nidhi student project(s).,,Same name is merged only within the same institution; identical names at different institutions stay separate.
PRJ-0368,project,3D MODELLING ROBOT,3D MODELLING ROBOT,GIAN-NIDHI,GIAN Nidhi record 368,,
PER-GN-01270,person,DHANASHREE KULKARNI,DHANASHREE KULKARNI,GIAN-NIDHI,Participant in GIAN Nidhi student project(s).,,Same name is merged only within the same institution; identical names at different institutions stay separate.
PER-GN-01271,person,MANJIRI KULKARNI,MANJIRI KULKARNI,GIAN-NIDHI,Participant in GIAN Nidhi student project(s).,,Same name is merged only within the same institution; identical names at different institutions stay separate.
PER-GN-01272,person,SHIVANI MAHAJAN,SHIVANI MAHAJAN,GIAN-NIDHI,Participant in GIAN Nidhi student project(s).,,Same name is merged only within the same institution; identical names at different institutions stay separate.
PRJ-0369,project,AUTONOMOUS VISUAL CONTROL WITH POWER SAVING ALGORITHM FOR SMART BUILDING,AUTONOMOUS VISUAL CONTROL WITH POWER SAVING ALGORITHM FOR SMART BUILDING,GIAN-NIDHI,GIAN Nidhi record 369,,
PER-GN-01273,person,SUMEET KAKARWAL,SUMEET KAKARWAL,GIAN-NIDHI,Participant in GIAN Nidhi student project(s).,,Same name is merged only within the same institution; identical names at different institutions stay separate.
PER-GN-01274,person,BHUSHAN JADHAV,BHUSHAN JADHAV,GIAN-NIDHI,Participant in GIAN Nidhi student project(s).,,Same name is merged only within the same institution; identical names at different institutions stay separate.
PER-GN-01275,person,TEJAS JADHAV,TEJAS JADHAV,GIAN-NIDHI,Participant in GIAN Nidhi student project(s).,,Same name is merged only within the same institution; identical names at different institutions stay separate.
PER-GN-01276,person,KEDAR PATIL,KEDAR PATIL,GIAN-NIDHI,Participant in GIAN Nidhi student project(s).,,Same name is merged only within the same institution; identical names at different institutions stay separate.
PRJ-0370,project,BLUETOOTH BASED HISTRORICAL PLACED SYSTEM,BLUETOOTH BASED HISTRORICAL PLACED SYSTEM,GIAN-NIDHI,GIAN Nidhi record 370,,
PRJ-0371,project,CONTROLLOLING AND MONITORING OF COOLANT FOR INDUSTRIAL MACHINES,CONTROLLOLING AND MONITORING OF COOLANT FOR INDUSTRIAL MACHINES,GIAN-NIDHI,GIAN Nidhi record 371,,
PER-GN-01277,person,SANDESH SINGH,SANDESH SINGH,GIAN-NIDHI,Participant in GIAN Nidhi student project(s).,,Same name is merged only within the same institution; identical names at different institutions stay separate.
PER-GN-01278,person,YOGESH TAWDE,YOGESH TAWDE,GIAN-NIDHI,Participant in GIAN Nidhi student project(s).,,Same name is merged only within the same institution; identical names at different institutions stay separate.
PER-GN-01279,person,SUNILPAGARE,SUNILPAGARE,GIAN-NIDHI,Participant in GIAN Nidhi student project(s).,,Same name is merged only within the same institution; identical names at different institutions stay separate.
PER-GN-01280,person,RIZWANA SHAIKH,RIZWANA SHAIKH,GIAN-NIDHI,Participant in GIAN Nidhi student project(s).,,Same name is merged only within the same institution; identical names at different institutions stay separate.
PRJ-0372,project,INTELLIGENT STUDENT GRADING SYSTEM,INTELLIGENT STUDENT GRADING SYSTEM,GIAN-NIDHI,GIAN Nidhi record 372,,
PER-GN-01281,person,PANKAJ JAMBULKAR,PANKAJ JAMBULKAR,GIAN-NIDHI,Participant in GIAN Nidhi student project(s).,,Same name is merged only within the same institution; identical names at different institutions stay separate.
PER-GN-01282,person,DEEPAK KHEDEKAR,DEEPAK KHEDEKAR,GIAN-NIDHI,Participant in GIAN Nidhi student project(s).,,Same name is merged only within the same institution; identical names at different institutions stay separate.
PRJ-0373,project,LOW COST INTELLIGENT MILEAGE INDICATOR IN TWO WHEELERS,LOW COST INTELLIGENT MILEAGE INDICATOR IN TWO WHEELERS,GIAN-NIDHI,GIAN Nidhi record 373,,
PER-GN-01283,person,VAISHALI HALGE,VAISHALI HALGE,GIAN-NIDHI,Participant in GIAN Nidhi student project(s).,,Same name is merged only within the same institution; identical names at different institutions stay separate.
PER-GN-01284,person,NEELAM MESHRAM,NEELAM MESHRAM,GIAN-NIDHI,Participant in GIAN Nidhi student project(s).,,Same name is merged only within the same institution; identical names at different institutions stay separate.
PRJ-0374,project,SIGN TO SPEECH CONVERSION USING ANDROID PHONE FOR DUMB PEOPLE,SIGN TO SPEECH CONVERSION USING ANDROID PHONE FOR DUMB PEOPLE,GIAN-NIDHI,GIAN Nidhi record 374,,
PER-GN-01285,person,POOJA R. KANDE,POOJA R. KANDE,GIAN-NIDHI,Participant in GIAN Nidhi student project(s).,,Same name is merged only within the same institution; identical names at different institutions stay separate.
PER-GN-01286,person,RADHA TIWARI,RADHA TIWARI,GIAN-NIDHI,Participant in GIAN Nidhi student project(s).,,Same name is merged only within the same institution; identical names at different institutions stay separate.
PER-GN-01287,person,RUCHIRAKULKARNI,RUCHIRAKULKARNI,GIAN-NIDHI,Participant in GIAN Nidhi student project(s).,,Same name is merged only within the same institution; identical names at different institutions stay separate.
PRJ-0375,project,SMART DUSTBIN,SMART DUSTBIN,GIAN-NIDHI,GIAN Nidhi record 375,,
PER-GN-01288,person,APURVA KULKARNI,APURVA KULKARNI,GIAN-NIDHI,Participant in GIAN Nidhi student project(s).,,Same name is merged only within the same institution; identical names at different institutions stay separate.
PER-GN-01289,person,ASHVINI KUNTEWAD,ASHVINI KUNTEWAD,GIAN-NIDHI,Participant in GIAN Nidhi student project(s).,,Same name is merged only within the same institution; identical names at different institutions stay separate.
PER-GN-01290,person,NAMRATA S. LANDE,NAMRATA S. LANDE,GIAN-NIDHI,Participant in GIAN Nidhi student project(s).,,Same name is merged only within the same institution; identical names at different institutions stay separate.
PRJ-0376,project,SMART HELMET,SMART HELMET,GIAN-NIDHI,GIAN Nidhi record 376,,
PER-GN-01291,person,SHINY INGLES,SHINY INGLES,GIAN-NIDHI,Participant in GIAN Nidhi student project(s).,,Same name is merged only within the same institution; identical names at different institutions stay separate.
PER-GN-01292,person,SHUBHANGI DIVATE,SHUBHANGI DIVATE,GIAN-NIDHI,Participant in GIAN Nidhi student project(s).,,Same name is merged only within the same institution; identical names at different institutions stay separate.
PER-GN-01293,person,VAISHNAVI CHIDRAVAR,VAISHNAVI CHIDRAVAR,GIAN-NIDHI,Participant in GIAN Nidhi student project(s).,,Same name is merged only within the same institution; identical names at different institutions stay separate.
PRJ-0377,project,SMART SYSTEM FOR HISTORICAL MONUMENTS USING IOT,SMART SYSTEM FOR HISTORICAL MONUMENTS USING IOT,GIAN-NIDHI,GIAN Nidhi record 377,,
PRJ-0378,project,TRAFFIC CONTROL USING IMAGE PROCESSING,TRAFFIC CONTROL USING IMAGE PROCESSING,GIAN-NIDHI,GIAN Nidhi record 378,,
PER-GN-01294,person,SHRUTI LOHADE,SHRUTI LOHADE,GIAN-NIDHI,Participant in GIAN Nidhi student project(s).,,Same name is merged only within the same institution; identical names at different institutions stay separate.
PER-GN-01295,person,EKTA BHOJWANI,EKTA BHOJWANI,GIAN-NIDHI,Participant in GIAN Nidhi student project(s).,,Same name is merged only within the same institution; identical names at different institutions stay separate.
PRJ-0379,project,WATER QUALITY MONITORING AND CONTROLLING OF FISHING AGRICULTURE,WATER QUALITY MONITORING AND CONTROLLING OF FISHING AGRICULTURE,GIAN-NIDHI,GIAN Nidhi record 379,,
PRJ-0380,project,WOMEN SAFETY BAND,WOMEN SAFETY BAND,GIAN-NIDHI,GIAN Nidhi record 380,,
PER-GN-01296,person,SURENDRA GAYKE,SURENDRA GAYKE,GIAN-NIDHI,Participant in GIAN Nidhi student project(s).,,Same name is merged only within the same institution; identical names at different institutions stay separate.
PER-GN-01297,person,AMOL PRADHAN,AMOL PRADHAN,GIAN-NIDHI,Participant in GIAN Nidhi student project(s).,,Same name is merged only within the same institution; identical names at different institutions stay separate.
PER-GN-01298,person,GAJANAN MANE,GAJANAN MANE,GIAN-NIDHI,Participant in GIAN Nidhi student project(s).,,Same name is merged only within the same institution; identical names at different institutions stay separate.
PRJ-0381,project,Home & Establishment's Advanced Rescue Technology,Home & Establishment's Advanced Rescue Technology,GIAN-NIDHI,GIAN Nidhi record 381,,
PER-GN-01299,person,Mhasurnekar Mrunal,Mhasurnekar Mrunal,GIAN-NIDHI,Participant in GIAN Nidhi student project(s).,,Same name is merged only within the same institution; identical names at different institutions stay separate.
PER-GN-01300,person,gala Bhumika,gala Bhumika,GIAN-NIDHI,Participant in GIAN Nidhi student project(s).,,Same name is merged only within the same institution; identical names at different institutions stay separate.
PER-GN-01301,person,Leena Deshmukh,Leena Deshmukh,GIAN-NIDHI,Participant in GIAN Nidhi student project(s).,,Same name is merged only within the same institution; identical names at different institutions stay separate.
PRJ-0382,project,Modern solar water heater using PCM,Modern solar water heater using PCM,GIAN-NIDHI,GIAN Nidhi record 382,,
PER-GN-01302,person,Khatik Sultan Bashir,Khatik Sultan Bashir,GIAN-NIDHI,Participant in GIAN Nidhi student project(s).,,Same name is merged only within the same institution; identical names at different institutions stay separate.
PER-GN-01303,person,Bhtakande Bhushan,Bhtakande Bhushan,GIAN-NIDHI,Participant in GIAN Nidhi student project(s).,,Same name is merged only within the same institution; identical names at different institutions stay separate.
PER-GN-01304,person,Charoliya Sakir,Charoliya Sakir,GIAN-NIDHI,Participant in GIAN Nidhi student project(s).,,Same name is merged only within the same institution; identical names at different institutions stay separate.
PER-GN-01305,person,Hiragude,Hiragude,GIAN-NIDHI,Participant in GIAN Nidhi student project(s).,,Same name is merged only within the same institution; identical names at different institutions stay separate.
PRJ-0383,project,Hydroelectric Generator,Hydroelectric Generator,GIAN-NIDHI,GIAN Nidhi record 383,,
PER-GN-01306,person,Lakade Chandrashekhar,Lakade Chandrashekhar,GIAN-NIDHI,Participant in GIAN Nidhi student project(s).,,Same name is merged only within the same institution; identical names at different institutions stay separate.
PER-GN-01307,person,Kanase Pandharinath,Kanase Pandharinath,GIAN-NIDHI,Participant in GIAN Nidhi student project(s).,,Same name is merged only within the same institution; identical names at different institutions stay separate.
PER-GN-01308,person,Karache Ravindra,Karache Ravindra,GIAN-NIDHI,Participant in GIAN Nidhi student project(s).,,Same name is merged only within the same institution; identical names at different institutions stay separate.
PER-GN-01309,person,Patil Shradha,Patil Shradha,GIAN-NIDHI,Participant in GIAN Nidhi student project(s).,,Same name is merged only within the same institution; identical names at different institutions stay separate.
PRJ-0384,project,Mini biodiesel processor,Mini biodiesel processor,GIAN-NIDHI,GIAN Nidhi record 384,,
PER-GN-01310,person,Joshi Vikrant Anant,Joshi Vikrant Anant,GIAN-NIDHI,Participant in GIAN Nidhi student project(s).,,Same name is merged only within the same institution; identical names at different institutions stay separate.
PER-GN-01311,person,Date Jayant,Date Jayant,GIAN-NIDHI,Participant in GIAN Nidhi student project(s).,,Same name is merged only within the same institution; identical names at different institutions stay separate.
PER-GN-01312,person,Varkhede Sandeep,Varkhede Sandeep,GIAN-NIDHI,Participant in GIAN Nidhi student project(s).,,Same name is merged only within the same institution; identical names at different institutions stay separate.
PER-GN-01313,person,Kaka Prakash,Kaka Prakash,GIAN-NIDHI,Participant in GIAN Nidhi student project(s).,,Same name is merged only within the same institution; identical names at different institutions stay separate.
PER-GN-01314,person,Mahajan Parag,Mahajan Parag,GIAN-NIDHI,Participant in GIAN Nidhi student project(s).,,Same name is merged only within the same institution; identical names at different institutions stay separate.
PER-GN-01315,person,Bhole Nilesh,Bhole Nilesh,GIAN-NIDHI,Participant in GIAN Nidhi student project(s).,,Same name is merged only within the same institution; identical names at different institutions stay separate.
PRJ-0385,project,Sewage water treatment using PLC,Sewage water treatment using PLC,GIAN-NIDHI,GIAN Nidhi record 385,,
PER-GN-01316,person,Ptil Mandira,Ptil Mandira,GIAN-NIDHI,Participant in GIAN Nidhi student project(s).,,Same name is merged only within the same institution; identical names at different institutions stay separate.
PER-GN-01317,person,Khamakar Sampada,Khamakar Sampada,GIAN-NIDHI,Participant in GIAN Nidhi student project(s).,,Same name is merged only within the same institution; identical names at different institutions stay separate.
PER-GN-01318,person,jatre Medha,jatre Medha,GIAN-NIDHI,Participant in GIAN Nidhi student project(s).,,Same name is merged only within the same institution; identical names at different institutions stay separate.
PER-GN-01319,person,Sinalakar Harshada,Sinalakar Harshada,GIAN-NIDHI,Participant in GIAN Nidhi student project(s).,,Same name is merged only within the same institution; identical names at different institutions stay separate.
PER-GN-01320,person,telakhade Sampada,telakhade Sampada,GIAN-NIDHI,Participant in GIAN Nidhi student project(s).,,Same name is merged only within the same institution; identical names at different institutions stay separate.
PRJ-0386,project,Electric bus transist system with anticollision technology,Electric bus transist system with anticollision technology,GIAN-NIDHI,GIAN Nidhi record 386,,
PER-GN-01321,person,Gaikawad amol,Gaikawad amol,GIAN-NIDHI,Participant in GIAN Nidhi student project(s).,,Same name is merged only within the same institution; identical names at different institutions stay separate.
PER-GN-01322,person,mishra Sujit,mishra Sujit,GIAN-NIDHI,Participant in GIAN Nidhi student project(s).,,Same name is merged only within the same institution; identical names at different institutions stay separate.
PER-GN-01323,person,Jayesh Shintre,Jayesh Shintre,GIAN-NIDHI,Participant in GIAN Nidhi student project(s).,,Same name is merged only within the same institution; identical names at different institutions stay separate.
PER-GN-01324,person,Sammit Shukla,Sammit Shukla,GIAN-NIDHI,Participant in GIAN Nidhi student project(s).,,Same name is merged only within the same institution; identical names at different institutions stay separate.
PER-GN-01325,person,Raunak Patel,Raunak Patel,GIAN-NIDHI,Participant in GIAN Nidhi student project(s).,,Same name is merged only within the same institution; identical names at different institutions stay separate.
PER-GN-01326,person,Kalpesh Panchal,Kalpesh Panchal,GIAN-NIDHI,Participant in GIAN Nidhi student project(s).,,Same name is merged only within the same institution; identical names at different institutions stay separate.
PRJ-0387,project,Ozone generator,Ozone generator,GIAN-NIDHI,GIAN Nidhi record 387,,
PER-GN-01327,person,Kumbhakarna Darhsani,Kumbhakarna Darhsani,GIAN-NIDHI,Participant in GIAN Nidhi student project(s).,,Same name is merged only within the same institution; identical names at different institutions stay separate.
PER-GN-01328,person,Dharmadhikari Snehnkita,Dharmadhikari Snehnkita,GIAN-NIDHI,Participant in GIAN Nidhi student project(s).,,Same name is merged only within the same institution; identical names at different institutions stay separate.
PER-GN-01329,person,Muske Sangeeta,Muske Sangeeta,GIAN-NIDHI,Participant in GIAN Nidhi student project(s).,,Same name is merged only within the same institution; identical names at different institutions stay separate.
PRJ-0388,project,Flour mill operated by bull power,Flour mill operated by bull power,GIAN-NIDHI,GIAN Nidhi record 388,,
PER-GN-01330,person,Shinde sunil,Shinde sunil,GIAN-NIDHI,Participant in GIAN Nidhi student project(s).,,Same name is merged only within the same institution; identical names at different institutions stay separate.
PER-GN-01331,person,Godse Sandeep,Godse Sandeep,GIAN-NIDHI,Participant in GIAN Nidhi student project(s).,,Same name is merged only within the same institution; identical names at different institutions stay separate.
PER-GN-01332,person,Mirza Tausif,Mirza Tausif,GIAN-NIDHI,Participant in GIAN Nidhi student project(s).,,Same name is merged only within the same institution; identical names at different institutions stay separate.
PER-GN-01333,person,Jadhav Sachin,Jadhav Sachin,GIAN-NIDHI,Participant in GIAN Nidhi student project(s).,,Same name is merged only within the same institution; identical names at different institutions stay separate.
PER-GN-01334,person,Patil Yogesh,Patil Yogesh,GIAN-NIDHI,Participant in GIAN Nidhi student project(s).,,Same name is merged only within the same institution; identical names at different institutions stay separate.
PER-GN-01335,person,Dhakane Amol,Dhakane Amol,GIAN-NIDHI,Participant in GIAN Nidhi student project(s).,,Same name is merged only within the same institution; identical names at different institutions stay separate.
PRJ-0389,project,Water turbine and disaster management system,Water turbine and disaster management system,GIAN-NIDHI,GIAN Nidhi record 389,,
PER-GN-01336,person,Kothwala,Kothwala,GIAN-NIDHI,Participant in GIAN Nidhi student project(s).,,Same name is merged only within the same institution; identical names at different institutions stay separate.
PER-GN-01337,person,Ranjan Ashihs,Ranjan Ashihs,GIAN-NIDHI,Participant in GIAN Nidhi student project(s).,,Same name is merged only within the same institution; identical names at different institutions stay separate.
PER-GN-01338,person,Yadav Ravikumar,Yadav Ravikumar,GIAN-NIDHI,Participant in GIAN Nidhi student project(s).,,Same name is merged only within the same institution; identical names at different institutions stay separate.
PRJ-0390,project,Freon power wheel,Freon power wheel,GIAN-NIDHI,GIAN Nidhi record 390,,
PER-GN-01339,person,Birajadar Vishnukant,Birajadar Vishnukant,GIAN-NIDHI,Participant in GIAN Nidhi student project(s).,,Same name is merged only within the same institution; identical names at different institutions stay separate.
PER-GN-01340,person,Solanke pndurang,Solanke pndurang,GIAN-NIDHI,Participant in GIAN Nidhi student project(s).,,Same name is merged only within the same institution; identical names at different institutions stay separate.
PER-GN-01341,person,Pande wapnil,Pande wapnil,GIAN-NIDHI,Participant in GIAN Nidhi student project(s).,,Same name is merged only within the same institution; identical names at different institutions stay separate.
PER-GN-01342,person,Dudhmal Trushna,Dudhmal Trushna,GIAN-NIDHI,Participant in GIAN Nidhi student project(s).,,Same name is merged only within the same institution; identical names at different institutions stay separate.
PER-GN-01343,person,Waghmare Ganesh,Waghmare Ganesh,GIAN-NIDHI,Participant in GIAN Nidhi student project(s).,,Same name is merged only within the same institution; identical names at different institutions stay separate.
PER-GN-01344,person,Pathak Vishwambhar,Pathak Vishwambhar,GIAN-NIDHI,Participant in GIAN Nidhi student project(s).,,Same name is merged only within the same institution; identical names at different institutions stay separate.
PRJ-0391,project,Microprocessor based solar concentrator using D.C. Motor,Microprocessor based solar concentrator using D.C. Motor,GIAN-NIDHI,GIAN Nidhi record 391,,
PER-GN-01345,person,Antakarane Shreekant,Antakarane Shreekant,GIAN-NIDHI,Participant in GIAN Nidhi student project(s).,,Same name is merged only within the same institution; identical names at different institutions stay separate.
PER-GN-01346,person,Gagade Milind,Gagade Milind,GIAN-NIDHI,Participant in GIAN Nidhi student project(s).,,Same name is merged only within the same institution; identical names at different institutions stay separate.
PER-GN-01347,person,Yengade Shradha,Yengade Shradha,GIAN-NIDHI,Participant in GIAN Nidhi student project(s).,,Same name is merged only within the same institution; identical names at different institutions stay separate.
PER-GN-01348,person,Bhujade Priyanka,Bhujade Priyanka,GIAN-NIDHI,Participant in GIAN Nidhi student project(s).,,Same name is merged only within the same institution; identical names at different institutions stay separate.
PRJ-0392,project,Empowering India Through Bio-diesel,Empowering India Through Bio-diesel,GIAN-NIDHI,GIAN Nidhi record 392,,
PER-GN-01349,person,Yogesh Bodar,Yogesh Bodar,GIAN-NIDHI,Participant in GIAN Nidhi student project(s).,,Same name is merged only within the same institution; identical names at different institutions stay separate.
PER-GN-01350,person,Tushar Patel,Tushar Patel,GIAN-NIDHI,Participant in GIAN Nidhi student project(s).,,Same name is merged only within the same institution; identical names at different institutions stay separate.
PER-GN-01351,person,Deepak Sanap,Deepak Sanap,GIAN-NIDHI,Participant in GIAN Nidhi student project(s).,,Same name is merged only within the same institution; identical names at different institutions stay separate.
PER-GN-01352,person,Niashad Baari,Niashad Baari,GIAN-NIDHI,Participant in GIAN Nidhi student project(s).,,Same name is merged only within the same institution; identical names at different institutions stay separate.
PRJ-0393,project,Electricity generation by using human pressure.,Electricity generation by using human pressure.,GIAN-NIDHI,GIAN Nidhi record 393,,
PER-GN-01353,person,Akansha Arora,Akansha Arora,GIAN-NIDHI,Participant in GIAN Nidhi student project(s).,,Same name is merged only within the same institution; identical names at different institutions stay separate.
PER-GN-01354,person,Swati Jagadhane,Swati Jagadhane,GIAN-NIDHI,Participant in GIAN Nidhi student project(s).,,Same name is merged only within the same institution; identical names at different institutions stay separate.
PER-GN-01355,person,Vilas Solanke,Vilas Solanke,GIAN-NIDHI,Participant in GIAN Nidhi student project(s).,,Same name is merged only within the same institution; identical names at different institutions stay separate.
PER-GN-01356,person,Vitthal Jonawal,Vitthal Jonawal,GIAN-NIDHI,Participant in GIAN Nidhi student project(s).,,Same name is merged only within the same institution; identical names at different institutions stay separate.
PER-GN-01357,person,Machindra Khandagaure,Machindra Khandagaure,GIAN-NIDHI,Participant in GIAN Nidhi student project(s).,,Same name is merged only within the same institution; identical names at different institutions stay separate.
PER-GN-01358,person,Anil Muliya,Anil Muliya,GIAN-NIDHI,Participant in GIAN Nidhi student project(s).,,Same name is merged only within the same institution; identical names at different institutions stay separate.
PRJ-0394,project,Biogas as alternate fuel for automobile,Biogas as alternate fuel for automobile,GIAN-NIDHI,GIAN Nidhi record 394,,
PER-GN-01359,person,Knadekar Rahul,Knadekar Rahul,GIAN-NIDHI,Participant in GIAN Nidhi student project(s).,,Same name is merged only within the same institution; identical names at different institutions stay separate.
PER-GN-01360,person,Mahajan Rohit,Mahajan Rohit,GIAN-NIDHI,Participant in GIAN Nidhi student project(s).,,Same name is merged only within the same institution; identical names at different institutions stay separate.
PER-GN-01361,person,Raut Yogesh,Raut Yogesh,GIAN-NIDHI,Participant in GIAN Nidhi student project(s).,,Same name is merged only within the same institution; identical names at different institutions stay separate.
PER-GN-01362,person,Bhakare Sagar,Bhakare Sagar,GIAN-NIDHI,Participant in GIAN Nidhi student project(s).,,Same name is merged only within the same institution; identical names at different institutions stay separate.
PER-GN-01363,person,Pawar Daulat,Pawar Daulat,GIAN-NIDHI,Participant in GIAN Nidhi student project(s).,,Same name is merged only within the same institution; identical names at different institutions stay separate.
PRJ-0395,project,Low cost solar water heater,Low cost solar water heater,GIAN-NIDHI,GIAN Nidhi record 395,,
PER-GN-01364,person,R. S. ManeChaugule Vinod,R. S. ManeChaugule Vinod,GIAN-NIDHI,Participant in GIAN Nidhi student project(s).,,Same name is merged only within the same institution; identical names at different institutions stay separate.
PER-GN-01365,person,Todkar Mahesh,Todkar Mahesh,GIAN-NIDHI,Participant in GIAN Nidhi student project(s).,,Same name is merged only within the same institution; identical names at different institutions stay separate.
PER-GN-01366,person,Ghutukade sachin,Ghutukade sachin,GIAN-NIDHI,Participant in GIAN Nidhi student project(s).,,Same name is merged only within the same institution; identical names at different institutions stay separate.
PER-GN-01367,person,Karande Shankar,Karande Shankar,GIAN-NIDHI,Participant in GIAN Nidhi student project(s).,,Same name is merged only within the same institution; identical names at different institutions stay separate.
PRJ-0396,project,Unconventional water heater,Unconventional water heater,GIAN-NIDHI,GIAN Nidhi record 396,,
PER-GN-01368,person,Kulakarni C. P,Kulakarni C. P,GIAN-NIDHI,Participant in GIAN Nidhi student project(s).,,Same name is merged only within the same institution; identical names at different institutions stay separate.
PER-GN-01369,person,Pujari S. R,Pujari S. R,GIAN-NIDHI,Participant in GIAN Nidhi student project(s).,,Same name is merged only within the same institution; identical names at different institutions stay separate.
PER-GN-01370,person,Pialawan A,Pialawan A,GIAN-NIDHI,Participant in GIAN Nidhi student project(s).,,Same name is merged only within the same institution; identical names at different institutions stay separate.
PER-GN-01371,person,BIsale S,BIsale S,GIAN-NIDHI,Participant in GIAN Nidhi student project(s).,,Same name is merged only within the same institution; identical names at different institutions stay separate.
PRJ-0397,project,Solar based inverter,Solar based inverter,GIAN-NIDHI,GIAN Nidhi record 397,,
PER-GN-01372,person,Shahu nirav,Shahu nirav,GIAN-NIDHI,Participant in GIAN Nidhi student project(s).,,Same name is merged only within the same institution; identical names at different institutions stay separate.
PER-GN-01373,person,Vora Chintan,Vora Chintan,GIAN-NIDHI,Participant in GIAN Nidhi student project(s).,,Same name is merged only within the same institution; identical names at different institutions stay separate.
PER-GN-01374,person,Dedhiya Chintan,Dedhiya Chintan,GIAN-NIDHI,Participant in GIAN Nidhi student project(s).,,Same name is merged only within the same institution; identical names at different institutions stay separate.
PER-GN-01375,person,yadav Jyaprakas,yadav Jyaprakas,GIAN-NIDHI,Participant in GIAN Nidhi student project(s).,,Same name is merged only within the same institution; identical names at different institutions stay separate.
PRJ-0398,project,Portable ozone generator,Portable ozone generator,GIAN-NIDHI,GIAN Nidhi record 398,,
PER-GN-01376,person,Sneha Hingankar,Sneha Hingankar,GIAN-NIDHI,Participant in GIAN Nidhi student project(s).,,Same name is merged only within the same institution; identical names at different institutions stay separate.
PER-GN-01377,person,Suchana Rangari,Suchana Rangari,GIAN-NIDHI,Participant in GIAN Nidhi student project(s).,,Same name is merged only within the same institution; identical names at different institutions stay separate.
PER-GN-01378,person,Ashwini Wasnik,Ashwini Wasnik,GIAN-NIDHI,Participant in GIAN Nidhi student project(s).,,Same name is merged only within the same institution; identical names at different institutions stay separate.
PER-GN-01379,person,Ashwini Chavan,Ashwini Chavan,GIAN-NIDHI,Participant in GIAN Nidhi student project(s).,,Same name is merged only within the same institution; identical names at different institutions stay separate.
PRJ-0399,project,Partial automation of solar powered escalator,Partial automation of solar powered escalator,GIAN-NIDHI,GIAN Nidhi record 399,,
PER-GN-01380,person,Bhujad Amit,Bhujad Amit,GIAN-NIDHI,Participant in GIAN Nidhi student project(s).,,Same name is merged only within the same institution; identical names at different institutions stay separate.
PER-GN-01381,person,Lote Rahul,Lote Rahul,GIAN-NIDHI,Participant in GIAN Nidhi student project(s).,,Same name is merged only within the same institution; identical names at different institutions stay separate.
PER-GN-01382,person,gupta Prem,gupta Prem,GIAN-NIDHI,Participant in GIAN Nidhi student project(s).,,Same name is merged only within the same institution; identical names at different institutions stay separate.
PER-GN-01383,person,Motinagare Sumit,Motinagare Sumit,GIAN-NIDHI,Participant in GIAN Nidhi student project(s).,,Same name is merged only within the same institution; identical names at different institutions stay separate.
PRJ-0400,project,Low cost solar tracking system,Low cost solar tracking system,GIAN-NIDHI,GIAN Nidhi record 400,,
PER-GN-01384,person,Lndage Deepali,Lndage Deepali,GIAN-NIDHI,Participant in GIAN Nidhi student project(s).,,Same name is merged only within the same institution; identical names at different institutions stay separate.
PER-GN-01385,person,Mohad Amruta,Mohad Amruta,GIAN-NIDHI,Participant in GIAN Nidhi student project(s).,,Same name is merged only within the same institution; identical names at different institutions stay separate.
PER-GN-01386,person,kansara Preyas,kansara Preyas,GIAN-NIDHI,Participant in GIAN Nidhi student project(s).,,Same name is merged only within the same institution; identical names at different institutions stay separate.
PER-GN-01387,person,Radadiya Pintul,Radadiya Pintul,GIAN-NIDHI,Participant in GIAN Nidhi student project(s).,,Same name is merged only within the same institution; identical names at different institutions stay separate.
PRJ-0401,project,Solar Operated Car,Solar Operated Car,GIAN-NIDHI,GIAN Nidhi record 401,,
PRJ-0402,project,Black Box For Vehicle,Black Box For Vehicle,GIAN-NIDHI,GIAN Nidhi record 402,,
PRJ-0403,project,Echo-friendly Vehicle,Echo-friendly Vehicle,GIAN-NIDHI,GIAN Nidhi record 403,,
PER-GN-01388,person,Sanket Shrikant Warudkar,Sanket Shrikant Warudkar,GIAN-NIDHI,Participant in GIAN Nidhi student project(s).,,Same name is merged only within the same institution; identical names at different institutions stay separate.
PER-GN-01389,person,Sakharam Sharadra Deshmukhk,Sakharam Sharadra Deshmukhk,GIAN-NIDHI,Participant in GIAN Nidhi student project(s).,,Same name is merged only within the same institution; identical names at different institutions stay separate.
PER-GN-01390,person,Sanket Dongaonkar,Sanket Dongaonkar,GIAN-NIDHI,Participant in GIAN Nidhi student project(s).,,Same name is merged only within the same institution; identical names at different institutions stay separate.
PER-GN-01391,person,Nilesh Vasantrao Wankhede,Nilesh Vasantrao Wankhede,GIAN-NIDHI,Participant in GIAN Nidhi student project(s).,,Same name is merged only within the same institution; identical names at different institutions stay separate.
PER-GN-01392,person,Ganesh Kale,Ganesh Kale,GIAN-NIDHI,Participant in GIAN Nidhi student project(s).,,Same name is merged only within the same institution; identical names at different institutions stay separate.
PRJ-0404,project,Automatic Car Lifter Acl,Automatic Car Lifter Acl,GIAN-NIDHI,GIAN Nidhi record 404,,
PER-GN-01393,person,Trimbake Mahesh S,Trimbake Mahesh S,GIAN-NIDHI,Participant in GIAN Nidhi student project(s).,,Same name is merged only within the same institution; identical names at different institutions stay separate.
PRJ-0405,project,Charcoal Silencer,Charcoal Silencer,GIAN-NIDHI,GIAN Nidhi record 405,,
PRJ-0406,project,Bio-bike,Bio-bike,GIAN-NIDHI,GIAN Nidhi record 406,,
PER-GN-01394,person,S. K. ChikaneD. S. Sakhare,S. K. ChikaneD. S. Sakhare,GIAN-NIDHI,Participant in GIAN Nidhi student project(s).,,Same name is merged only within the same institution; identical names at different institutions stay separate.
PRJ-0407,project,Newton Automatic Centrifugal Clutch,Newton Automatic Centrifugal Clutch,GIAN-NIDHI,GIAN Nidhi record 407,,
PER-GN-01395,person,Bharat S. Bhutada,Bharat S. Bhutada,GIAN-NIDHI,Participant in GIAN Nidhi student project(s).,,Same name is merged only within the same institution; identical names at different institutions stay separate.
PER-GN-01396,person,Gururaj P. Jamma,Gururaj P. Jamma,GIAN-NIDHI,Participant in GIAN Nidhi student project(s).,,Same name is merged only within the same institution; identical names at different institutions stay separate.
PRJ-0408,project,Design Of Quadracycle With Quadra Steering,Design Of Quadracycle With Quadra Steering,GIAN-NIDHI,GIAN Nidhi record 408,,
PRJ-0409,project,Mobile Control Pick And Place Vehicle.,Mobile Control Pick And Place Vehicle.,GIAN-NIDHI,GIAN Nidhi record 409,,
PER-GN-01397,person,Nitu Ramdas Khedekar,Nitu Ramdas Khedekar,GIAN-NIDHI,Participant in GIAN Nidhi student project(s).,,Same name is merged only within the same institution; identical names at different institutions stay separate.
PER-GN-01398,person,Jyoti Gopinath Anap,Jyoti Gopinath Anap,GIAN-NIDHI,Participant in GIAN Nidhi student project(s).,,Same name is merged only within the same institution; identical names at different institutions stay separate.
PER-GN-01399,person,Kavita Baban Gunjal,Kavita Baban Gunjal,GIAN-NIDHI,Participant in GIAN Nidhi student project(s).,,Same name is merged only within the same institution; identical names at different institutions stay separate.
PER-GN-01400,person,Archana Jaishing Rajbhoj,Archana Jaishing Rajbhoj,GIAN-NIDHI,Participant in GIAN Nidhi student project(s).,,Same name is merged only within the same institution; identical names at different institutions stay separate.
PRJ-0410,project,Air Powered Car,Air Powered Car,GIAN-NIDHI,GIAN Nidhi record 410,,
PER-GN-01401,person,Jiten Rameshbhai Parmar,Jiten Rameshbhai Parmar,GIAN-NIDHI,Participant in GIAN Nidhi student project(s).,,Same name is merged only within the same institution; identical names at different institutions stay separate.
PRJ-0411,project,Design And Fabrication Of Car For Handicap Person,Design And Fabrication Of Car For Handicap Person,GIAN-NIDHI,GIAN Nidhi record 411,,
PRJ-0412,project,Advanced Gsm Car Security System,Advanced Gsm Car Security System,GIAN-NIDHI,GIAN Nidhi record 412,,
PER-GN-01402,person,Sagar Krishna Dhande,Sagar Krishna Dhande,GIAN-NIDHI,Participant in GIAN Nidhi student project(s).,,Same name is merged only within the same institution; identical names at different institutions stay separate.
PER-GN-01403,person,Prashant R. Chavare,Prashant R. Chavare,GIAN-NIDHI,Participant in GIAN Nidhi student project(s).,,Same name is merged only within the same institution; identical names at different institutions stay separate.
PER-GN-01404,person,Sandesh Kathawate,Sandesh Kathawate,GIAN-NIDHI,Participant in GIAN Nidhi student project(s).,,Same name is merged only within the same institution; identical names at different institutions stay separate.
PER-GN-01405,person,Abhijit Nagare,Abhijit Nagare,GIAN-NIDHI,Participant in GIAN Nidhi student project(s).,,Same name is merged only within the same institution; identical names at different institutions stay separate.
PER-GN-01406,person,Yuvraj Pavale,Yuvraj Pavale,GIAN-NIDHI,Participant in GIAN Nidhi student project(s).,,Same name is merged only within the same institution; identical names at different institutions stay separate.
PER-GN-01407,person,Gaurav Saxena,Gaurav Saxena,GIAN-NIDHI,Participant in GIAN Nidhi student project(s).,,Same name is merged only within the same institution; identical names at different institutions stay separate.
PRJ-0413,project,An Experimental Investigation Of Fasibility Of Acytylene As A Fuel For S I Engine,An Experimental Investigation Of Fasibility Of Acytylene As A Fuel For S I Engine,GIAN-NIDHI,GIAN Nidhi record 413,,
PER-GN-01408,person,Anup Tadas,Anup Tadas,GIAN-NIDHI,Participant in GIAN Nidhi student project(s).,,Same name is merged only within the same institution; identical names at different institutions stay separate.
PRJ-0414,project,Electromagnetic Shock Absorber,Electromagnetic Shock Absorber,GIAN-NIDHI,GIAN Nidhi record 414,,
PRJ-0415,project,Throttle Body Injection System,Throttle Body Injection System,GIAN-NIDHI,GIAN Nidhi record 415,,
PER-GN-01409,person,Murtuza Nizarhussain Kothawala,Murtuza Nizarhussain Kothawala,GIAN-NIDHI,Participant in GIAN Nidhi student project(s).,,Same name is merged only within the same institution; identical names at different institutions stay separate.
PRJ-0416,project,Mini Hoist,Mini Hoist,GIAN-NIDHI,GIAN Nidhi record 416,,
PRJ-0417,project,Orbital Cutting Machine,Orbital Cutting Machine,GIAN-NIDHI,GIAN Nidhi record 417,,
PRJ-0418,project,Development Of Charting System For Methods And Analysis Chartsys-1 0 Software,Development Of Charting System For Methods And Analysis Chartsys-1 0 Software,GIAN-NIDHI,GIAN Nidhi record 418,,
PRJ-0419,project,Sheet Rolling Machine With Beeding,Sheet Rolling Machine With Beeding,GIAN-NIDHI,GIAN Nidhi record 419,,
PRJ-0420,project,Wabiman Walking Biped Humanoid,Wabiman Walking Biped Humanoid,GIAN-NIDHI,GIAN Nidhi record 420,,
PER-GN-01410,person,Geetanjali Pramod Vengurlekar,Geetanjali Pramod Vengurlekar,GIAN-NIDHI,Participant in GIAN Nidhi student project(s).,,Same name is merged only within the same institution; identical names at different institutions stay separate.
PRJ-0421,project,Fixture For Croos-hole Machining Operation Of Center Yoke,Fixture For Croos-hole Machining Operation Of Center Yoke,GIAN-NIDHI,GIAN Nidhi record 421,,
PER-GN-01411,person,Kothwade Bhushan B,Kothwade Bhushan B,GIAN-NIDHI,Participant in GIAN Nidhi student project(s).,,Same name is merged only within the same institution; identical names at different institutions stay separate.
PER-GN-01412,person,Yalunj Chetan D,Yalunj Chetan D,GIAN-NIDHI,Participant in GIAN Nidhi student project(s).,,Same name is merged only within the same institution; identical names at different institutions stay separate.
PRJ-0422,project,Advanced Abrasive Cutting Machin,Advanced Abrasive Cutting Machin,GIAN-NIDHI,GIAN Nidhi record 422,,
PRJ-0423,project,Dhoop Stick Making Machine,Dhoop Stick Making Machine,GIAN-NIDHI,GIAN Nidhi record 423,,
PER-GN-01413,person,Vivek A.Dhule,Vivek A.Dhule,GIAN-NIDHI,Participant in GIAN Nidhi student project(s).,,Same name is merged only within the same institution; identical names at different institutions stay separate.
PRJ-0424,project,Magnetic Brake System,Magnetic Brake System,GIAN-NIDHI,GIAN Nidhi record 424,,
PER-GN-01414,person,Gade Tushar Lalasaheb,Gade Tushar Lalasaheb,GIAN-NIDHI,Participant in GIAN Nidhi student project(s).,,Same name is merged only within the same institution; identical names at different institutions stay separate.
PRJ-0425,project,Fiber Glass Reinforced Plastic Cutting Machine,Fiber Glass Reinforced Plastic Cutting Machine,GIAN-NIDHI,GIAN Nidhi record 425,,
PRJ-0426,project,Electromagnetic Machining Process,Electromagnetic Machining Process,GIAN-NIDHI,GIAN Nidhi record 426,,
PER-GN-01415,person,Electromagnetic Machining Process,Electromagnetic Machining Process,GIAN-NIDHI,Participant in GIAN Nidhi student project(s).,,Same name is merged only within the same institution; identical names at different institutions stay separate.
PRJ-0427,project,Self-acting Weighting Machine,Self-acting Weighting Machine,GIAN-NIDHI,GIAN Nidhi record 427,,
PER-GN-01416,person,Yunus M. Shaikh,Yunus M. Shaikh,GIAN-NIDHI,Participant in GIAN Nidhi student project(s).,,Same name is merged only within the same institution; identical names at different institutions stay separate.
PER-GN-01417,person,Niranjan D. Kulkarni,Niranjan D. Kulkarni,GIAN-NIDHI,Participant in GIAN Nidhi student project(s).,,Same name is merged only within the same institution; identical names at different institutions stay separate.
PRJ-0428,project,Eliminating Nonproductive Trolly Movement On The Shop Floor By Adopting Synchronised Hanger,Eliminating Nonproductive Trolly Movement On The Shop Floor By Adopting Synchronised Hanger,GIAN-NIDHI,GIAN Nidhi record 428,,
PER-GN-01418,person,Jitesh Gajananrao Deshmukh,Jitesh Gajananrao Deshmukh,GIAN-NIDHI,Participant in GIAN Nidhi student project(s).,,Same name is merged only within the same institution; identical names at different institutions stay separate.
PER-GN-01419,person,Mahesh Vithalrao Parankar,Mahesh Vithalrao Parankar,GIAN-NIDHI,Participant in GIAN Nidhi student project(s).,,Same name is merged only within the same institution; identical names at different institutions stay separate.
PRJ-0429,project,Tricycle Fitted With Windmill Reducing Effort Of Pedallers,Tricycle Fitted With Windmill Reducing Effort Of Pedallers,GIAN-NIDHI,GIAN Nidhi record 429,,
PER-GN-01420,person,Vinayak Yeshwant Dr.D.Y.Patil poly.pimpri pune,Vinayak Yeshwant Dr.D.Y.Patil poly.pimpri pune,GIAN-NIDHI,Participant in GIAN Nidhi student project(s).,,Same name is merged only within the same institution; identical names at different institutions stay separate.
PER-GN-01421,person,Abhijeet Adhikrao Dr.D.Y.Patil poly.pimpri pune,Abhijeet Adhikrao Dr.D.Y.Patil poly.pimpri pune,GIAN-NIDHI,Participant in GIAN Nidhi student project(s).,,Same name is merged only within the same institution; identical names at different institutions stay separate.
PER-GN-01422,person,Nitin Balaso Dubal,Nitin Balaso Dubal,GIAN-NIDHI,Participant in GIAN Nidhi student project(s).,,Same name is merged only within the same institution; identical names at different institutions stay separate.
PRJ-0430,project,Novel Coupling,Novel Coupling,GIAN-NIDHI,GIAN Nidhi record 430,,
PER-GN-01423,person,Rahul Dwarkadas Bajaj,Rahul Dwarkadas Bajaj,GIAN-NIDHI,Participant in GIAN Nidhi student project(s).,,Same name is merged only within the same institution; identical names at different institutions stay separate.
PRJ-0431,project,Betel Nut Cutting Machine,Betel Nut Cutting Machine,GIAN-NIDHI,GIAN Nidhi record 431,,
PER-GN-01424,person,Jayesh Shrikant Kothari,Jayesh Shrikant Kothari,GIAN-NIDHI,Participant in GIAN Nidhi student project(s).,,Same name is merged only within the same institution; identical names at different institutions stay separate.
PER-GN-01425,person,Bhushan Subhash Khairnar,Bhushan Subhash Khairnar,GIAN-NIDHI,Participant in GIAN Nidhi student project(s).,,Same name is merged only within the same institution; identical names at different institutions stay separate.
PRJ-0432,project,Ball Screw Cross Slide For Conventional Lathe,Ball Screw Cross Slide For Conventional Lathe,GIAN-NIDHI,GIAN Nidhi record 432,,
PER-GN-01426,person,Nikhil Dipak Dr.D.Y.Patil poly.pimpri pune,Nikhil Dipak Dr.D.Y.Patil poly.pimpri pune,GIAN-NIDHI,Participant in GIAN Nidhi student project(s).,,Same name is merged only within the same institution; identical names at different institutions stay separate.
PRJ-0433,project,Wibration Based Deasel Filter Cleaner,Wibration Based Deasel Filter Cleaner,GIAN-NIDHI,GIAN Nidhi record 433,,
PER-GN-01427,person,Kiran Tukaram Devkar,Kiran Tukaram Devkar,GIAN-NIDHI,Participant in GIAN Nidhi student project(s).,,Same name is merged only within the same institution; identical names at different institutions stay separate.
PER-GN-01428,person,Anil Balu Bute,Anil Balu Bute,GIAN-NIDHI,Participant in GIAN Nidhi student project(s).,,Same name is merged only within the same institution; identical names at different institutions stay separate.
PER-GN-01429,person,Nilesh Sampatrao Devkar,Nilesh Sampatrao Devkar,GIAN-NIDHI,Participant in GIAN Nidhi student project(s).,,Same name is merged only within the same institution; identical names at different institutions stay separate.
PER-GN-01430,person,Chandrabhan Jalinder Mule,Chandrabhan Jalinder Mule,GIAN-NIDHI,Participant in GIAN Nidhi student project(s).,,Same name is merged only within the same institution; identical names at different institutions stay separate.
PER-GN-01431,person,Milind Suryabhan Game,Milind Suryabhan Game,GIAN-NIDHI,Participant in GIAN Nidhi student project(s).,,Same name is merged only within the same institution; identical names at different institutions stay separate.
PER-GN-01432,person,Sitaram Radhakrishna Gandole,Sitaram Radhakrishna Gandole,GIAN-NIDHI,Participant in GIAN Nidhi student project(s).,,Same name is merged only within the same institution; identical names at different institutions stay separate.
PRJ-0434,project,An Experimental Investigation Of Thermal Performance Of Graphic Water,An Experimental Investigation Of Thermal Performance Of Graphic Water,GIAN-NIDHI,GIAN Nidhi record 434,,
PER-GN-01433,person,Satish Mankar,Satish Mankar,GIAN-NIDHI,Participant in GIAN Nidhi student project(s).,,Same name is merged only within the same institution; identical names at different institutions stay separate.
PRJ-0435,project,Hydraulik Dressing Attachment For Grinder,Hydraulik Dressing Attachment For Grinder,GIAN-NIDHI,GIAN Nidhi record 435,,
PER-GN-01434,person,Sunil Sawarbandhe,Sunil Sawarbandhe,GIAN-NIDHI,Participant in GIAN Nidhi student project(s).,,Same name is merged only within the same institution; identical names at different institutions stay separate.
PER-GN-01435,person,Surendra Rawate,Surendra Rawate,GIAN-NIDHI,Participant in GIAN Nidhi student project(s).,,Same name is merged only within the same institution; identical names at different institutions stay separate.
PER-GN-01436,person,Sarang Gosewade,Sarang Gosewade,GIAN-NIDHI,Participant in GIAN Nidhi student project(s).,,Same name is merged only within the same institution; identical names at different institutions stay separate.
PER-GN-01437,person,Roshan Jangam,Roshan Jangam,GIAN-NIDHI,Participant in GIAN Nidhi student project(s).,,Same name is merged only within the same institution; identical names at different institutions stay separate.
PER-GN-01438,person,Satish Mankar,Satish Mankar,GIAN-NIDHI,Participant in GIAN Nidhi student project(s).,,Same name is merged only within the same institution; identical names at different institutions stay separate.
PRJ-0436,project,Vacuum Packing Machine,Vacuum Packing Machine,GIAN-NIDHI,GIAN Nidhi record 436,,
PER-GN-01439,person,Vijay Indurkar,Vijay Indurkar,GIAN-NIDHI,Participant in GIAN Nidhi student project(s).,,Same name is merged only within the same institution; identical names at different institutions stay separate.
PRJ-0437,project,Self Driven Water Pump,Self Driven Water Pump,GIAN-NIDHI,GIAN Nidhi record 437,,
PER-GN-01440,person,Sachin Prahlad Khurpe,Sachin Prahlad Khurpe,GIAN-NIDHI,Participant in GIAN Nidhi student project(s).,,Same name is merged only within the same institution; identical names at different institutions stay separate.
PRJ-0438,project,Adujesttable Compression Ratio Compression Ignition Engine,Adujesttable Compression Ratio Compression Ignition Engine,GIAN-NIDHI,GIAN Nidhi record 438,,
PER-GN-01441,person,Shirole Goraksha Nivrutti,Shirole Goraksha Nivrutti,GIAN-NIDHI,Participant in GIAN Nidhi student project(s).,,Same name is merged only within the same institution; identical names at different institutions stay separate.
PER-GN-01442,person,Rahane Santosh Prabhakar,Rahane Santosh Prabhakar,GIAN-NIDHI,Participant in GIAN Nidhi student project(s).,,Same name is merged only within the same institution; identical names at different institutions stay separate.
PER-GN-01443,person,Sonawane Sanjay Rangnath,Sonawane Sanjay Rangnath,GIAN-NIDHI,Participant in GIAN Nidhi student project(s).,,Same name is merged only within the same institution; identical names at different institutions stay separate.
PER-GN-01444,person,Walwe Mangesh Ramesh,Walwe Mangesh Ramesh,GIAN-NIDHI,Participant in GIAN Nidhi student project(s).,,Same name is merged only within the same institution; identical names at different institutions stay separate.
PRJ-0439,project,Clay Cool (zero Power Refrigerator),Clay Cool (zero Power Refrigerator),GIAN-NIDHI,GIAN Nidhi record 439,,
PER-GN-01445,person,Khobare Pratic A,Khobare Pratic A,GIAN-NIDHI,Participant in GIAN Nidhi student project(s).,,Same name is merged only within the same institution; identical names at different institutions stay separate.
PRJ-0440,project,Rotating Solar Collector As A Steam Genrator,Rotating Solar Collector As A Steam Genrator,GIAN-NIDHI,GIAN Nidhi record 440,,
PER-GN-01446,person,Govindkumar,Govindkumar,GIAN-NIDHI,Participant in GIAN Nidhi student project(s).,,Same name is merged only within the same institution; identical names at different institutions stay separate.
PER-GN-01447,person,Lakhwinder Singh,Lakhwinder Singh,GIAN-NIDHI,Participant in GIAN Nidhi student project(s).,,Same name is merged only within the same institution; identical names at different institutions stay separate.
PRJ-0441,project,Economical Domestic Gas Geyser,Economical Domestic Gas Geyser,GIAN-NIDHI,GIAN Nidhi record 441,,
PRJ-0442,project,Electric Motorcycle,Electric Motorcycle,GIAN-NIDHI,GIAN Nidhi record 442,,
PRJ-0443,project,Shock Proof Wiring System Title,Shock Proof Wiring System Title,GIAN-NIDHI,GIAN Nidhi record 443,,
PER-GN-01448,person,Fiske Ishwar S,Fiske Ishwar S,GIAN-NIDHI,Participant in GIAN Nidhi student project(s).,,Same name is merged only within the same institution; identical names at different institutions stay separate.
PRJ-0444,project,Positional Control System Pcs Using Microcontroller Based Stepper Motor,Positional Control System Pcs Using Microcontroller Based Stepper Motor,GIAN-NIDHI,GIAN Nidhi record 444,,
PER-GN-01449,person,Girish d. Bramhe Sagar S. Khambait,Girish d. Bramhe Sagar S. Khambait,GIAN-NIDHI,Participant in GIAN Nidhi student project(s).,,Same name is merged only within the same institution; identical names at different institutions stay separate.
PER-GN-01450,person,Prajakta P Ghule,Prajakta P Ghule,GIAN-NIDHI,Participant in GIAN Nidhi student project(s).,,Same name is merged only within the same institution; identical names at different institutions stay separate.
PRJ-0445,project,Hybrid Power Generation For Multi-storey Buildings,Hybrid Power Generation For Multi-storey Buildings,GIAN-NIDHI,GIAN Nidhi record 445,,
PER-GN-01451,person,Deshpande Swapnil S,Deshpande Swapnil S,GIAN-NIDHI,Participant in GIAN Nidhi student project(s).,,Same name is merged only within the same institution; identical names at different institutions stay separate.
PRJ-0446,project,Pc-based Energy Meter,Pc-based Energy Meter,GIAN-NIDHI,GIAN Nidhi record 446,,
PER-GN-01452,person,Buye Prajakta Manikrao,Buye Prajakta Manikrao,GIAN-NIDHI,Participant in GIAN Nidhi student project(s).,,Same name is merged only within the same institution; identical names at different institutions stay separate.
PRJ-0447,project,Digital Remote Speed Control Of A C Motor Frequency Indicator Protection Ckt,Digital Remote Speed Control Of A C Motor Frequency Indicator Protection Ckt,GIAN-NIDHI,GIAN Nidhi record 447,,
PER-GN-01453,person,Pingalkar Deepali S.More Sujata N,Pingalkar Deepali S.More Sujata N,GIAN-NIDHI,Participant in GIAN Nidhi student project(s).,,Same name is merged only within the same institution; identical names at different institutions stay separate.
PER-GN-01454,person,Manvatkar Sujata S,Manvatkar Sujata S,GIAN-NIDHI,Participant in GIAN Nidhi student project(s).,,Same name is merged only within the same institution; identical names at different institutions stay separate.
PRJ-0448,project,Controlling Of Electrical Gadgets Using Cell Phone,Controlling Of Electrical Gadgets Using Cell Phone,GIAN-NIDHI,GIAN Nidhi record 448,,
PER-GN-01455,person,Babubhai Baria Dixit,Babubhai Baria Dixit,GIAN-NIDHI,Participant in GIAN Nidhi student project(s).,,Same name is merged only within the same institution; identical names at different institutions stay separate.
PRJ-0449,project,Speed Control Of Sky Bus Using Microcontroller,Speed Control Of Sky Bus Using Microcontroller,GIAN-NIDHI,GIAN Nidhi record 449,,
PER-GN-01456,person,Prabhune Avantika V,Prabhune Avantika V,GIAN-NIDHI,Participant in GIAN Nidhi student project(s).,,Same name is merged only within the same institution; identical names at different institutions stay separate.
PER-GN-01457,person,Sambare Priyanka B,Sambare Priyanka B,GIAN-NIDHI,Participant in GIAN Nidhi student project(s).,,Same name is merged only within the same institution; identical names at different institutions stay separate.
PRJ-0450,project,Abnormal Voltage Protactor,Abnormal Voltage Protactor,GIAN-NIDHI,GIAN Nidhi record 450,,
PER-GN-01458,person,Kurkarni Bhupendra Ramakant,Kurkarni Bhupendra Ramakant,GIAN-NIDHI,Participant in GIAN Nidhi student project(s).,,Same name is merged only within the same institution; identical names at different institutions stay separate.
PER-GN-01459,person,Tames VarsalaSonar Hemant Vasudev,Tames VarsalaSonar Hemant Vasudev,GIAN-NIDHI,Participant in GIAN Nidhi student project(s).,,Same name is merged only within the same institution; identical names at different institutions stay separate.
PRJ-0451,project,Control Security On Ship,Control Security On Ship,GIAN-NIDHI,GIAN Nidhi record 451,,
PER-GN-01460,person,Gawde Veena Manohar,Gawde Veena Manohar,GIAN-NIDHI,Participant in GIAN Nidhi student project(s).,,Same name is merged only within the same institution; identical names at different institutions stay separate.
PRJ-0452,project,Two Channel Oscilloscope Using,Two Channel Oscilloscope Using,GIAN-NIDHI,GIAN Nidhi record 452,,
PER-GN-01461,person,Gosavi Deepak Kautik,Gosavi Deepak Kautik,GIAN-NIDHI,Participant in GIAN Nidhi student project(s).,,Same name is merged only within the same institution; identical names at different institutions stay separate.
PRJ-0453,project,Speed Checker For Highways,Speed Checker For Highways,GIAN-NIDHI,GIAN Nidhi record 453,,
PRJ-0454,project,Gsm Based Mobile Health Check - Up Kit,Gsm Based Mobile Health Check - Up Kit,GIAN-NIDHI,GIAN Nidhi record 454,,
PRJ-0455,project,Multi Output Switched Mode Power Supply,Multi Output Switched Mode Power Supply,GIAN-NIDHI,GIAN Nidhi record 455,,
PRJ-0456,project,Mc 8051 Based Ir Remote Control For Machin,Mc 8051 Based Ir Remote Control For Machin,GIAN-NIDHI,GIAN Nidhi record 456,,
PER-GN-01462,person,Deshmukh Amol Arjunrao,Deshmukh Amol Arjunrao,GIAN-NIDHI,Participant in GIAN Nidhi student project(s).,,Same name is merged only within the same institution; identical names at different institutions stay separate.
PRJ-0457,project,Electronic Blood Pressure Measurement,Electronic Blood Pressure Measurement,GIAN-NIDHI,GIAN Nidhi record 457,,
PER-GN-01463,person,Ritesh B. Parihar,Ritesh B. Parihar,GIAN-NIDHI,Participant in GIAN Nidhi student project(s).,,Same name is merged only within the same institution; identical names at different institutions stay separate.
PER-GN-01464,person,Sudarshan P. Dolli,Sudarshan P. Dolli,GIAN-NIDHI,Participant in GIAN Nidhi student project(s).,,Same name is merged only within the same institution; identical names at different institutions stay separate.
PRJ-0458,project,Embedded Webserver For Temperature Control,Embedded Webserver For Temperature Control,GIAN-NIDHI,GIAN Nidhi record 458,,
PER-GN-01465,person,Kane Dedar Shrikruhna,Kane Dedar Shrikruhna,GIAN-NIDHI,Participant in GIAN Nidhi student project(s).,,Same name is merged only within the same institution; identical names at different institutions stay separate.
PRJ-0459,project,Controlling Of Eiectromechanical Relay Using Pic 16f877a,Controlling Of Eiectromechanical Relay Using Pic 16f877a,GIAN-NIDHI,GIAN Nidhi record 459,,
PER-GN-01466,person,Pihul Kanchan Vinayakrao,Pihul Kanchan Vinayakrao,GIAN-NIDHI,Participant in GIAN Nidhi student project(s).,,Same name is merged only within the same institution; identical names at different institutions stay separate.
PRJ-0460,project,Intelligent Traffic Light Control System Using Plc,Intelligent Traffic Light Control System Using Plc,GIAN-NIDHI,GIAN Nidhi record 460,,
PRJ-0461,project,Line Follower Robot,Line Follower Robot,GIAN-NIDHI,GIAN Nidhi record 461,,
PRJ-0462,project,Low Cost Lcd Projector,Low Cost Lcd Projector,GIAN-NIDHI,GIAN Nidhi record 462,,
PER-GN-01467,person,Kapde Amod Atmaramrao,Kapde Amod Atmaramrao,GIAN-NIDHI,Participant in GIAN Nidhi student project(s).,,Same name is merged only within the same institution; identical names at different institutions stay separate.
PER-GN-01468,person,Aglave Kuldeep Rustumrao,Aglave Kuldeep Rustumrao,GIAN-NIDHI,Participant in GIAN Nidhi student project(s).,,Same name is merged only within the same institution; identical names at different institutions stay separate.
PER-GN-01469,person,Nadarge Prashant Venkatrao,Nadarge Prashant Venkatrao,GIAN-NIDHI,Participant in GIAN Nidhi student project(s).,,Same name is merged only within the same institution; identical names at different institutions stay separate.
PRJ-0463,project,Microcontroller Based Parking With Security System,Microcontroller Based Parking With Security System,GIAN-NIDHI,GIAN Nidhi record 463,,
PRJ-0464,project,Smart Highway,Smart Highway,GIAN-NIDHI,GIAN Nidhi record 464,,
PER-GN-01470,person,Hiralkar Prity M,Hiralkar Prity M,GIAN-NIDHI,Participant in GIAN Nidhi student project(s).,,Same name is merged only within the same institution; identical names at different institutions stay separate.
PRJ-0465,project,Smart Security System,Smart Security System,GIAN-NIDHI,GIAN Nidhi record 465,,
PRJ-0466,project,Flood Intimation Weather Reporting System,Flood Intimation Weather Reporting System,GIAN-NIDHI,GIAN Nidhi record 466,,
PER-GN-01471,person,Lahire Vinod S.Mamidwar Amit S,Lahire Vinod S.Mamidwar Amit S,GIAN-NIDHI,Participant in GIAN Nidhi student project(s).,,Same name is merged only within the same institution; identical names at different institutions stay separate.
PRJ-0467,project,Two Dam Automation Using Micro Rf Transmitter Receiver,Two Dam Automation Using Micro Rf Transmitter Receiver,GIAN-NIDHI,GIAN Nidhi record 467,,
PER-GN-01472,person,Patil Kaustubh S,Patil Kaustubh S,GIAN-NIDHI,Participant in GIAN Nidhi student project(s).,,Same name is merged only within the same institution; identical names at different institutions stay separate.
PRJ-0468,project,Multifunctional Sensing Intelligent Machine,Multifunctional Sensing Intelligent Machine,GIAN-NIDHI,GIAN Nidhi record 468,,
PRJ-0469,project,Automatic Guided Vehicles,Automatic Guided Vehicles,GIAN-NIDHI,GIAN Nidhi record 469,,
PRJ-0470,project,Micro - Controller Based Low Cost Filling Plant,Micro - Controller Based Low Cost Filling Plant,GIAN-NIDHI,GIAN Nidhi record 470,,
PER-GN-01473,person,Bhadange Nilesh Shantaram,Bhadange Nilesh Shantaram,GIAN-NIDHI,Participant in GIAN Nidhi student project(s).,,Same name is merged only within the same institution; identical names at different institutions stay separate.
PRJ-0471,project,Shirodhara An Ayurvedic Medical Treatment With Automisation,Shirodhara An Ayurvedic Medical Treatment With Automisation,GIAN-NIDHI,GIAN Nidhi record 471,,
PRJ-0472,project,Home Automation System,Home Automation System,GIAN-NIDHI,GIAN Nidhi record 472,,
PRJ-0473,project,Remote Operated Stepper Motor,Remote Operated Stepper Motor,GIAN-NIDHI,GIAN Nidhi record 473,,
PRJ-0474,project,Electric Car,Electric Car,GIAN-NIDHI,GIAN Nidhi record 474,,
PRJ-0475,project,Advanced Embedded Wireless Control System,Advanced Embedded Wireless Control System,GIAN-NIDHI,GIAN Nidhi record 475,,
PRJ-0476,project,Multi-security System For Statue,Multi-security System For Statue,GIAN-NIDHI,GIAN Nidhi record 476,,
PRJ-0477,project,Laser Based Communication Link Laser Based Communication Link,Laser Based Communication Link Laser Based Communication Link,GIAN-NIDHI,GIAN Nidhi record 477,,
PRJ-0478,project,Employee Attendance Using Rfid,Employee Attendance Using Rfid,GIAN-NIDHI,GIAN Nidhi record 478,,
PRJ-0479,project,Rs 485 Based Instrumentation Lan Appliance Control,Rs 485 Based Instrumentation Lan Appliance Control,GIAN-NIDHI,GIAN Nidhi record 479,,
PRJ-0480,project,Pc Controlled Conductivity Meter,Pc Controlled Conductivity Meter,GIAN-NIDHI,GIAN Nidhi record 480,,
PER-GN-01474,person,Joshi Anup,Joshi Anup,GIAN-NIDHI,Participant in GIAN Nidhi student project(s).,,Same name is merged only within the same institution; identical names at different institutions stay separate.
PER-GN-01475,person,Rane Nikhil,Rane Nikhil,GIAN-NIDHI,Participant in GIAN Nidhi student project(s).,,Same name is merged only within the same institution; identical names at different institutions stay separate.
PER-GN-01476,person,Gunjal Mangesh,Gunjal Mangesh,GIAN-NIDHI,Participant in GIAN Nidhi student project(s).,,Same name is merged only within the same institution; identical names at different institutions stay separate.
PER-GN-01477,person,Nikam Manoj,Nikam Manoj,GIAN-NIDHI,Participant in GIAN Nidhi student project(s).,,Same name is merged only within the same institution; identical names at different institutions stay separate.
PRJ-0481,project,Rolling Display Control Through Sms,Rolling Display Control Through Sms,GIAN-NIDHI,GIAN Nidhi record 481,,
PRJ-0482,project,Spy Robot Spy Robot,Spy Robot Spy Robot,GIAN-NIDHI,GIAN Nidhi record 482,,
PER-GN-01478,person,Sudipto Manna,Sudipto Manna,GIAN-NIDHI,Participant in GIAN Nidhi student project(s).,,Same name is merged only within the same institution; identical names at different institutions stay separate.
PER-GN-01479,person,Ripan Shah,Ripan Shah,GIAN-NIDHI,Participant in GIAN Nidhi student project(s).,,Same name is merged only within the same institution; identical names at different institutions stay separate.
PER-GN-01480,person,Ganesh Lotekar,Ganesh Lotekar,GIAN-NIDHI,Participant in GIAN Nidhi student project(s).,,Same name is merged only within the same institution; identical names at different institutions stay separate.
PER-GN-01481,person,Swapnil Mandhre,Swapnil Mandhre,GIAN-NIDHI,Participant in GIAN Nidhi student project(s).,,Same name is merged only within the same institution; identical names at different institutions stay separate.
PRJ-0483,project,Surveillance Rob,Surveillance Rob,GIAN-NIDHI,GIAN Nidhi record 483,,
PRJ-0484,project,Televideo Controlled Mobile Serviellance Van,Televideo Controlled Mobile Serviellance Van,GIAN-NIDHI,GIAN Nidhi record 484,,
PRJ-0485,project,Path Recorder Retracer With 3-axis Robotic Arm,Path Recorder Retracer With 3-axis Robotic Arm,GIAN-NIDHI,GIAN Nidhi record 485,,
PRJ-0486,project,Suraksha A Vehicle Safety Device,Suraksha A Vehicle Safety Device,GIAN-NIDHI,GIAN Nidhi record 486,,
PRJ-0487,project,Automatic Foll Tax System Using Rfid Technology,Automatic Foll Tax System Using Rfid Technology,GIAN-NIDHI,GIAN Nidhi record 487,,
PER-GN-01482,person,Sartape Niyati,Sartape Niyati,GIAN-NIDHI,Participant in GIAN Nidhi student project(s).,,Same name is merged only within the same institution; identical names at different institutions stay separate.
PER-GN-01483,person,Warke Bharti,Warke Bharti,GIAN-NIDHI,Participant in GIAN Nidhi student project(s).,,Same name is merged only within the same institution; identical names at different institutions stay separate.
PER-GN-01484,person,Piyush Deo,Piyush Deo,GIAN-NIDHI,Participant in GIAN Nidhi student project(s).,,Same name is merged only within the same institution; identical names at different institutions stay separate.
PER-GN-01485,person,Vinod Gupta,Vinod Gupta,GIAN-NIDHI,Participant in GIAN Nidhi student project(s).,,Same name is merged only within the same institution; identical names at different institutions stay separate.
PER-GN-01486,person,Rupalin Mane,Rupalin Mane,GIAN-NIDHI,Participant in GIAN Nidhi student project(s).,,Same name is merged only within the same institution; identical names at different institutions stay separate.
PRJ-0488,project,Remotic Device Control Using D T M F,Remotic Device Control Using D T M F,GIAN-NIDHI,GIAN Nidhi record 488,,
PER-GN-01487,person,Krupal Tarun,Krupal Tarun,GIAN-NIDHI,Participant in GIAN Nidhi student project(s).,,Same name is merged only within the same institution; identical names at different institutions stay separate.
PER-GN-01488,person,Sachin Datir,Sachin Datir,GIAN-NIDHI,Participant in GIAN Nidhi student project(s).,,Same name is merged only within the same institution; identical names at different institutions stay separate.
PER-GN-01489,person,Aditya Rambole,Aditya Rambole,GIAN-NIDHI,Participant in GIAN Nidhi student project(s).,,Same name is merged only within the same institution; identical names at different institutions stay separate.
PER-GN-01490,person,Rupesh Dhake,Rupesh Dhake,GIAN-NIDHI,Participant in GIAN Nidhi student project(s).,,Same name is merged only within the same institution; identical names at different institutions stay separate.
PRJ-0489,project,Pc Based Oscilloscope,Pc Based Oscilloscope,GIAN-NIDHI,GIAN Nidhi record 489,,
PER-GN-01491,person,Shah Priyank,Shah Priyank,GIAN-NIDHI,Participant in GIAN Nidhi student project(s).,,Same name is merged only within the same institution; identical names at different institutions stay separate.
PER-GN-01492,person,Rathod Snajay,Rathod Snajay,GIAN-NIDHI,Participant in GIAN Nidhi student project(s).,,Same name is merged only within the same institution; identical names at different institutions stay separate.
PER-GN-01493,person,Varma Rambabu,Varma Rambabu,GIAN-NIDHI,Participant in GIAN Nidhi student project(s).,,Same name is merged only within the same institution; identical names at different institutions stay separate.
PRJ-0490,project,Braille Transformation Tool For Blind,Braille Transformation Tool For Blind,GIAN-NIDHI,GIAN Nidhi record 490,,
PER-GN-01494,person,Aher Sachin,Aher Sachin,GIAN-NIDHI,Participant in GIAN Nidhi student project(s).,,Same name is merged only within the same institution; identical names at different institutions stay separate.
PER-GN-01495,person,Joshi Urmit,Joshi Urmit,GIAN-NIDHI,Participant in GIAN Nidhi student project(s).,,Same name is merged only within the same institution; identical names at different institutions stay separate.
PER-GN-01496,person,Wale Ajit,Wale Ajit,GIAN-NIDHI,Participant in GIAN Nidhi student project(s).,,Same name is merged only within the same institution; identical names at different institutions stay separate.
PRJ-0491,project,Rf Robot Car With Video Camera,Rf Robot Car With Video Camera,GIAN-NIDHI,GIAN Nidhi record 491,,
PER-GN-01497,person,Rawani Aashish,Rawani Aashish,GIAN-NIDHI,Participant in GIAN Nidhi student project(s).,,Same name is merged only within the same institution; identical names at different institutions stay separate.
PER-GN-01498,person,Neha Rathod,Neha Rathod,GIAN-NIDHI,Participant in GIAN Nidhi student project(s).,,Same name is merged only within the same institution; identical names at different institutions stay separate.
PER-GN-01499,person,Kshitija Tiwari,Kshitija Tiwari,GIAN-NIDHI,Participant in GIAN Nidhi student project(s).,,Same name is merged only within the same institution; identical names at different institutions stay separate.
PER-GN-01500,person,Rahul Pande,Rahul Pande,GIAN-NIDHI,Participant in GIAN Nidhi student project(s).,,Same name is merged only within the same institution; identical names at different institutions stay separate.
PRJ-0492,project,Academic On Line Result System On Phone,Academic On Line Result System On Phone,GIAN-NIDHI,GIAN Nidhi record 492,,
PER-GN-01501,person,Kulkarni Girish,Kulkarni Girish,GIAN-NIDHI,Participant in GIAN Nidhi student project(s).,,Same name is merged only within the same institution; identical names at different institutions stay separate.
PER-GN-01502,person,Vinayak Shastri,Vinayak Shastri,GIAN-NIDHI,Participant in GIAN Nidhi student project(s).,,Same name is merged only within the same institution; identical names at different institutions stay separate.
PRJ-0493,project,Microcontroller Based Explosive Detector,Microcontroller Based Explosive Detector,GIAN-NIDHI,GIAN Nidhi record 493,,
PER-GN-01503,person,Shah Hardik,Shah Hardik,GIAN-NIDHI,Participant in GIAN Nidhi student project(s).,,Same name is merged only within the same institution; identical names at different institutions stay separate.
PER-GN-01504,person,Amita Yenji,Amita Yenji,GIAN-NIDHI,Participant in GIAN Nidhi student project(s).,,Same name is merged only within the same institution; identical names at different institutions stay separate.
PER-GN-01505,person,Dipali Gosawi,Dipali Gosawi,GIAN-NIDHI,Participant in GIAN Nidhi student project(s).,,Same name is merged only within the same institution; identical names at different institutions stay separate.
PER-GN-01506,person,Tushar Sartape,Tushar Sartape,GIAN-NIDHI,Participant in GIAN Nidhi student project(s).,,Same name is merged only within the same institution; identical names at different institutions stay separate.
PRJ-0494,project,Remote Audio Level Monitoring Control,Remote Audio Level Monitoring Control,GIAN-NIDHI,GIAN Nidhi record 494,,
PER-GN-01507,person,Patil Rakesh,Patil Rakesh,GIAN-NIDHI,Participant in GIAN Nidhi student project(s).,,Same name is merged only within the same institution; identical names at different institutions stay separate.
PER-GN-01508,person,Sunil Bhagart,Sunil Bhagart,GIAN-NIDHI,Participant in GIAN Nidhi student project(s).,,Same name is merged only within the same institution; identical names at different institutions stay separate.
PER-GN-01509,person,Kartavya CHirde,Kartavya CHirde,GIAN-NIDHI,Participant in GIAN Nidhi student project(s).,,Same name is merged only within the same institution; identical names at different institutions stay separate.
PER-GN-01510,person,Nitesh lahitkar,Nitesh lahitkar,GIAN-NIDHI,Participant in GIAN Nidhi student project(s).,,Same name is merged only within the same institution; identical names at different institutions stay separate.
PRJ-0495,project,Visitor's Monitoring System Visitor's Monitoring System,Visitor's Monitoring System Visitor's Monitoring System,GIAN-NIDHI,GIAN Nidhi record 495,,
PRJ-0496,project,Pc - Based Equipment Switching,Pc - Based Equipment Switching,GIAN-NIDHI,GIAN Nidhi record 496,,
PRJ-0497,project,Conversion Of Vb Design Into Java Code,Conversion Of Vb Design Into Java Code,GIAN-NIDHI,GIAN Nidhi record 497,,
PRJ-0498,project,Pc Energy Meter,Pc Energy Meter,GIAN-NIDHI,GIAN Nidhi record 498,,
PRJ-0499,project,Data Fortification,Data Fortification,GIAN-NIDHI,GIAN Nidhi record 499,,
PRJ-0500,project,Mars Pathfinder Robotic Rover,Mars Pathfinder Robotic Rover,GIAN-NIDHI,GIAN Nidhi record 500,,
PRJ-0501,project,Font Processor,Font Processor,GIAN-NIDHI,GIAN Nidhi record 501,,
PRJ-0502,project,Seismo +,Seismo +,GIAN-NIDHI,GIAN Nidhi record 502,,
PRJ-0503,project,Eepprom Copyer And Verifier And Writer And Reader Though Pc,Eepprom Copyer And Verifier And Writer And Reader Though Pc,GIAN-NIDHI,GIAN Nidhi record 503,,
PRJ-0504,project,Computerized Paper Tester,Computerized Paper Tester,GIAN-NIDHI,GIAN Nidhi record 504,,
PRJ-0505,project,Private Branch Exchange Pbx Simulation,Private Branch Exchange Pbx Simulation,GIAN-NIDHI,GIAN Nidhi record 505,,
PRJ-0506,project,Pc Access Controller And Task Scheduler Package,Pc Access Controller And Task Scheduler Package,GIAN-NIDHI,GIAN Nidhi record 506,,
PRJ-0507,project,Veri-finger Crime Detector,Veri-finger Crime Detector,GIAN-NIDHI,GIAN Nidhi record 507,,
PRJ-0508,project,3-d Object Optimization And Recognition,3-d Object Optimization And Recognition,GIAN-NIDHI,GIAN Nidhi record 508,,
PRJ-0509,project,Re-programmable Remote Control For Pc,Re-programmable Remote Control For Pc,GIAN-NIDHI,GIAN Nidhi record 509,,
PRJ-0510,project,Task Reminder & Manager,Task Reminder & Manager,GIAN-NIDHI,GIAN Nidhi record 510,,
PRJ-0511,project,A Smart Technology Approach For Toll Tax Collection,A Smart Technology Approach For Toll Tax Collection,GIAN-NIDHI,GIAN Nidhi record 511,,
PRJ-0512,project,Fm Based Data Transmission To Control Rremote Application,Fm Based Data Transmission To Control Rremote Application,GIAN-NIDHI,GIAN Nidhi record 512,,
PRJ-0513,project,Pgp Password Cracking,Pgp Password Cracking,GIAN-NIDHI,GIAN Nidhi record 513,,
PRJ-0514,project,Versatile Oxygen Measurement In Breath,Versatile Oxygen Measurement In Breath,GIAN-NIDHI,GIAN Nidhi record 514,,
PRJ-0515,project,Software Based Digital Training Kit,Software Based Digital Training Kit,GIAN-NIDHI,GIAN Nidhi record 515,,
PRJ-0516,project,Virtual Keyboard Cum Mouse,Virtual Keyboard Cum Mouse,GIAN-NIDHI,GIAN Nidhi record 516,,
PRJ-0517,project,Computerised Voting Using Lan,Computerised Voting Using Lan,GIAN-NIDHI,GIAN Nidhi record 517,,
PRJ-0518,project,Remote Operated Magnetic Train,Remote Operated Magnetic Train,GIAN-NIDHI,GIAN Nidhi record 518,,
PRJ-0519,project,Control Flood Save City,Control Flood Save City,GIAN-NIDHI,GIAN Nidhi record 519,,
PRJ-0520,project,Green Building Design,Green Building Design,GIAN-NIDHI,GIAN Nidhi record 520,,
PRJ-0521,project,Working Model Of Pollution Control And Generation Of Electricity From Speed Breakers At Junction Of Road Squire,Working Model Of Pollution Control And Generation Of Electricity From Speed Breakers At Junction Of Road Squire,GIAN-NIDHI,GIAN Nidhi record 521,,
PRJ-0522,project,Maglev -a Train Without Motors,Maglev -a Train Without Motors,GIAN-NIDHI,GIAN Nidhi record 522,,
PRJ-0523,project,Plc Based Automatic Dam Gate Controller,Plc Based Automatic Dam Gate Controller,GIAN-NIDHI,GIAN Nidhi record 523,,
PRJ-0524,project,Use Of Infertile Land For Fap Multipurpose Project,Use Of Infertile Land For Fap Multipurpose Project,GIAN-NIDHI,GIAN Nidhi record 524,,
PRJ-0525,project,Bio-diesel From Jatropha,Bio-diesel From Jatropha,GIAN-NIDHI,GIAN Nidhi record 525,,
PRJ-0526,project,Coating Powder Wastage Reducing Machine Cyclone Separator,Coating Powder Wastage Reducing Machine Cyclone Separator,GIAN-NIDHI,GIAN Nidhi record 526,,
PRJ-0527,project,Depolymerisation Of Pet Waste By Saponification,Depolymerisation Of Pet Waste By Saponification,GIAN-NIDHI,GIAN Nidhi record 527,,
PRJ-0528,project,Home Establishment 's Advanced Rescue Technology,Home Establishment 's Advanced Rescue Technology,GIAN-NIDHI,GIAN Nidhi record 528,,
PRJ-0529,project,Mini Biodiesel Processor,Mini Biodiesel Processor,GIAN-NIDHI,GIAN Nidhi record 529,,
PRJ-0530,project,Sewage Water Treatment Using Plc,Sewage Water Treatment Using Plc,GIAN-NIDHI,GIAN Nidhi record 530,,
PRJ-0531,project,Electric Bus Transist System With Anticollision Technology,Electric Bus Transist System With Anticollision Technology,GIAN-NIDHI,GIAN Nidhi record 531,,
PRJ-0532,project,Ozone Generator,Ozone Generator,GIAN-NIDHI,GIAN Nidhi record 532,,
PRJ-0533,project,Flour Mill Operated By Bull Power,Flour Mill Operated By Bull Power,GIAN-NIDHI,GIAN Nidhi record 533,,
PRJ-0534,project,Water Turbine And Disaster Management System,Water Turbine And Disaster Management System,GIAN-NIDHI,GIAN Nidhi record 534,,
PRJ-0535,project,Freon Power Wheel,Freon Power Wheel,GIAN-NIDHI,GIAN Nidhi record 535,,
PRJ-0536,project,Microprocessor Based Solar Concentrator Using D C Motor Microprocessor Based Solar Concentrator Using D C Motor,Microprocessor Based Solar Concentrator Using D C Motor Microprocessor Based Solar Concentrator Using D C Motor,GIAN-NIDHI,GIAN Nidhi record 536,,
PRJ-0537,project,Empowering India Through Bio-diesel,Empowering India Through Bio-diesel,GIAN-NIDHI,GIAN Nidhi record 537,,
PRJ-0538,project,Electricity Generation By Using Human Pressure,Electricity Generation By Using Human Pressure,GIAN-NIDHI,GIAN Nidhi record 538,,
PRJ-0539,project,Biogas As Alternate Fuel For Automobile,Biogas As Alternate Fuel For Automobile,GIAN-NIDHI,GIAN Nidhi record 539,,
PRJ-0540,project,Low Cost Solar Water Heater,Low Cost Solar Water Heater,GIAN-NIDHI,GIAN Nidhi record 540,,
PRJ-0541,project,Unconventional Water Heater,Unconventional Water Heater,GIAN-NIDHI,GIAN Nidhi record 541,,
PRJ-0542,project,Solar Based Inverter,Solar Based Inverter,GIAN-NIDHI,GIAN Nidhi record 542,,
PER-GN-01511,person,yadav Jyaprakash,yadav Jyaprakash,GIAN-NIDHI,Participant in GIAN Nidhi student project(s).,,Same name is merged only within the same institution; identical names at different institutions stay separate.
PRJ-0543,project,Portable Ozone Generator,Portable Ozone Generator,GIAN-NIDHI,GIAN Nidhi record 543,,
PRJ-0544,project,Partial Automation Of Solar Powered Escalator,Partial Automation Of Solar Powered Escalator,GIAN-NIDHI,GIAN Nidhi record 544,,
PRJ-0545,project,Low Cost Solar Tracking System,Low Cost Solar Tracking System,GIAN-NIDHI,GIAN Nidhi record 545,,
PRJ-0546,project,Agriculture Seeds Drier,Agriculture Seeds Drier,GIAN-NIDHI,GIAN Nidhi record 546,,
PRJ-0547,project,Mechanical Sowing Machine,Mechanical Sowing Machine,GIAN-NIDHI,GIAN Nidhi record 547,,
PRJ-0548,project,Two Row Seed Cum Fertilizer Planter,Two Row Seed Cum Fertilizer Planter,GIAN-NIDHI,GIAN Nidhi record 548,,
PRJ-0549,project,Agro Seed Flow Controlle,Agro Seed Flow Controlle,GIAN-NIDHI,GIAN Nidhi record 549,,
PER-GN-01512,person,Komal V,Komal V,GIAN-NIDHI,Participant in GIAN Nidhi student project(s).,,Same name is merged only within the same institution; identical names at different institutions stay separate.
PRJ-0550,project,Watershed Development,Watershed Development,GIAN-NIDHI,GIAN Nidhi record 550,,
PER-GN-01513,person,Gaurang,Gaurang,GIAN-NIDHI,Participant in GIAN Nidhi student project(s).,,Same name is merged only within the same institution; identical names at different institutions stay separate.
PRJ-0551,project,Multipurpose Tillage Impliment,Multipurpose Tillage Impliment,GIAN-NIDHI,GIAN Nidhi record 551,,
PER-GN-01514,person,Nilesh Marotrao Tiwas,Nilesh Marotrao Tiwas,GIAN-NIDHI,Participant in GIAN Nidhi student project(s).,,Same name is merged only within the same institution; identical names at different institutions stay separate.
PRJ-0552,project,Agro Mech Weed Collecting Harrow,Agro Mech Weed Collecting Harrow,GIAN-NIDHI,GIAN Nidhi record 552,,
PRJ-0553,project,Compact Thresher,Compact Thresher,GIAN-NIDHI,GIAN Nidhi record 553,,
PRJ-0554,project,Bio-gas Operated Agriculture Power Spryer,Bio-gas Operated Agriculture Power Spryer,GIAN-NIDHI,GIAN Nidhi record 554,,
PRJ-0555,project,Multipurpose Grass Cutt,Multipurpose Grass Cutt,GIAN-NIDHI,GIAN Nidhi record 555,,
PRJ-0556,project,Sugarcane Planter,Sugarcane Planter,GIAN-NIDHI,GIAN Nidhi record 556,,
PRJ-0557,project,Computer Controlled Electrical System,Computer Controlled Electrical System,GIAN-NIDHI,GIAN Nidhi record 557,,
PRJ-0558,project,Gsm Ivrs For Industry Control,Gsm Ivrs For Industry Control,GIAN-NIDHI,GIAN Nidhi record 558,,
PRJ-0559,project,An Experimental Performance Evolution Of Vortex Tube,An Experimental Performance Evolution Of Vortex Tube,GIAN-NIDHI,GIAN Nidhi record 559,,
PRJ-0560,project,Smart Irrigation System,Smart Irrigation System,GIAN-NIDHI,GIAN Nidhi record 560,,
PRJ-0561,project,Electricity From Noise Polution,Electricity From Noise Polution,GIAN-NIDHI,GIAN Nidhi record 561,,
PRJ-0562,project,Embedded Coin Operated From Vending,Embedded Coin Operated From Vending,GIAN-NIDHI,GIAN Nidhi record 562,,
PRJ-0563,project,Physician's Chair,Physician's Chair,GIAN-NIDHI,GIAN Nidhi record 563,,
PRJ-0564,project,Rf Id Based Position Locatory System,Rf Id Based Position Locatory System,GIAN-NIDHI,GIAN Nidhi record 564,,
PRJ-0565,project,Sprash A Touch Of Help,Sprash A Touch Of Help,GIAN-NIDHI,GIAN Nidhi record 565,,
PRJ-0566,project,Power Genration From Biogas Using Bike,Power Genration From Biogas Using Bike,GIAN-NIDHI,GIAN Nidhi record 566,,
PRJ-0567,project,Chainless Bicycle,Chainless Bicycle,GIAN-NIDHI,GIAN Nidhi record 567,,
PRJ-0568,project,Folding Car,Folding Car,GIAN-NIDHI,GIAN Nidhi record 568,,
PRJ-0569,project,Personal Transporter,Personal Transporter,GIAN-NIDHI,GIAN Nidhi record 569,,
PRJ-0570,project,Advanced Pneumatic Rivef Manufacturing M C,Advanced Pneumatic Rivef Manufacturing M C,GIAN-NIDHI,GIAN Nidhi record 570,,
PRJ-0571,project,Performance Analysis Of Solar Operated Two Stage Evaporatve Coller,Performance Analysis Of Solar Operated Two Stage Evaporatve Coller,GIAN-NIDHI,GIAN Nidhi record 571,,
PRJ-0572,project,Imgpro,Imgpro,GIAN-NIDHI,GIAN Nidhi record 572,,
PRJ-0573,project,Multipurpose Wheelchair Friendly,Multipurpose Wheelchair Friendly,GIAN-NIDHI,GIAN Nidhi record 573,,
PRJ-0574,project,Oil Charcoal Silencer,Oil Charcoal Silencer,GIAN-NIDHI,GIAN Nidhi record 574,,
PER-GN-01515,person,Khule Praveen Jaggnath,Khule Praveen Jaggnath,GIAN-NIDHI,Participant in GIAN Nidhi student project(s).,,Same name is merged only within the same institution; identical names at different institutions stay separate.
PER-GN-01516,person,Jadhav manoj Vinod,Jadhav manoj Vinod,GIAN-NIDHI,Participant in GIAN Nidhi student project(s).,,Same name is merged only within the same institution; identical names at different institutions stay separate.
PER-GN-01517,person,Jadhav Sachin Gorakhnath,Jadhav Sachin Gorakhnath,GIAN-NIDHI,Participant in GIAN Nidhi student project(s).,,Same name is merged only within the same institution; identical names at different institutions stay separate.
PER-GN-01518,person,Salunke Jagdish Anilrao,Salunke Jagdish Anilrao,GIAN-NIDHI,Participant in GIAN Nidhi student project(s).,,Same name is merged only within the same institution; identical names at different institutions stay separate.
PER-GN-01519,person,Kaklij Manish Madhukar,Kaklij Manish Madhukar,GIAN-NIDHI,Participant in GIAN Nidhi student project(s).,,Same name is merged only within the same institution; identical names at different institutions stay separate.
PRJ-0575,project,Vacuum Pick And Place System,Vacuum Pick And Place System,GIAN-NIDHI,GIAN Nidhi record 575,,
PRJ-0576,project,Wireless Temperature Sensing Controlling,Wireless Temperature Sensing Controlling,GIAN-NIDHI,GIAN Nidhi record 576,,
PRJ-0577,project,Digital Heartbeat Monitoring System,Digital Heartbeat Monitoring System,GIAN-NIDHI,GIAN Nidhi record 577,,
PRJ-0578,project,Betel Nut Grinding Machine,Betel Nut Grinding Machine,GIAN-NIDHI,GIAN Nidhi record 578,,
PER-GN-01520,person,Karbhari Harshad Pandit,Karbhari Harshad Pandit,GIAN-NIDHI,Participant in GIAN Nidhi student project(s).,,Same name is merged only within the same institution; identical names at different institutions stay separate.
PRJ-0579,project,Spring Jack,Spring Jack,GIAN-NIDHI,GIAN Nidhi record 579,,
PRJ-0580,project,Mobile Trolley Control Using Rf Transmitter And Receiver,Mobile Trolley Control Using Rf Transmitter And Receiver,GIAN-NIDHI,GIAN Nidhi record 580,,
PRJ-0581,project,Microcontroller Based Weighing Machine,Microcontroller Based Weighing Machine,GIAN-NIDHI,GIAN Nidhi record 581,,
PRJ-0582,project,A Study Of Work-culture In Polytechnic Environment,A Study Of Work-culture In Polytechnic Environment,GIAN-NIDHI,GIAN Nidhi record 582,,
PER-GN-01521,person,Dr. L.S. Sastry,Dr. L.S. Sastry,GIAN-NIDHI,Participant in GIAN Nidhi student project(s).,,Same name is merged only within the same institution; identical names at different institutions stay separate.
PRJ-0583,project,Student S Workculture In Polytechnic Environment,Student S Workculture In Polytechnic Environment,GIAN-NIDHI,GIAN Nidhi record 583,,
PER-GN-01522,person,Dr. Satyanarayana B.,Dr. Satyanarayana B.,GIAN-NIDHI,Participant in GIAN Nidhi student project(s).,,Same name is merged only within the same institution; identical names at different institutions stay separate.
PER-GN-01523,person,Prof. Sastry L.,Prof. Sastry L.,GIAN-NIDHI,Participant in GIAN Nidhi student project(s).,,Same name is merged only within the same institution; identical names at different institutions stay separate.
PRJ-0584,project,Polytechnic Education An Appraisal,Polytechnic Education An Appraisal,GIAN-NIDHI,GIAN Nidhi record 584,,
PER-GN-01524,person,Dr. Sastry L.S.,Dr. Sastry L.S. | Sastry L.S.,GIAN-NIDHI,Participant in GIAN Nidhi student project(s).,,Same name is merged only within the same institution; identical names at different institutions stay separate.
PRJ-0585,project,Study Of Work Culture Of Polytechnic Teachers,Study Of Work Culture Of Polytechnic Teachers,GIAN-NIDHI,GIAN Nidhi record 585,,
PER-GN-01525,person,Sastry,Sastry,GIAN-NIDHI,Participant in GIAN Nidhi student project(s).,,Same name is merged only within the same institution; identical names at different institutions stay separate.
PRJ-0586,project,Relational Management In Polytechnics,Relational Management In Polytechnics,GIAN-NIDHI,GIAN Nidhi record 586,,
PER-GN-01526,person,Dr. Satyanarayana,Dr. Satyanarayana,GIAN-NIDHI,Participant in GIAN Nidhi student project(s).,,Same name is merged only within the same institution; identical names at different institutions stay separate.
PRJ-0587,project,Wireless Telemetry,Wireless Telemetry,GIAN-NIDHI,GIAN Nidhi record 587,,
PER-GN-01527,person,Self,Self,GIAN-NIDHI,Participant in GIAN Nidhi student project(s).,,Same name is merged only within the same institution; identical names at different institutions stay separate.
PRJ-0588,project,Earthquake Engineering Curriculum For Polytechnics Of Up And Uttaranchal,Earthquake Engineering Curriculum For Polytechnics Of Up And Uttaranchal,GIAN-NIDHI,GIAN Nidhi record 588,,
PER-GN-01528,person,Rai D. C.,Rai D. C.,GIAN-NIDHI,Participant in GIAN Nidhi student project(s).,,Same name is merged only within the same institution; identical names at different institutions stay separate.
PER-GN-01529,person,Jain,Jain,GIAN-NIDHI,Participant in GIAN Nidhi student project(s).,,Same name is merged only within the same institution; identical names at different institutions stay separate.
PER-GN-01530,person,S. K. (2004),S. K. (2004),GIAN-NIDHI,Participant in GIAN Nidhi student project(s).,,Same name is merged only within the same institution; identical names at different institutions stay separate.
PRJ-0589,project,Gsm Based Electrical Billing And Cut-off System,Gsm Based Electrical Billing And Cut-off System,GIAN-NIDHI,GIAN Nidhi record 589,,
PER-GN-01531,person,GURUMURTHY B. A,GURUMURTHY B. A,GIAN-NIDHI,Participant in GIAN Nidhi student project(s).,,Same name is merged only within the same institution; identical names at different institutions stay separate.
PRJ-0590,project,A Study On The Development Of Appropriate Strategies For Effective Functioning Of CommunityPolytechnic In Jharkhand,A Study On The Development Of Appropriate Strategies For Effective Functioning Of CommunityPolytechnic In Jharkhand,GIAN-NIDHI,GIAN Nidhi record 590,,
PER-GN-01532,person,Prasad Ganesh,Prasad Ganesh,GIAN-NIDHI,Participant in GIAN Nidhi student project(s).,,Same name is merged only within the same institution; identical names at different institutions stay separate.
PRJ-0591,project,Effect Of Oxygenated Fuel With Diesel On Diesel Engine Performance And Emission,Effect Of Oxygenated Fuel With Diesel On Diesel Engine Performance And Emission,GIAN-NIDHI,GIAN Nidhi record 591,,
PER-GN-01533,person,Thakrar Jatinkumar Jagdishbhai,Thakrar Jatinkumar Jagdishbhai,GIAN-NIDHI,Participant in GIAN Nidhi student project(s).,,Same name is merged only within the same institution; identical names at different institutions stay separate.
PRJ-0592,project,Planning Of Automatic Multilevel Parking In Urban Area,Planning Of Automatic Multilevel Parking In Urban Area,GIAN-NIDHI,GIAN Nidhi record 592,,
PER-GN-01534,person,Satyam S. Gandhi,Satyam S. Gandhi,GIAN-NIDHI,Participant in GIAN Nidhi student project(s).,,Same name is merged only within the same institution; identical names at different institutions stay separate.
PRJ-0593,project,Study And Development Of Compressed Air Engine Single Cylinder,Study And Development Of Compressed Air Engine Single Cylinder,GIAN-NIDHI,GIAN Nidhi record 593,,
PER-GN-01535,person,MISTRY MANISH K,MISTRY MANISH K,GIAN-NIDHI,Participant in GIAN Nidhi student project(s).,,Same name is merged only within the same institution; identical names at different institutions stay separate.
PRJ-0594,project,Performance And Emissoin Analysis Of Diesel Engine Using Different Fuel Additives Blend,Performance And Emissoin Analysis Of Diesel Engine Using Different Fuel Additives Blend,GIAN-NIDHI,GIAN Nidhi record 594,,
PER-GN-01536,person,PATEL ANKITKUMAR K,PATEL ANKITKUMAR K,GIAN-NIDHI,Participant in GIAN Nidhi student project(s).,,Same name is merged only within the same institution; identical names at different institutions stay separate.
PRJ-0595,project,Cost Analysis Of Sub Base And Base In Flexible Pavement Using Geosynthetic Material On Poor Sub Grade Soil,Cost Analysis Of Sub Base And Base In Flexible Pavement Using Geosynthetic Material On Poor Sub Grade Soil,GIAN-NIDHI,GIAN Nidhi record 595,,
PER-GN-01537,person,Patel Jigar kumar Jayantilal,Patel Jigar kumar Jayantilal,GIAN-NIDHI,Participant in GIAN Nidhi student project(s).,,Same name is merged only within the same institution; identical names at different institutions stay separate.
PRJ-0596,project,3-phase Mesurement Protection Monitering Equipment Using M,3-phase Mesurement Protection Monitering Equipment Using M,GIAN-NIDHI,GIAN Nidhi record 596,,
PER-GN-01538,person,2.MODI ROSHAN M,2.MODI ROSHAN M,GIAN-NIDHI,Participant in GIAN Nidhi student project(s).,,Same name is merged only within the same institution; identical names at different institutions stay separate.
PER-GN-01539,person,3.RATHOD SIDDHARTH L,3.RATHOD SIDDHARTH L,GIAN-NIDHI,Participant in GIAN Nidhi student project(s).,,Same name is merged only within the same institution; identical names at different institutions stay separate.
PER-GN-01540,person,4.KOTHARI SARTHAK B,4.KOTHARI SARTHAK B,GIAN-NIDHI,Participant in GIAN Nidhi student project(s).,,Same name is merged only within the same institution; identical names at different institutions stay separate.
PRJ-0597,project,Attendace Recording System,Attendace Recording System,GIAN-NIDHI,GIAN Nidhi record 597,,
PER-GN-01541,person,2.ATRE HITESH A,2.ATRE HITESH A,GIAN-NIDHI,Participant in GIAN Nidhi student project(s).,,Same name is merged only within the same institution; identical names at different institutions stay separate.
PER-GN-01542,person,3.RAHANE NITESH S,3.RAHANE NITESH S,GIAN-NIDHI,Participant in GIAN Nidhi student project(s).,,Same name is merged only within the same institution; identical names at different institutions stay separate.
PER-GN-01543,person,4.SHINGADIYA KETAN C,4.SHINGADIYA KETAN C,GIAN-NIDHI,Participant in GIAN Nidhi student project(s).,,Same name is merged only within the same institution; identical names at different institutions stay separate.
PRJ-0598,project,Cell Phone Base Industrialapplience,Cell Phone Base Industrialapplience,GIAN-NIDHI,GIAN Nidhi record 598,,
PER-GN-01544,person,2.CHAMPANERIA PARTH P,2.CHAMPANERIA PARTH P,GIAN-NIDHI,Participant in GIAN Nidhi student project(s).,,Same name is merged only within the same institution; identical names at different institutions stay separate.
PER-GN-01545,person,3.HARSORA PARTH K,3.HARSORA PARTH K,GIAN-NIDHI,Participant in GIAN Nidhi student project(s).,,Same name is merged only within the same institution; identical names at different institutions stay separate.
PER-GN-01546,person,4.BHAVSAR KEVAL B,4.BHAVSAR KEVAL B,GIAN-NIDHI,Participant in GIAN Nidhi student project(s).,,Same name is merged only within the same institution; identical names at different institutions stay separate.
PRJ-0599,project,Industrial Safety Using Gsm System,Industrial Safety Using Gsm System,GIAN-NIDHI,GIAN Nidhi record 599,,
PER-GN-01547,person,2.NAKARANI NIKUNJ L,2.NAKARANI NIKUNJ L,GIAN-NIDHI,Participant in GIAN Nidhi student project(s).,,Same name is merged only within the same institution; identical names at different institutions stay separate.
PER-GN-01548,person,3.NATHANI KAPIL G,3.NATHANI KAPIL G,GIAN-NIDHI,Participant in GIAN Nidhi student project(s).,,Same name is merged only within the same institution; identical names at different institutions stay separate.
PER-GN-01549,person,4.KHENI UDDHAV A,4.KHENI UDDHAV A,GIAN-NIDHI,Participant in GIAN Nidhi student project(s).,,Same name is merged only within the same institution; identical names at different institutions stay separate.
PRJ-0600,project,Automatic Room Light Control,Automatic Room Light Control,GIAN-NIDHI,GIAN Nidhi record 600,,
PER-GN-01550,person,2.DESAI ARZOO A,2.DESAI ARZOO A,GIAN-NIDHI,Participant in GIAN Nidhi student project(s).,,Same name is merged only within the same institution; identical names at different institutions stay separate.
PER-GN-01551,person,3.PATEL DIMPAL R,3.PATEL DIMPAL R,GIAN-NIDHI,Participant in GIAN Nidhi student project(s).,,Same name is merged only within the same institution; identical names at different institutions stay separate.
PRJ-0601,project,Microcontroller Based Industrial Street Light Control,Microcontroller Based Industrial Street Light Control,GIAN-NIDHI,GIAN Nidhi record 601,,
PER-GN-01552,person,2.KARAD DHARMESH G,2.KARAD DHARMESH G,GIAN-NIDHI,Participant in GIAN Nidhi student project(s).,,Same name is merged only within the same institution; identical names at different institutions stay separate.
PER-GN-01553,person,3.PANDAV CHIRAG P,3.PANDAV CHIRAG P,GIAN-NIDHI,Participant in GIAN Nidhi student project(s).,,Same name is merged only within the same institution; identical names at different institutions stay separate.
PER-GN-01554,person,4.PADARIYA AJAY B,4.PADARIYA AJAY B,GIAN-NIDHI,Participant in GIAN Nidhi student project(s).,,Same name is merged only within the same institution; identical names at different institutions stay separate.
PRJ-0602,project,Sms Base Devise Controlling Using Gsm,Sms Base Devise Controlling Using Gsm,GIAN-NIDHI,GIAN Nidhi record 602,,
PER-GN-01555,person,2.VASANI KAUSHIK G,2.VASANI KAUSHIK G,GIAN-NIDHI,Participant in GIAN Nidhi student project(s).,,Same name is merged only within the same institution; identical names at different institutions stay separate.
PER-GN-01556,person,3.GONDALIYA CHIRAG P,3.GONDALIYA CHIRAG P,GIAN-NIDHI,Participant in GIAN Nidhi student project(s).,,Same name is merged only within the same institution; identical names at different institutions stay separate.
PER-GN-01557,person,4.ZALAVADIYA DVARKESH R,4.ZALAVADIYA DVARKESH R,GIAN-NIDHI,Participant in GIAN Nidhi student project(s).,,Same name is merged only within the same institution; identical names at different institutions stay separate.
PRJ-0603,project,Tunnel Breakage Indication System,Tunnel Breakage Indication System,GIAN-NIDHI,GIAN Nidhi record 603,,
PER-GN-01558,person,2. PARMAR SMITH R,2. PARMAR SMITH R,GIAN-NIDHI,Participant in GIAN Nidhi student project(s).,,Same name is merged only within the same institution; identical names at different institutions stay separate.
PER-GN-01559,person,3. PATHAN MO. SHAHIL G,3. PATHAN MO. SHAHIL G,GIAN-NIDHI,Participant in GIAN Nidhi student project(s).,,Same name is merged only within the same institution; identical names at different institutions stay separate.
PRJ-0604,project,Variable Frequency Drive,Variable Frequency Drive,GIAN-NIDHI,GIAN Nidhi record 604,,
PER-GN-01560,person,2. CHAPANERIA VATSAL B,2. CHAPANERIA VATSAL B,GIAN-NIDHI,Participant in GIAN Nidhi student project(s).,,Same name is merged only within the same institution; identical names at different institutions stay separate.
PER-GN-01561,person,3. GOTAWALA HARSHIL D,3. GOTAWALA HARSHIL D,GIAN-NIDHI,Participant in GIAN Nidhi student project(s).,,Same name is merged only within the same institution; identical names at different institutions stay separate.
PER-GN-01562,person,4. KHANTHARIYA NIKUNJ S,4. KHANTHARIYA NIKUNJ S,GIAN-NIDHI,Participant in GIAN Nidhi student project(s).,,Same name is merged only within the same institution; identical names at different institutions stay separate.
PRJ-0605,project,66kv Substation Model,66kv Substation Model,GIAN-NIDHI,GIAN Nidhi record 605,,
PER-GN-01563,person,Shaikh Zaid,Shaikh Zaid,GIAN-NIDHI,Participant in GIAN Nidhi student project(s).,,Same name is merged only within the same institution; identical names at different institutions stay separate.
PER-GN-01564,person,Jariwala Vaibhav,Jariwala Vaibhav,GIAN-NIDHI,Participant in GIAN Nidhi student project(s).,,Same name is merged only within the same institution; identical names at different institutions stay separate.
PER-GN-01565,person,Dhanani Kaushik,Dhanani Kaushik,GIAN-NIDHI,Participant in GIAN Nidhi student project(s).,,Same name is merged only within the same institution; identical names at different institutions stay separate.
PER-GN-01566,person,Donda Dashrath,Donda Dashrath,GIAN-NIDHI,Participant in GIAN Nidhi student project(s).,,Same name is merged only within the same institution; identical names at different institutions stay separate.
PRJ-0606,project,Protection Panel Of Alternator,Protection Panel Of Alternator,GIAN-NIDHI,GIAN Nidhi record 606,,
PER-GN-01567,person,Patel Hardik,Patel Hardik,GIAN-NIDHI,Participant in GIAN Nidhi student project(s).,,Same name is merged only within the same institution; identical names at different institutions stay separate.
PER-GN-01568,person,Patel Vaibhav,Patel Vaibhav,GIAN-NIDHI,Participant in GIAN Nidhi student project(s).,,Same name is merged only within the same institution; identical names at different institutions stay separate.
PER-GN-01569,person,Patel Hiren,Patel Hiren,GIAN-NIDHI,Participant in GIAN Nidhi student project(s).,,Same name is merged only within the same institution; identical names at different institutions stay separate.
PRJ-0607,project,Automatic Powe Factor Controller Apfc Panel,Automatic Powe Factor Controller Apfc Panel,GIAN-NIDHI,GIAN Nidhi record 607,,
PER-GN-01570,person,Patel Sanket,Patel Sanket,GIAN-NIDHI,Participant in GIAN Nidhi student project(s).,,Same name is merged only within the same institution; identical names at different institutions stay separate.
PER-GN-01571,person,Maurya Rajkumar,Maurya Rajkumar,GIAN-NIDHI,Participant in GIAN Nidhi student project(s).,,Same name is merged only within the same institution; identical names at different institutions stay separate.
PER-GN-01572,person,Patel Tejash,Patel Tejash,GIAN-NIDHI,Participant in GIAN Nidhi student project(s).,,Same name is merged only within the same institution; identical names at different institutions stay separate.
PER-GN-01573,person,Paital Pradosh,Paital Pradosh,GIAN-NIDHI,Participant in GIAN Nidhi student project(s).,,Same name is merged only within the same institution; identical names at different institutions stay separate.
PRJ-0608,project,Speed Control Of Bldc Motor,Speed Control Of Bldc Motor,GIAN-NIDHI,GIAN Nidhi record 608,,
PER-GN-01574,person,Pargi Jayesh,Pargi Jayesh,GIAN-NIDHI,Participant in GIAN Nidhi student project(s).,,Same name is merged only within the same institution; identical names at different institutions stay separate.
PER-GN-01575,person,Dodiya Paras,Dodiya Paras,GIAN-NIDHI,Participant in GIAN Nidhi student project(s).,,Same name is merged only within the same institution; identical names at different institutions stay separate.
PER-GN-01576,person,Patel Uttam,Patel Uttam,GIAN-NIDHI,Participant in GIAN Nidhi student project(s).,,Same name is merged only within the same institution; identical names at different institutions stay separate.
PER-GN-01577,person,Tiwari Vivek,Tiwari Vivek,GIAN-NIDHI,Participant in GIAN Nidhi student project(s).,,Same name is merged only within the same institution; identical names at different institutions stay separate.
PER-GN-01578,person,Mistry Denish,Mistry Denish,GIAN-NIDHI,Participant in GIAN Nidhi student project(s).,,Same name is merged only within the same institution; identical names at different institutions stay separate.
PRJ-0609,project,Wireless Fire Extinguisher Vehicle With Water Jet Spray,Wireless Fire Extinguisher Vehicle With Water Jet Spray,GIAN-NIDHI,GIAN Nidhi record 609,,
PER-GN-01579,person,Patel Karan,Patel Karan,GIAN-NIDHI,Participant in GIAN Nidhi student project(s).,,Same name is merged only within the same institution; identical names at different institutions stay separate.
PER-GN-01580,person,Rathod Vijay,Rathod Vijay,GIAN-NIDHI,Participant in GIAN Nidhi student project(s).,,Same name is merged only within the same institution; identical names at different institutions stay separate.
PER-GN-01581,person,Hakim Asimkamal,Hakim Asimkamal,GIAN-NIDHI,Participant in GIAN Nidhi student project(s).,,Same name is merged only within the same institution; identical names at different institutions stay separate.
PER-GN-01582,person,Lakdawala Umar,Lakdawala Umar,GIAN-NIDHI,Participant in GIAN Nidhi student project(s).,,Same name is merged only within the same institution; identical names at different institutions stay separate.
PRJ-0610,project,Thermo-electric Generator,Thermo-electric Generator,GIAN-NIDHI,GIAN Nidhi record 610,,
PER-GN-01583,person,Kevadiya Ketan,Kevadiya Ketan,GIAN-NIDHI,Participant in GIAN Nidhi student project(s).,,Same name is merged only within the same institution; identical names at different institutions stay separate.
PER-GN-01584,person,Patel Harshil,Patel Harshil,GIAN-NIDHI,Participant in GIAN Nidhi student project(s).,,Same name is merged only within the same institution; identical names at different institutions stay separate.
PER-GN-01585,person,Prajapati Hiren,Prajapati Hiren,GIAN-NIDHI,Participant in GIAN Nidhi student project(s).,,Same name is merged only within the same institution; identical names at different institutions stay separate.
PER-GN-01586,person,Baraiya Bhavesh,Baraiya Bhavesh,GIAN-NIDHI,Participant in GIAN Nidhi student project(s).,,Same name is merged only within the same institution; identical names at different institutions stay separate.
PER-GN-01587,person,Solanki Khusboo,Solanki Khusboo,GIAN-NIDHI,Participant in GIAN Nidhi student project(s).,,Same name is merged only within the same institution; identical names at different institutions stay separate.
PRJ-0611,project,Permanent Magnet D C Motorspeed Control Using Scr,Permanent Magnet D C Motorspeed Control Using Scr,GIAN-NIDHI,GIAN Nidhi record 611,,
PER-GN-01588,person,Mangukiya Bhargav,Mangukiya Bhargav,GIAN-NIDHI,Participant in GIAN Nidhi student project(s).,,Same name is merged only within the same institution; identical names at different institutions stay separate.
PER-GN-01589,person,Kature Bhavesh,Kature Bhavesh,GIAN-NIDHI,Participant in GIAN Nidhi student project(s).,,Same name is merged only within the same institution; identical names at different institutions stay separate.
PER-GN-01590,person,Patel Ravi,Patel Ravi,GIAN-NIDHI,Participant in GIAN Nidhi student project(s).,,Same name is merged only within the same institution; identical names at different institutions stay separate.
PER-GN-01591,person,Chaudhri Pradeep,Chaudhri Pradeep,GIAN-NIDHI,Participant in GIAN Nidhi student project(s).,,Same name is merged only within the same institution; identical names at different institutions stay separate.
PRJ-0612,project,Online Banking System Bob,Online Banking System Bob,GIAN-NIDHI,GIAN Nidhi record 612,,
PER-GN-01592,person,Ghevariya Ravi,Ghevariya Ravi,GIAN-NIDHI,Participant in GIAN Nidhi student project(s).,,Same name is merged only within the same institution; identical names at different institutions stay separate.
PER-GN-01593,person,Patel Harsh,Patel Harsh,GIAN-NIDHI,Participant in GIAN Nidhi student project(s).,,Same name is merged only within the same institution; identical names at different institutions stay separate.
PER-GN-01594,person,Sandish Manish,Sandish Manish,GIAN-NIDHI,Participant in GIAN Nidhi student project(s).,,Same name is merged only within the same institution; identical names at different institutions stay separate.
PRJ-0613,project,Online Shopping Cart,Online Shopping Cart,GIAN-NIDHI,GIAN Nidhi record 613,,
PER-GN-01595,person,Amrolia Nekshan,Amrolia Nekshan,GIAN-NIDHI,Participant in GIAN Nidhi student project(s).,,Same name is merged only within the same institution; identical names at different institutions stay separate.
PER-GN-01596,person,Jasmitya Nisha,Jasmitya Nisha,GIAN-NIDHI,Participant in GIAN Nidhi student project(s).,,Same name is merged only within the same institution; identical names at different institutions stay separate.
PER-GN-01597,person,Patel Pinal,Patel Pinal,GIAN-NIDHI,Participant in GIAN Nidhi student project(s).,,Same name is merged only within the same institution; identical names at different institutions stay separate.
PRJ-0614,project,Online Help Desk,Online Help Desk,GIAN-NIDHI,GIAN Nidhi record 614,,
PER-GN-01598,person,Solanki Jitendra,Solanki Jitendra,GIAN-NIDHI,Participant in GIAN Nidhi student project(s).,,Same name is merged only within the same institution; identical names at different institutions stay separate.
PER-GN-01599,person,Vaghasiya Vishal,Vaghasiya Vishal,GIAN-NIDHI,Participant in GIAN Nidhi student project(s).,,Same name is merged only within the same institution; identical names at different institutions stay separate.
PER-GN-01600,person,Prajapati Rajendra,Prajapati Rajendra,GIAN-NIDHI,Participant in GIAN Nidhi student project(s).,,Same name is merged only within the same institution; identical names at different institutions stay separate.
PRJ-0615,project,Online Jewellary Store,Online Jewellary Store,GIAN-NIDHI,GIAN Nidhi record 615,,
PER-GN-01601,person,Chevli Parth,Chevli Parth,GIAN-NIDHI,Participant in GIAN Nidhi student project(s).,,Same name is merged only within the same institution; identical names at different institutions stay separate.
PER-GN-01602,person,Malik Failjal,Malik Failjal,GIAN-NIDHI,Participant in GIAN Nidhi student project(s).,,Same name is merged only within the same institution; identical names at different institutions stay separate.
PRJ-0616,project,Job Management Printing System,Job Management Printing System,GIAN-NIDHI,GIAN Nidhi record 616,,
PER-GN-01603,person,Lathiya Krupa,Lathiya Krupa,GIAN-NIDHI,Participant in GIAN Nidhi student project(s).,,Same name is merged only within the same institution; identical names at different institutions stay separate.
PER-GN-01604,person,Italiya Hemangi,Italiya Hemangi,GIAN-NIDHI,Participant in GIAN Nidhi student project(s).,,Same name is merged only within the same institution; identical names at different institutions stay separate.
PER-GN-01605,person,Mangukiya Parthvi,Mangukiya Parthvi,GIAN-NIDHI,Participant in GIAN Nidhi student project(s).,,Same name is merged only within the same institution; identical names at different institutions stay separate.
PRJ-0617,project,List Claasified,List Claasified,GIAN-NIDHI,GIAN Nidhi record 617,,
PER-GN-01606,person,Kosambi Avni,Kosambi Avni,GIAN-NIDHI,Participant in GIAN Nidhi student project(s).,,Same name is merged only within the same institution; identical names at different institutions stay separate.
PER-GN-01607,person,Gohil Kiran,Gohil Kiran,GIAN-NIDHI,Participant in GIAN Nidhi student project(s).,,Same name is merged only within the same institution; identical names at different institutions stay separate.
PER-GN-01608,person,Yadav Mukesh,Yadav Mukesh,GIAN-NIDHI,Participant in GIAN Nidhi student project(s).,,Same name is merged only within the same institution; identical names at different institutions stay separate.
PRJ-0618,project,Yellow Pages,Yellow Pages,GIAN-NIDHI,GIAN Nidhi record 618,,
PER-GN-01609,person,Patel Sufiyan,Patel Sufiyan,GIAN-NIDHI,Participant in GIAN Nidhi student project(s).,,Same name is merged only within the same institution; identical names at different institutions stay separate.
PER-GN-01610,person,Gohil Deepak,Gohil Deepak,GIAN-NIDHI,Participant in GIAN Nidhi student project(s).,,Same name is merged only within the same institution; identical names at different institutions stay separate.
PRJ-0619,project,Pc Integrated Gsm Model Based Ballot Voting System With Auto Reply,Pc Integrated Gsm Model Based Ballot Voting System With Auto Reply,GIAN-NIDHI,GIAN Nidhi record 619,,
PER-GN-01611,person,Patel Chintak,Patel Chintak,GIAN-NIDHI,Participant in GIAN Nidhi student project(s).,,Same name is merged only within the same institution; identical names at different institutions stay separate.
PER-GN-01612,person,Thaker Jay,Thaker Jay,GIAN-NIDHI,Participant in GIAN Nidhi student project(s).,,Same name is merged only within the same institution; identical names at different institutions stay separate.
PRJ-0620,project,Construction Mamagment,Construction Mamagment,GIAN-NIDHI,GIAN Nidhi record 620,,
PER-GN-01613,person,PUWAR MAYURSINH JAYDIPSINH,PUWAR MAYURSINH JAYDIPSINH,GIAN-NIDHI,Participant in GIAN Nidhi student project(s).,,Same name is merged only within the same institution; identical names at different institutions stay separate.
PER-GN-01614,person,MISTRY SANKET SHASHIKANTBHAI,MISTRY SANKET SHASHIKANTBHAI,GIAN-NIDHI,Participant in GIAN Nidhi student project(s).,,Same name is merged only within the same institution; identical names at different institutions stay separate.
PER-GN-01615,person,BADGUJAR VIJAY SHANKAR,BADGUJAR VIJAY SHANKAR,GIAN-NIDHI,Participant in GIAN Nidhi student project(s).,,Same name is merged only within the same institution; identical names at different institutions stay separate.
PRJ-0621,project,Online (shopping) With Action,Online (shopping) With Action,GIAN-NIDHI,GIAN Nidhi record 621,,
PER-GN-01616,person,BARVALIA DHAVALKUMAR ARVINDBHAI,BARVALIA DHAVALKUMAR ARVINDBHAI,GIAN-NIDHI,Participant in GIAN Nidhi student project(s).,,Same name is merged only within the same institution; identical names at different institutions stay separate.
PER-GN-01617,person,DARJI MANTHAN NARENDRABHAI,DARJI MANTHAN NARENDRABHAI,GIAN-NIDHI,Participant in GIAN Nidhi student project(s).,,Same name is merged only within the same institution; identical names at different institutions stay separate.
PER-GN-01618,person,SANGHANI CHIRAG MANSUKHBHAI,SANGHANI CHIRAG MANSUKHBHAI,GIAN-NIDHI,Participant in GIAN Nidhi student project(s).,,Same name is merged only within the same institution; identical names at different institutions stay separate.
PRJ-0622,project,Rfid,Rfid,GIAN-NIDHI,GIAN Nidhi record 622,,
PER-GN-01619,person,VAGHELA BHAUTIKKUMAR NITINBHAI,VAGHELA BHAUTIKKUMAR NITINBHAI,GIAN-NIDHI,Participant in GIAN Nidhi student project(s).,,Same name is merged only within the same institution; identical names at different institutions stay separate.
PER-GN-01620,person,VORA JAYDEEP JEEVRAJBHAI,VORA JAYDEEP JEEVRAJBHAI,GIAN-NIDHI,Participant in GIAN Nidhi student project(s).,,Same name is merged only within the same institution; identical names at different institutions stay separate.
PER-GN-01621,person,CHOVATIYA YOGESH PARSHOTTAMBHAI,CHOVATIYA YOGESH PARSHOTTAMBHAI,GIAN-NIDHI,Participant in GIAN Nidhi student project(s).,,Same name is merged only within the same institution; identical names at different institutions stay separate.
PRJ-0623,project,Not available,Not available,GIAN-NIDHI,GIAN Nidhi record 623,,
PER-GN-01622,person,DANGAR PANKAJ HARIBHAI,DANGAR PANKAJ HARIBHAI,GIAN-NIDHI,Participant in GIAN Nidhi student project(s).,,Same name is merged only within the same institution; identical names at different institutions stay separate.
PER-GN-01623,person,CHAVDA VEJANAND PABABHAI,CHAVDA VEJANAND PABABHAI,GIAN-NIDHI,Participant in GIAN Nidhi student project(s).,,Same name is merged only within the same institution; identical names at different institutions stay separate.
PRJ-0624,project,Exduation Management,Exduation Management,GIAN-NIDHI,GIAN Nidhi record 624,,
PER-GN-01624,person,GOHIL KARTIK NARENDRABHAI,GOHIL KARTIK NARENDRABHAI,GIAN-NIDHI,Participant in GIAN Nidhi student project(s).,,Same name is merged only within the same institution; identical names at different institutions stay separate.
PER-GN-01625,person,LATHIYA GAURAVKUMAR ASHOKBHAI,LATHIYA GAURAVKUMAR ASHOKBHAI,GIAN-NIDHI,Participant in GIAN Nidhi student project(s).,,Same name is merged only within the same institution; identical names at different institutions stay separate.
PRJ-0625,project,Goods And Transport Management,Goods And Transport Management,GIAN-NIDHI,GIAN Nidhi record 625,,
PER-GN-01626,person,RATHOD KRISHNA AMRUTBAI,RATHOD KRISHNA AMRUTBAI,GIAN-NIDHI,Participant in GIAN Nidhi student project(s).,,Same name is merged only within the same institution; identical names at different institutions stay separate.
PER-GN-01627,person,RATHOD VAISHALI NARENDRABHAI,RATHOD VAISHALI NARENDRABHAI,GIAN-NIDHI,Participant in GIAN Nidhi student project(s).,,Same name is merged only within the same institution; identical names at different institutions stay separate.
PRJ-0626,project,Help Desk,Help Desk,GIAN-NIDHI,GIAN Nidhi record 626,,
PER-GN-01628,person,PATEL MANISHA VINODBHAI,PATEL MANISHA VINODBHAI,GIAN-NIDHI,Participant in GIAN Nidhi student project(s).,,Same name is merged only within the same institution; identical names at different institutions stay separate.
PER-GN-01629,person,PATEL SNEHA GAUTAMBHAI,PATEL SNEHA GAUTAMBHAI,GIAN-NIDHI,Participant in GIAN Nidhi student project(s).,,Same name is merged only within the same institution; identical names at different institutions stay separate.
PER-GN-01630,person,PATEL DHARTIBEN PANKAJKUMAR,PATEL DHARTIBEN PANKAJKUMAR,GIAN-NIDHI,Participant in GIAN Nidhi student project(s).,,Same name is merged only within the same institution; identical names at different institutions stay separate.
PRJ-0627,project,Not available,Not available,GIAN-NIDHI,GIAN Nidhi record 627,,
PER-GN-01631,person,BHIMANI NIRALI JAYANTILAL,BHIMANI NIRALI JAYANTILAL,GIAN-NIDHI,Participant in GIAN Nidhi student project(s).,,Same name is merged only within the same institution; identical names at different institutions stay separate.
PRJ-0628,project,Not available,Not available,GIAN-NIDHI,GIAN Nidhi record 628,,
PER-GN-01632,person,LIMBACHIYA PINALBEN RAJESHBHAI,LIMBACHIYA PINALBEN RAJESHBHAI,GIAN-NIDHI,Participant in GIAN Nidhi student project(s).,,Same name is merged only within the same institution; identical names at different institutions stay separate.
PER-GN-01633,person,PATEL SAPNABAHEN PANKAJBHAI,PATEL SAPNABAHEN PANKAJBHAI,GIAN-NIDHI,Participant in GIAN Nidhi student project(s).,,Same name is merged only within the same institution; identical names at different institutions stay separate.
PRJ-0629,project,Not available,Not available,GIAN-NIDHI,GIAN Nidhi record 629,,
PER-GN-01634,person,PATIL JAGRUTI DILIPBHAI,PATIL JAGRUTI DILIPBHAI,GIAN-NIDHI,Participant in GIAN Nidhi student project(s).,,Same name is merged only within the same institution; identical names at different institutions stay separate.
PER-GN-01635,person,KOLADIYA PAYAL RASIKBHAI,KOLADIYA PAYAL RASIKBHAI,GIAN-NIDHI,Participant in GIAN Nidhi student project(s).,,Same name is merged only within the same institution; identical names at different institutions stay separate.
PRJ-0630,project,Not available,Not available,GIAN-NIDHI,GIAN Nidhi record 630,,
PER-GN-01636,person,BORAD KOMALBEN BATUKBHAI,BORAD KOMALBEN BATUKBHAI,GIAN-NIDHI,Participant in GIAN Nidhi student project(s).,,Same name is merged only within the same institution; identical names at different institutions stay separate.
PRJ-0631,project,Not available,Not available,GIAN-NIDHI,GIAN Nidhi record 631,,
PER-GN-01637,person,PATEL KEYURKUMAR DINESHBHAI,PATEL KEYURKUMAR DINESHBHAI,GIAN-NIDHI,Participant in GIAN Nidhi student project(s).,,Same name is merged only within the same institution; identical names at different institutions stay separate.
PER-GN-01638,person,MODI AKSHAY MAHESHKUMAR,MODI AKSHAY MAHESHKUMAR,GIAN-NIDHI,Participant in GIAN Nidhi student project(s).,,Same name is merged only within the same institution; identical names at different institutions stay separate.
PRJ-0632,project,Not available,Not available,GIAN-NIDHI,GIAN Nidhi record 632,,
PER-GN-01639,person,CHHAPARIA MAYANKKUMAR JAYESHBHAI,CHHAPARIA MAYANKKUMAR JAYESHBHAI,GIAN-NIDHI,Participant in GIAN Nidhi student project(s).,,Same name is merged only within the same institution; identical names at different institutions stay separate.
PRJ-0633,project,Not available,Not available,GIAN-NIDHI,GIAN Nidhi record 633,,
PER-GN-01640,person,DESAI VICKY BHADRESHKUMAR,DESAI VICKY BHADRESHKUMAR,GIAN-NIDHI,Participant in GIAN Nidhi student project(s).,,Same name is merged only within the same institution; identical names at different institutions stay separate.
PER-GN-01641,person,TAILOR BHAUTIK MUKESHBHAI,TAILOR BHAUTIK MUKESHBHAI,GIAN-NIDHI,Participant in GIAN Nidhi student project(s).,,Same name is merged only within the same institution; identical names at different institutions stay separate.
PER-GN-01642,person,PACHCHIGAR KARAN PRADEEPBHAI,PACHCHIGAR KARAN PRADEEPBHAI,GIAN-NIDHI,Participant in GIAN Nidhi student project(s).,,Same name is merged only within the same institution; identical names at different institutions stay separate.
PRJ-0634,project,Inventary Management System,Inventary Management System,GIAN-NIDHI,GIAN Nidhi record 634,,
PER-GN-01643,person,PATEL SNEHAL BHARATBHAI,PATEL SNEHAL BHARATBHAI,GIAN-NIDHI,Participant in GIAN Nidhi student project(s).,,Same name is merged only within the same institution; identical names at different institutions stay separate.
PRJ-0635,project,Geo Fencing,Geo Fencing,GIAN-NIDHI,GIAN Nidhi record 635,,
PER-GN-01644,person,SARANG MAYUR CHETANBHAI,SARANG MAYUR CHETANBHAI,GIAN-NIDHI,Participant in GIAN Nidhi student project(s).,,Same name is merged only within the same institution; identical names at different institutions stay separate.
PER-GN-01645,person,GONDALIYA NIRAVKUMAR GIRISHBHAI,GONDALIYA NIRAVKUMAR GIRISHBHAI,GIAN-NIDHI,Participant in GIAN Nidhi student project(s).,,Same name is merged only within the same institution; identical names at different institutions stay separate.
PRJ-0636,project,The Online Stock Marketing,The Online Stock Marketing,GIAN-NIDHI,GIAN Nidhi record 636,,
PER-GN-01646,person,CHAUHAN HARDEE JAYESH,CHAUHAN HARDEE JAYESH,GIAN-NIDHI,Participant in GIAN Nidhi student project(s).,,Same name is merged only within the same institution; identical names at different institutions stay separate.
PRJ-0637,project,not available,not available,GIAN-NIDHI,GIAN Nidhi record 637,,
PER-GN-01647,person,GILITWALA KRUNAL SURESHCHANDRA,GILITWALA KRUNAL SURESHCHANDRA,GIAN-NIDHI,Participant in GIAN Nidhi student project(s).,,Same name is merged only within the same institution; identical names at different institutions stay separate.
PER-GN-01648,person,JARIWALA MEET FALGUN,JARIWALA MEET FALGUN,GIAN-NIDHI,Participant in GIAN Nidhi student project(s).,,Same name is merged only within the same institution; identical names at different institutions stay separate.
PER-GN-01649,person,PATEL DHARMESHKUMAR NATVARBHAI,PATEL DHARMESHKUMAR NATVARBHAI,GIAN-NIDHI,Participant in GIAN Nidhi student project(s).,,Same name is merged only within the same institution; identical names at different institutions stay separate.
PRJ-0638,project,not available,not available,GIAN-NIDHI,GIAN Nidhi record 638,,
PER-GN-01650,person,MAKWANA SAURABH KAPILBHAI,MAKWANA SAURABH KAPILBHAI,GIAN-NIDHI,Participant in GIAN Nidhi student project(s).,,Same name is merged only within the same institution; identical names at different institutions stay separate.
PRJ-0639,project,Pedal Power Hacksaw,Pedal Power Hacksaw,GIAN-NIDHI,GIAN Nidhi record 639,,
PER-GN-01651,person,Soni Dhruv .P,Soni Dhruv .P,GIAN-NIDHI,Participant in GIAN Nidhi student project(s).,,Same name is merged only within the same institution; identical names at different institutions stay separate.
PER-GN-01652,person,Bhavsar Deep .R,Bhavsar Deep .R,GIAN-NIDHI,Participant in GIAN Nidhi student project(s).,,Same name is merged only within the same institution; identical names at different institutions stay separate.
PER-GN-01653,person,Parekh Abhi .M,Parekh Abhi .M,GIAN-NIDHI,Participant in GIAN Nidhi student project(s).,,Same name is merged only within the same institution; identical names at different institutions stay separate.
PER-GN-01654,person,Pandya Milap .J,Pandya Milap .J,GIAN-NIDHI,Participant in GIAN Nidhi student project(s).,,Same name is merged only within the same institution; identical names at different institutions stay separate.
PRJ-0640,project,Induced Draft Pulling Tower System,Induced Draft Pulling Tower System,GIAN-NIDHI,GIAN Nidhi record 640,,
PER-GN-01655,person,Patel Rakesh,Patel Rakesh,GIAN-NIDHI,Participant in GIAN Nidhi student project(s).,,Same name is merged only within the same institution; identical names at different institutions stay separate.
PER-GN-01656,person,Sandhansi Pradeep,Sandhansi Pradeep,GIAN-NIDHI,Participant in GIAN Nidhi student project(s).,,Same name is merged only within the same institution; identical names at different institutions stay separate.
PER-GN-01657,person,Shah Milan,Shah Milan,GIAN-NIDHI,Participant in GIAN Nidhi student project(s).,,Same name is merged only within the same institution; identical names at different institutions stay separate.
PER-GN-01658,person,Tambhake Mayur,Tambhake Mayur,GIAN-NIDHI,Participant in GIAN Nidhi student project(s).,,Same name is merged only within the same institution; identical names at different institutions stay separate.
