chunk_id,entity_id,surface_form,method
SY51-HB-P1-C01,PER-HIMMAT-RAM-BHAMBHU,Shri Himmat Ram Bhambhu,alias_match
SY51-HB-P1-C01,PLC-RAMDEV-PEER-MANDIR,Ramdev Peer Mandir,alias_match
SY51-HB-P1-C01,PLC-HARIMA,Harima Village,alias_match
SY51-HB-P1-C01,PLC-PARYAVARAN-VAN,Paryavaran Van,alias_match
SY51-HB-P1-C01,PER-SRI-KRISHNA,Sri Krishna,alias_match
SY51-HB-P1-C01,ORG-MALI-SAMAJ,Mali Samaj,alias_match
SY51-HB-P1-C01,EVT-SHODHYATRA-SERIES,Shodhyatra,alias_match
SY51-HB-P1-C01,PLC-CHAK-DHANI,Chak Dhani,alias_match
SY51-HB-P1-C01,PLC-RAJASTHAN,Rajasthan,alias_match
SY51-HB-P1-C01,PER-SATISH,Satish,alias_match
SY51-HB-P1-C01,PLC-NAGAUR,Nagaur,alias_match
SY51-HB-P1-C01,EVT-SY51,,curated
SY51-HB-P1-C02,INN-THORNLESS-KHEJRI,grafting techniques with the Khejri tree,alias_match
SY51-HB-P1-C02,PER-PANCHARIYA,Mr. Rahulchand Panchariya,alias_match
SY51-HB-P1-C02,PER-RAMESHWAR-KHEJRI,Shri Rameshwar Prasad Ji,alias_match
SY51-HB-P1-C02,INN-MILLET-PRODUCTS,millet-based products,alias_match
SY51-HB-P1-C02,AWD-PRESIDENTIAL-UNSPECIFIED,Presidential awardee,alias_match
SY51-HB-P1-C02,PER-HIMMAT-RAM-BHAMBHU,Himmat Ram Bhambhuji,alias_match
SY51-HB-P1-C02,PER-SANTOSH-PACHAR,Smt. Santosh Pachar,alias_match
SY51-HB-P1-C02,INN-ONE-LITRE-TREE,one litre of water,alias_match
SY51-HB-P1-C02,INN-CARROT-VARIETY,new carrot variety,alias_match
SY51-HB-P1-C02,PER-SUNDARAM-VERMA,Shri Sundaram Ji,alias_match
SY51-HB-P1-C02,PLC-HIMACHAL-PRADESH,Himachal Pradesh,alias_match
SY51-HB-P1-C02,PER-HARIMAN-SHARMA,Hariman Sharma,alias_match
SY51-HB-P1-C02,INN-SWEET-POTATO-VARIETIES,sweet potato,alias_match
SY51-HB-P1-C02,AWD-PADMA-SHRI,Padma Shri,alias_match
SY51-HB-P1-C02,PER-ASHOK-SY51,Mr. Ashok,alias_match
SY51-HB-P1-C02,PLC-RAJASTHAN,Rajasthan,alias_match
SY51-HB-P1-C02,INN-RAJASTHAN-APPLE,apples,alias_match
SY51-HB-P1-C02,EVT-SY51,,curated
SY51-HB-P1-C03,INN-TEMPLE-STEEL-GLASSES,stainless steel glasses,alias_match
SY51-HB-P1-C03,PLC-LIKHMIDAS-TEMPLE,Likhmidas Temple,alias_match
SY51-HB-P1-C03,PER-KAMALJI-BATI,Kamalji Bati,alias_match
SY51-HB-P1-C03,INN-TEMPLE-LAND-DONATION,1.80 Crore,alias_match
SY51-HB-P1-C03,PER-SUNILJI,Sunilji,alias_match
SY51-HB-P1-C03,PLC-NAGAUR,Nagaur,alias_match
SY51-HB-P1-C03,EVT-SY51,,curated
SY51-HB-P1-C04,INN-SOLAR-SYSTEM-MODEL,model of the solar system,alias_match
SY51-HB-P1-C04,PER-SHRAVAN-KUMAR-SONI,Shri Shravan Kumar Soni,alias_match
SY51-HB-P1-C04,ORG-SHUBHANGINI-SPICES,M/s Shubhangini Spices,alias_match
SY51-HB-P1-C04,PER-RAJARAM-TAK,Shri Rajaram Tak,alias_match
SY51-HB-P1-C04,INN-KASURI-METHI,Kasuri Methi,alias_match
SY51-HB-P1-C04,PLC-NAGAUR,Nagaur,alias_match
SY51-HB-P1-C04,PLC-ATUSAR,Atusar,alias_match
SY51-HB-P1-C04,INN-BONSAI-GREENING,bonsai,alias_match
SY51-HB-P1-C04,PLC-FIROD,Firod,alias_match
SY51-HB-P1-C04,EVT-SY51,,curated
SY51-HB-P1-C05,INN-CAMEL-FARMING,camels for farming,alias_match
SY51-HB-P1-C05,PER-TEJARAM,Shri Tejaram Ji,alias_match
SY51-HB-P1-C05,PER-PHULI-DEVI,Smt. Phuli Devi,alias_match
SY51-HB-P1-C05,PER-KANARAMJI,Shri Kanaramji,alias_match
SY51-HB-P1-C05,PER-BABULALJI,Shri Babulalji,alias_match
SY51-HB-P1-C05,PER-SATARAM,Shri Sataram,alias_match
SY51-HB-P1-C05,PER-RAMI-DEVI,Rami Devi,alias_match
SY51-HB-P1-C05,PLC-RAJASTHAN,Rajasthan,alias_match
SY51-HB-P1-C05,PER-ANARAMJI,Anaramji,alias_match
SY51-HB-P1-C05,INN-THIGH-CRUTCH,crutch,alias_match
SY51-HB-P1-C05,INN-KER,Ker,alias_match
SY51-HB-P1-C05,EVT-SY51,,curated
SY51-HB-P1-C06,PER-DHARAMVEER-KHAMBOJJI,Dharamveer Khambojji,alias_match
SY51-HB-P1-C06,INN-ELECTRIC-WHEELCHAIR,electric wheelchair,alias_match
SY51-HB-P1-C06,PER-SARJU-DEVI,Smt. Sarju Devi Ji,alias_match
SY51-HB-P1-C06,PER-PRAHALAD,Shri Prahalad,alias_match
SY51-HB-P1-C06,INN-FRUIT-JUICES,fruit juices,alias_match
SY51-HB-P1-C06,PER-SATAR-KHAN,Satar Khan,alias_match
SY51-HB-P1-C06,INN-PAAN-METHI,paan methi,alias_match
SY51-HB-P1-C06,PLC-KUCHERA,Kuchera,alias_match
SY51-HB-P1-C06,PLC-MUNDWA,Mundwa,alias_match
SY51-HB-P1-C06,PLT-KHEJRI,Khejri,alias_match
SY51-HB-P1-C06,EVT-SY51,,curated
SY51-HB-P1-C07,PER-PANCHARIYA,Rahulchand Panchariya,alias_match
SY51-HB-P1-C07,PLC-BUTATI,Sant Chaturdas Temple,alias_match
SY51-HB-P1-C07,INN-MANURE-INDICATOR-IDEA,requirement of manure,alias_match
SY51-HB-P1-C07,INN-HOT-COLD-BOTTLE-IDEA,hot and cold water,alias_match
SY51-HB-P1-C07,INN-SWEET-POTATO-VARIETIES,sweet potatoes,alias_match
SY51-HB-P1-C07,INN-HELMET-IGNITION-IDEA,helmet is worn,alias_match
SY51-HB-P1-C07,EVT-SHODHYATRA-SERIES,Shodhyatra,alias_match
SY51-HB-P1-C07,PER-RINKU-JEJI,Rinku Jeji,alias_match
SY51-HB-P1-C07,PLC-CHAK-DHANI,Chak Dhani,alias_match
SY51-HB-P1-C07,PER-SIMRAN,Simran,alias_match
SY51-HB-P1-C07,PLC-NAGAUR,Nagaur,alias_match
SY51-HB-P1-C07,EVT-SY51,,curated
SY51-HB-P1-C08,ORG-CHAKDHANI-SCHOOL,राजकीय उच्च माध्यमिक विद्यालय चकढ़ाणी,alias_match
SY51-HB-P1-C08,PUB-HB-35-3,Honey Bee Vol 35 (3),alias_match
SY51-HB-P1-C08,PLC-CHAK-DHANI,Chakdhani,alias_match
SY51-HB-P1-C08,PLC-NAGAUR,Nagaur,alias_match
SY51-HB-P1-C08,EVT-SY51,,curated
SY51-HB-P2-C01,ORG-HBN,Honey Bee Network,alias_match
SY51-HB-P2-C01,EVT-SHODHYATRA-SERIES,Shodhyatra,alias_match
SY51-HB-P2-C01,PLC-RAJASTHAN,Rajasthan,alias_match
SY51-HB-P2-C01,ORG-SRISTI,SRISTI,alias_match
SY51-HB-P2-C01,PLC-NAGAUR,Nagaur,alias_match
SY51-HB-P2-C01,ORG-GIAN,GIAN,alias_match
SY51-HB-P2-C01,EVT-SY51,,curated
SY51-HB-P2-C02,INN-THORNLESS-KHEJRI,thornless variety of the Khejri tree,alias_match
SY51-HB-P2-C02,PER-PANCHARIYA,Mr. Rawalchand Panchariya,alias_match
SY51-HB-P2-C02,INN-MILLET-PRODUCTS,millet-based products,alias_match
SY51-HB-P2-C02,PER-RAMESHWAR-KHEJRI,Mr. Rameshwar Lal ji,alias_match
SY51-HB-P2-C02,PER-HIMMAT-RAM-BHAMBHU,Himmat Ramji Bambhu,alias_match
SY51-HB-P2-C02,PLT-KHEJRI,Prosopis cineraria,alias_match
SY51-HB-P2-C02,PER-SUNDARAM-VERMA,Sundaram Vermaji,alias_match
SY51-HB-P2-C02,PER-SARJU-DEVI,Sarju Devi ji,alias_match
SY51-HB-P2-C02,INN-SWEET-POTATO-VARIETIES,sweet potato,alias_match
SY51-HB-P2-C02,PER-ASHOK-SY51,Mr. Ashok,alias_match
SY51-HB-P2-C02,PER-KANARAMJI,Kanaramji,alias_match
SY51-HB-P2-C02,EVT-SY51,,curated
SY51-HB-P2-C03,PER-RAM-CHANDRA-SIROHI,Ram Chandra Sirohi,alias_match
SY51-HB-P2-C03,INN-STUDENT-ROBOT,rudimentary robot,alias_match
SY51-HB-P2-C03,INN-STUDY-ROOMS,study rooms,alias_match
SY51-HB-P2-C03,EVT-SY51,,curated
SY51-HB-P2-C04,INN-LOHARPURA-TOOLS,precision tools,alias_match
SY51-HB-P2-C04,EVT-SHODHYATRA-SERIES,Shodhyatra,alias_match
SY51-HB-P2-C04,PLC-LOHARPURA,Loharpura,alias_match
SY51-HB-P2-C04,PER-VISHNU,Vishnu,alias_match
SY51-HB-P2-C04,PLC-NAGAUR,Nagaur,alias_match
SY51-HB-P2-C04,EVT-SY51,,curated
SY51-HB-P2-C05,INN-KHEJRI-SEED-STORAGE,store the khejri seeds,alias_match
SY51-HB-P2-C05,INN-ONE-LITRE-TREE,one litre of water,alias_match
SY51-HB-P2-C05,PER-RAMESHWAR-KHEJRI,Rameshwar Lal ji,alias_match
SY51-HB-P2-C05,PER-SUNDARAM-VERMA,Sunda Ram Verma,alias_match
SY51-HB-P2-C05,INN-THORNLESS-KHEJRI,grafting khejri,alias_match
SY51-HB-P2-C05,EVT-SHODHYATRA-SERIES,Shodhyatra,alias_match
SY51-HB-P2-C05,EVT-SY51,,curated
SY51-HB-P2-C06,INN-ANIMAL-REMEDIES-KANARAM,traditional remedies for animals,alias_match
SY51-HB-P2-C06,PER-PANCHARIYA,Rawalchand Panchariya,alias_match
SY51-HB-P2-C06,INN-SATHIKA-MOTH,Sathika moth ki daal,alias_match
SY51-HB-P2-C06,INN-FOUR-TREE-PLANTATION,four types of trees,alias_match
SY51-HB-P2-C06,PER-KANARAMJI,Shree Kanaramji,alias_match
SY51-HB-P2-C06,INN-SWEET-POTATO-VARIETIES,sweet potatoes,alias_match
SY51-HB-P2-C06,PER-RAM-RATANJI,Ram Ratanji,alias_match
SY51-HB-P2-C06,INN-TRACTOR-CREDIT,tractors,alias_match
SY51-HB-P2-C06,EVT-SY51,,curated
SY51-HB-P2-C07,INN-MILLET-PRODUCTS,snacks from millets,alias_match
SY51-HB-P2-C07,PER-HIMMAT-RAM-BHAMBHU,Himmatramji Bambhu,alias_match
SY51-HB-P2-C07,PER-VISHNU,Vishnu,alias_match
SY51-HB-P2-C07,PLC-NAGAUR,Nagaur,alias_match
SY51-HB-P2-C07,EVT-SY51,,curated
SY51-HB-P2-C08,ORG-SRISTI-INNOVATIONS,sristiinnovation.com,alias_match
SY51-HB-P2-C08,PUB-HB-35-4,Honey Bee Vol 35 (4),alias_match
SY51-HB-P2-C08,PLC-LIKHMIDAS-TEMPLE,Likhimdas Ji Mandir,alias_match
SY51-HB-P2-C08,ORG-HBN,Honey Bee Network,alias_match
SY51-HB-P2-C08,PLC-AMANDA-KI-DHANI,Amanda Ki Dhani,alias_match
SY51-HB-P2-C08,ORG-SRISTI,www.sristi.org,alias_match
SY51-HB-P2-C08,ORG-GIAN,www.gian.org,alias_match
SY51-HB-P2-C08,EVT-SHODHYATRA-SERIES,Shodhyatra,alias_match
SY51-HB-P2-C08,PLC-CHAK-DHANI,Chakdhanii,alias_match
SY51-HB-P2-C08,PLC-KUCHERA,Kuchera,alias_match
SY51-HB-P2-C08,PLC-BHADANA,Bhadana,alias_match
SY51-HB-P2-C08,PLC-HARIMA,Harima,alias_match
SY51-HB-P2-C08,PLC-ATUSAR,Atusar,alias_match
SY51-HB-P2-C08,PLC-MUNDWA,Mundwa,alias_match
SY51-HB-P2-C08,PLC-FIROD,Firod,alias_match
SY51-HB-P2-C08,EVT-SY51,,curated
SY53-PPT-U01,EVT-SY53,,curated
SY53-PPT-U01,PLC-BHURIMATI,,curated
SY53-PPT-U01,PLC-JHABUA,,curated
SY53-PPT-U01,PLC-MADHYA-PRADESH,,curated
SY53-PPT-U01,PLC-AMBALA-CU,,curated
SY53-PPT-U01,PLC-CHHOTA-UDEPUR,,curated
SY53-PPT-U01,PLC-GUJARAT,,curated
SY53-PPT-U01,ORG-HBN,,curated
SY53-PPT-U01,ORG-SRISTI,,curated
SY53-PPT-U01,ORG-SRISTI-INNOVATIONS,,curated
SY53-PPT-U01,ORG-GIAN,,curated
SY53-PPT-U02,EVT-SHODHYATRA-SERIES,,curated
SY53-PPT-U02,EVT-SY53,,curated
SY53-PPT-U03,EVT-SY53,,curated
SY53-PPT-U03,PLC-JHABUA,,curated
SY53-PPT-U03,PLC-ALIRAJPUR,,curated
SY53-PPT-U03,PLC-MADHYA-PRADESH,,curated
SY53-PPT-U03,PLC-CHHOTA-UDEPUR,,curated
SY53-PPT-U03,PLC-GUJARAT,,curated
SY53-PPT-U04,EVT-SY53,,curated
SY53-PPT-U04,PLC-JHABUA,,curated
SY53-PPT-U04,PLC-BHURIMATI,,curated
SY53-PPT-U05,PER-RAMESH-PARMAR,,curated
SY53-PPT-U05,PER-SHANTI-PARMAR,,curated
SY53-PPT-U05,INN-BHILI-DOLLS,,curated
SY53-PPT-U05,AWD-PADMA-SHRI,,curated
SY53-PPT-U05,PLC-JHABUA,,curated
SY53-PPT-U06,PER-SUBHASH-GIDWANI,,curated
SY53-PPT-U06,PER-UDDHAV-GIDWANI,,curated
SY53-PPT-U06,ORG-SHAKTI-EMPORIUM,,curated
SY53-PPT-U06,INN-ADIVASI-GUDIYA,,curated
SY53-PPT-U06,PLC-JHABUA,,curated
SY53-PPT-U06,PLC-MADHYA-PRADESH,,curated
SY53-PPT-U06,ORG-GOVT-MP,,curated
SY53-PPT-U07,PER-BHARTI-SONI,,curated
SY53-PPT-U07,INN-CLAY-IDOL-TRAINING,,curated
SY53-PPT-U07,EVT-HALMA,,curated
SY53-PPT-U07,PLC-PETLAWAD,,curated
SY53-PPT-U08,PER-ARCHANA-RATHWA,,curated
SY53-PPT-U08,INN-WARLI-PITHORA-BUSINESS,,curated
SY53-PPT-U08,ART-PITHORA,,curated
SY53-PPT-U08,ART-WARLI,,curated
SY53-PPT-U08,PLC-CHHOTA-UDEPUR,,curated
SY53-PPT-U09,PER-SHIVKUMARJI,,curated
SY53-PPT-U09,INN-GATHA-MEMORY-PILLARS,,curated
SY53-PPT-U09,PLC-ALIRAJPUR,,curated
SY53-PPT-U09,PLC-MADHYA-PRADESH,,curated
SY53-PPT-U10,PER-THAVARSINGH-BHURIYA,,curated
SY53-PPT-U10,PER-PEMA-FATIYA,,curated
SY53-PPT-U10,ART-PITHORA,,curated
SY53-PPT-U10,PLC-BOMBAY,,curated
SY53-PPT-U11,PLC-MOTI-DUMALI,,curated
SY53-PPT-U11,PLC-CHHOTA-UDEPUR,,curated
SY53-PPT-U11,EVT-GAMSHAYNI,,curated
SY53-PPT-U12,PER-ANU-BHABHOR,,curated
SY53-PPT-U12,INN-NUKKAD-NATAK,,curated
SY53-PPT-U12,ORG-ISRO,,curated
SY53-PPT-U13,PER-SANTOSH-BASOND,,curated
SY53-PPT-U13,INN-BAMBOO-BROOM,,curated
SY53-PPT-U13,PLC-JHABUA,,curated
SY53-PPT-U14,PER-RATANBHAI-RATHWA,,curated
SY53-PPT-U14,INN-WOODEN-SCULPTURES,,curated
SY53-PPT-U14,PLC-KANALWA,,curated
SY53-PPT-U14,PLC-CHHOTA-UDEPUR,,curated
SY53-PPT-U15,EVT-SY53,,curated
SY53-PPT-U16,PER-BHARAT-VARIYA,,curated
SY53-PPT-U16,INN-TRIBAL-FAITH-SCULPTURE,,curated
SY53-PPT-U17,PER-DESING-RATHWA,,curated
SY53-PPT-U17,ART-PITHORA,,curated
SY53-PPT-U17,EVT-ICCIG,,curated
SY53-PPT-U18,PER-MEHUL-RATHWA,,curated
SY53-PPT-U18,INN-SCHOOL-ART-MUSEUM,,curated
SY53-PPT-U18,PLC-GUNATA,,curated
SY53-PPT-U18,ORG-GUNATA-SCHOOL,,curated
SY53-PPT-U19,PER-BHURI-BAI,,curated
SY53-PPT-U19,PER-J-SWAMINATHAN,,curated
SY53-PPT-U19,ART-PITHORA,,curated
SY53-PPT-U19,AWD-PADMA-SHRI,,curated
SY53-PPT-U19,AWD-SHIKHAR-SAMMAN,,curated
SY53-PPT-U19,PLC-MADHYA-PRADESH,,curated
SY53-PPT-U20,ORG-SHIV-SHIVAY-FPC,,curated
SY53-PPT-U20,PER-LEELA-NINAMA,,curated
SY53-PPT-U20,PER-MANJU-VASUNIYA,,curated
SY53-PPT-U20,PER-LALITA-SINGAD,,curated
SY53-PPT-U20,ORG-TRC,,curated
SY53-PPT-U20,INN-LINSEED-STALK-AGGREGATION,,curated
SY53-PPT-U20,PLC-BAMANIYA,,curated
SY53-PPT-U20,PLC-JHABUA,,curated
SY53-PPT-U20,PLC-GUJARAT,,curated
SY53-PPT-U21,PER-SEJAL-RATHWA,,curated
SY53-PPT-U21,INN-BANANA-FIBRE-DIARY,,curated
SY53-PPT-U21,ORG-BHASHA-SANSTHA,,curated
SY53-PPT-U22,PER-HARISH-PAWAR,,curated
SY53-PPT-U22,ORG-SAMPARK,,curated
SY53-PPT-U22,INN-PARTICIPATORY-WHEAT-SELECTION,,curated
SY53-PPT-U22,INN-SAMPARK-SEED-CONSERVATION,,curated
SY53-PPT-U22,INN-ORGANIC-INPUTS,,curated
SY53-PPT-U22,PLC-PETLAWAD,,curated
SY53-PPT-U22,PLC-JHABUA,,curated
SY53-PPT-U22,EVT-SY53,,curated
SY53-PPT-U23,INN-HARIYALI-HANDI,,curated
SY53-PPT-U23,ORG-NAYAK-BHIL-DHANUK,,curated
SY53-PPT-U23,PLC-CHHOTA-UDEPUR,,curated
SY53-PPT-U23,PLC-GUJARAT,,curated
SY53-PPT-U24,PER-SURENDRAPAL-CHAUHAN,,curated
SY53-PPT-U24,INN-SUNFLOWER-VARIETY,,curated
SY53-PPT-U25,PER-TERESINGH-BARCHA,,curated
SY53-PPT-U25,INN-TRADITIONAL-MAIZE-MOONG-SEEDS,,curated
SY53-PPT-U25,PLC-PETLAWAD,,curated
SY53-PPT-U25,PLC-MADHYA-PRADESH,,curated
SY53-PPT-U26,INN-NOORJAHAN-MANGO,,curated
SY53-PPT-U26,PER-ISAK-MANSURI,,curated
SY53-PPT-U26,PLC-KATTHIWADA,,curated
SY53-PPT-U26,PLC-ALIRAJPUR,,curated
SY53-PPT-U26,PLC-MADHYA-PRADESH,,curated
SY53-PPT-U26,ORG-GOVT-MP,,curated
SY53-PPT-U27,PER-ASHOK-SY53,,curated
SY53-PPT-U27,INN-ORGANIC-TRANSITION-ASHOK,,curated
SY53-PPT-U27,EVT-HALMA,,curated
SY53-PPT-U28,PER-DULESINGH-BHURIYA,,curated
SY53-PPT-U28,INN-NATURAL-FARMING-DULESINGH,,curated
SY53-PPT-U29,PER-CHETAN-PACHAYA,,curated
SY53-PPT-U29,INN-BANANA-CULTIVATION-CHETAN,,curated
SY53-PPT-U29,INN-GIR-GAUSHALA,,curated
SY53-PPT-U30,PER-KALAMSINGH-DAWAR,,curated
SY53-PPT-U30,INN-INTERCROPPING-DRAGON-FRUIT,,curated
SY53-PPT-U30,PLC-CHHOTI-POL,,curated
SY53-PPT-U30,PLC-BHAVRA,,curated
SY53-PPT-U30,PLC-ALIRAJPUR,,curated
SY53-PPT-U30,PLC-GUJARAT,,curated
SY53-PPT-U31,PER-VISHAL-PARMAR,,curated
SY53-PPT-U31,PER-VIJAY,,curated
SY53-PPT-U31,INN-WATER-ELECTRIC-WELDING,,curated
SY53-PPT-U31,PLC-KADWAL,,curated
SY53-PPT-U31,PLC-KARELI-MAHUDI,,curated
SY53-PPT-U32,INN-MOBILE-AIR-PUMP,,curated
SY53-PPT-U33,PER-DHARMVEER-SY53,,curated
SY53-PPT-U33,INN-MAHUA-DECORTICATOR,,curated
SY53-PPT-U33,ORG-SRISTI,,curated
SY53-PPT-U33,AWD-PRESIDENTIAL-UNSPECIFIED,,curated
SY53-PPT-U33,PLC-YAMUNANAGAR,,curated
SY53-PPT-U33,PLC-JHABUA,,curated
SY53-PPT-U33,PLC-ALIRAJPUR,,curated
SY53-PPT-U33,PLC-CHHOTA-UDEPUR,,curated
SY53-PPT-U33,PLC-DAHOD,,curated
SY53-PPT-U33,EVT-SY53,,curated
SY53-PPT-U34,PER-UDAY-BILWAL,,curated
SY53-PPT-U34,ORG-SOLDIER-ACADEMY-JHABUA,,curated
SY53-PPT-U34,INN-FREE-PHYSICAL-TRAINING,,curated
SY53-PPT-U34,PLC-PIPLIAPADA,,curated
SY53-PPT-U34,PLC-JHABUA,,curated
SY53-PPT-U34,ORG-JHABUA-COLLEGE,,curated
SY53-PPT-U35,PER-SEEMA-TRIVEDI,,curated
SY53-PPT-U35,ORG-PMC-GIRLS-SCHOOL,,curated
SY53-PPT-U35,INN-ACTIVITY-BASED-LEARNING,,curated
SY53-PPT-U36,PER-RENU-KACHHAWA,,curated
SY53-PPT-U36,INN-TLM-KACHHAWA,,curated
SY53-PPT-U36,PLC-KHANDIYAKHAWAL,,curated
SY53-PPT-U36,PLC-JHABUA,,curated
SY53-PPT-U37,PER-JAGDISHBHAI-MAKWANA,,curated
SY53-PPT-U37,INN-BHAVAI-EDUCATION,,curated
SY53-PPT-U37,ORG-ROJKUVA-SCHOOL,,curated
SY53-PPT-U37,PLC-CHHOTA-UDEPUR,,curated
SY53-PPT-U37,PLC-GUJARAT,,curated
SY53-PPT-U38,PER-JITUBHAI-PATEL,,curated
SY53-PPT-U38,ORG-GUNATA-SCHOOL,,curated
SY53-PPT-U38,PLC-GUNATA,,curated
SY53-PPT-U38,PER-MEHUL-RATHWA,,curated
SY53-PPT-U38,INN-SCHOOL-ART-MUSEUM,,curated
SY53-PPT-U38,INN-PENSION-LINKAGE,,curated
SY53-PPT-U39,PER-DINESHBHAI-RATHWA,,curated
SY53-PPT-U39,INN-RATHWA-WORD-BOOKLET,,curated
SY53-PPT-U39,ORG-BHASHA-KENDRA,,curated
SY53-PPT-U40,PER-RAMANBHAI-RATHWA,,curated
SY53-PPT-U40,ORG-HARPALPUR-SCHOOL,,curated
SY53-PPT-U40,INN-HARPALPUR-SCHOOL-BUILDING,,curated
SY53-PPT-U40,PLC-GUJARAT,,curated
SY53-PPT-U41,PER-NIKHILBHAI-RATHWA,,curated
SY53-PPT-U41,PER-RITESHBHAI-DARJI,,curated
SY53-PPT-U41,PER-CHAKABHAI,,curated
SY53-PPT-U41,INN-SCHOOL-SUPPLIES-NETWORK,,curated
SY53-PPT-U41,PLC-VADODARA,,curated
SY53-PPT-U42,PER-AADESH,,curated
SY53-PPT-U42,ORG-RANGPUR-SCHOOL,,curated
SY53-PPT-U42,PLC-CHHOTA-UDEPUR,,curated
SY53-PPT-U43,PER-RINKU-RATHWA,,curated
SY53-PPT-U43,PER-AKSHAR-VASANI,,curated
SY53-PPT-U43,ORG-GUNATA-SCHOOL,,curated
SY53-PPT-U43,PLC-GUNATA,,curated
SY53-PPT-U43,EVT-SY53,,curated
SY53-PPT-U44,INN-TOY-CAR-GUNATA,,curated
SY53-PPT-U44,PLC-GUNATA,,curated
SY53-PPT-U44,PER-RAJKUSH,,curated
SY53-PPT-U44,EVT-SY53,,curated
SY53-PPT-U45,PER-KAMLESHJI-PATEL,,curated
SY53-PPT-U45,ORG-VYAPARI-MAHASANGH,,curated
SY53-PPT-U45,INN-HATHIPAV-PLANTATION,,curated
SY53-PPT-U45,PLC-HATHIPAV,,curated
SY53-PPT-U45,PLC-JHABUA,,curated
SY53-PPT-U46,PER-MAHENDRA-SHARMA,,curated
SY53-PPT-U46,PER-PRAFULJI-SHARMA,,curated
SY53-PPT-U46,ORG-GOOD-MORNING-CLUB,,curated
SY53-PPT-U47,PER-RAJENDRA-SHRIVASTAV,,curated
SY53-PPT-U47,INN-REUNIFICATION-RAJENDRA,,curated
SY53-PPT-U47,PLC-MEGHNAGAR,,curated
SY53-PPT-U47,PLC-JHABUA,,curated
SY53-PPT-U48,PER-SANDHYA-KULKARNI,,curated
SY53-PPT-U48,INN-CYCLING-SANDHYA,,curated
SY53-PPT-U48,PLC-JHABUA,,curated
SY53-PPT-U48,PUB-PATRIKA,,curated
SY53-PPT-U49,PER-GOPALBHAI-RATHWA,,curated
SY53-PPT-U49,INN-FREE-RECRUITMENT-TRAINING-GOPAL,,curated
SY53-PPT-U49,INN-WOMEN-ORGANIC-PROCESSING-TRAINING,,curated
SY53-PPT-U50,INN-DAL-PANIYA,,curated
SY53-PPT-U50,PLC-JHABUA,,curated
SY53-PPT-U50,PLC-ALIRAJPUR,,curated
SY53-PPT-U50,PLC-MADHYA-PRADESH,,curated
SY53-PPT-U51,INN-KULIYARI-BHAJI,,curated
SY53-PPT-U53,EVT-SY53,,curated
SY53-PPT-U54,ORG-HBN,,curated
SY53-PPT-U54,EVT-SY53,,curated
SY53-PPT-U55,INN-MAHUA-DECORTICATOR,,curated
SY53-PPT-U56,PER-CHANDRASHEKHAR-AZAD,,curated
SY53-PPT-U56,PER-SITARAM-TIWARI,,curated
SY53-PPT-U56,PER-JAGRANI-DEVI,,curated
SY53-PPT-U56,PLC-BHAVRA,,curated
SY53-PPT-U56,PLC-ALIRAJPUR,,curated
SY53-PPT-U56,ORG-HSRA,,curated
GIAN-NIDHI-PAGE,ORG-GIAN,,curated
GIAN-NIDHI-PAGE,ORG-SRISTI,,curated
GIAN-NIDHI-PAGE,ORG-IIMA,,curated
GIAN-NIDHI-PAGE,ORG-HBN,,curated
GIAN-NIDHI-PAGE,ORG-GOVT-GUJARAT,,curated
GIAN-NIDHI-R0001,PRJ-0001,360 METALLURGY FLEXIBLE DRILLING MACHINE,structured_field
GIAN-NIDHI-R0001,INS-0123,Karmayogi Polytechnic College,structured_field
GIAN-NIDHI-R0002,PRJ-0002,AUTOMATIC LIME LINE MARKING MACHINE FOR DIFFERENT SPORTS GROUNDS.,structured_field
GIAN-NIDHI-R0002,INS-0014,"G. H. Raisoni polytechnic, Nagpur",structured_field
GIAN-NIDHI-R0003,PRJ-0003,COMBINATION OF RIGHT ANGLE ELBOW MECHANISM WITH ANGULAR OFFSET COUPLING,structured_field
GIAN-NIDHI-R0003,INS-0127,"Maeer's Mit Polytechnic, Pune",structured_field
GIAN-NIDHI-R0004,PRJ-0004,CONTINUOUS VARIABLE TRANSMISSION,structured_field
GIAN-NIDHI-R0004,INS-0024,"Government Polytechnic, Miraj",structured_field
GIAN-NIDHI-R0005,PRJ-0005,DESIGN AND DEVELOPMENT OF MULTIPURPOSE MECHANICAL MACHINE,structured_field
GIAN-NIDHI-R0005,INS-0156,"TSSMS Bscoer Poly Narhe, Pune",structured_field
GIAN-NIDHI-R0006,PRJ-0006,DESIGN AND FABRICATIO OF WORKING MODEL OF ABRASIVE JET MACHINE AND THE ANALYSIS OF THE PARAMETERS AFFECTING THE DIMENSIONAL ACCURACY OF THE HOLE,structured_field
GIAN-NIDHI-R0006,INS-0151,"Sharad Institute of Technology Polytechnic, Pune",structured_field
GIAN-NIDHI-R0007,PRJ-0007,ECO-FRIENDLY FLOOR CLEANER,structured_field
GIAN-NIDHI-R0007,INS-0105,College:Karmaveer Bhaurao Patil Polytechnic Satara,structured_field
GIAN-NIDHI-R0008,PRJ-0008,Project:INTERNAL KEYWAY SLOTTING ATTTACHMENT ON LATHE MACHINE,structured_field
GIAN-NIDHI-R0008,INS-0125,Latthe Polytechnic Sangli,structured_field
GIAN-NIDHI-R0009,PRJ-0009,MANUFACTURING OF LOW COST AND PORTABLE ROTARY KALLER FOR PRODUCTION OF SPICIES,structured_field
GIAN-NIDHI-R0009,INS-0034,"Gramin Polytechnic, Vishnupuri, Nanded",structured_field
GIAN-NIDHI-R0010,PRJ-0010,MULTIPLE APPLICATION VIBRATING MACHINE,structured_field
GIAN-NIDHI-R0010,INS-0008,"Govt. Polytechnic, Aurangabad",structured_field
GIAN-NIDHI-R0011,PRJ-0011,NEW GENERATION MASKING MACHINE USED IN HEAT TREATMENT PLANT,structured_field
GIAN-NIDHI-R0011,INS-0130,"Marathwada Mitra Mandal's Polytechnic, PUNE-33",structured_field
GIAN-NIDHI-R0012,PRJ-0012,PANTOGRAPH ENGRAVING MACHINE,structured_field
GIAN-NIDHI-R0012,INS-0098,"A.G. Patil Polytechnic Institute, Solapur",structured_field
GIAN-NIDHI-R0013,PRJ-0013,PORTABLE CNC MACHINE,structured_field
GIAN-NIDHI-R0013,INS-0058,"Institute of Civil and Rural Engineering, Gargoti",structured_field
GIAN-NIDHI-R0014,PRJ-0014,WHEELCHAIR CUM HOSPITAL BED AND STRETCHER,structured_field
GIAN-NIDHI-R0014,INS-0021,"Govt. Polytechnic, Ahmednagar",structured_field
GIAN-NIDHI-R0015,PRJ-0015,ADVANCE BIKE STARTER SYSTEM,structured_field
GIAN-NIDHI-R0015,INS-0124,Karmayogi polytechnic college Shelve-Pandharpur,structured_field
GIAN-NIDHI-R0016,PRJ-0016,:ADVANCED 3 POWERED HYBRID VEHICLE,structured_field
GIAN-NIDHI-R0016,INS-0030,Government polytechnic Pune,structured_field
GIAN-NIDHI-R0017,PRJ-0017,ADVANCED 3_WHEELER SCOOTY NWITH REVERSE WITH REVERSE MECHANISM AND INNOVATIVE SUSPENSION SYSTEM FOR HANDICAP PERSON.,structured_field
GIAN-NIDHI-R0017,INS-0069,P.V.P Institute of technology Budhagaon,structured_field
GIAN-NIDHI-R0018,PRJ-0018,ALL TERRAIN VEHICLE,structured_field
GIAN-NIDHI-R0018,INS-0081,Sahyadri polytechnic Sawarde,structured_field
GIAN-NIDHI-R0019,PRJ-0019,AUTOMATIC FIRE EXTINGUISHER IN CAR.,structured_field
GIAN-NIDHI-R0019,INS-0057,Hi-Tech Polytechnic College,structured_field
GIAN-NIDHI-R0020,PRJ-0020,:AUTOMATIC 'FIRE EXTINGUISHER IN CAR.,structured_field
GIAN-NIDHI-R0020,INS-0057,Hi-Tech Polytechnic College,structured_field
GIAN-NIDHI-R0021,PRJ-0021,:COMBINATION OF GEARLESS AND WITH GEAR BIKE.,structured_field
GIAN-NIDHI-R0021,INS-0131,MIT Polytechnic college Aurangabad,structured_field
GIAN-NIDHI-R0022,PRJ-0022,:COOLING SYSTEM OF SILENCER,structured_field
GIAN-NIDHI-R0022,INS-0112,"Government polytechnic, Jalgaon",structured_field
GIAN-NIDHI-R0023,PRJ-0023,LOW COST ELECTRIC WHECLE FOR TOWN AND RURAL AREA TRANSPORTATION.,structured_field
GIAN-NIDHI-R0023,INS-0159,"Yashwantrao Chavan Institute of Polytechnic, Bid",structured_field
GIAN-NIDHI-R0024,PRJ-0024,Project:MAYORS T-REX.,structured_field
GIAN-NIDHI-R0024,INS-0023,Sardar Vallabhbhai Patel Polytechnic,structured_field
GIAN-NIDHI-R0025,PRJ-0025,POLLUTANT ALARM SYSTEM IN 2 WHEELERS,structured_field
GIAN-NIDHI-R0025,INS-0115,Gramin Polytechnic,structured_field
GIAN-NIDHI-R0026,PRJ-0026,SHAFT DRIVEN MOTORCYCLE,structured_field
GIAN-NIDHI-R0026,INS-0081,Sahyadri polytechnic Sawarde,structured_field
GIAN-NIDHI-R0027,PRJ-0027,SMART HELMET,structured_field
GIAN-NIDHI-R0027,INS-0113,Government Polytechnic Ushamanad,structured_field
GIAN-NIDHI-R0028,PRJ-0028,SMART TRICK FOR HANDICAPPED PERSON,structured_field
GIAN-NIDHI-R0028,INS-0106,G.h raisoni Polytechnic,structured_field
GIAN-NIDHI-R0029,PRJ-0029,TREADMILL BICYCLES,structured_field
GIAN-NIDHI-R0029,INS-0157,Vishweshwarayya Abhiyantriki Padvika Mahavidyalaya,structured_field
GIAN-NIDHI-R0030,PRJ-0030,TRACK THE HELPER,structured_field
GIAN-NIDHI-R0030,INS-0145,"Rajarambapu Institute of Technology, Sakhrale",structured_field
GIAN-NIDHI-R0031,PRJ-0031,ULTRA LOW COST MINI TRACTOR FOR LOWER INCOME FARMERS,structured_field
GIAN-NIDHI-R0031,INS-0158,"Yahwantrao Chavan Institute of Polytechnic, PUNE",structured_field
GIAN-NIDHI-R0032,PRJ-0032,"""Helmet Assisted Ignition System""",structured_field
GIAN-NIDHI-R0032,INS-0135,"P.Dr.VV.Patil Inst. of Tech. & Engg. (Polytechnic), Pravaranagar",structured_field
GIAN-NIDHI-R0033,PRJ-0033,SOLAR OPERATED CAR,structured_field
GIAN-NIDHI-R0033,INS-0017,Government polytechnic Mumbai,structured_field
GIAN-NIDHI-R0034,PRJ-0034,ECHO-FRIENDLY VEHICLE.,structured_field
GIAN-NIDHI-R0034,INS-0029,"Government Polytechnic, Jalana",structured_field
GIAN-NIDHI-R0035,PRJ-0035,BLACK BOX FOR VEHICLE.,structured_field
GIAN-NIDHI-R0035,INS-0020,"Govt. Residential Women's Polytechnic, Latur",structured_field
GIAN-NIDHI-R0036,PRJ-0036,Automatic Car Lifter (ACL),structured_field
GIAN-NIDHI-R0036,INS-0034,"Gramin Polytechnic, Vishnupuri, Nanded",structured_field
GIAN-NIDHI-R0037,PRJ-0037,Charcoal Silencer,structured_field
GIAN-NIDHI-R0037,PRJ-0405,Charcoal Silencer,structured_field
GIAN-NIDHI-R0037,INS-0062,"K. K. Wagh Polytechnic, Amrutdham, Panchvati, Nashik",structured_field
GIAN-NIDHI-R0038,PRJ-0038,BIO-BIKE,structured_field
GIAN-NIDHI-R0038,INS-0053,Government Polytechnic Risod Road,structured_field
GIAN-NIDHI-R0039,PRJ-0039,NEWTON AUTOMATIC CENTRIFUGAL CLUTCH,structured_field
GIAN-NIDHI-R0039,INS-0022,"S. E. S. Polytechnic, Solapur",structured_field
GIAN-NIDHI-R0040,PRJ-0040,DESIGN OF QUADRACYCLE WITH QUADRA STEERING,structured_field
GIAN-NIDHI-R0040,INS-0013,Thakur Polytechnic,structured_field
GIAN-NIDHI-R0041,PRJ-0041,MOBILE CONTROL PICK AND PLACE VEHICLE.,structured_field
GIAN-NIDHI-R0041,INS-0138,"Padamshri Dr. Vitthalrao Vikhe Patil Institute of Technology and Engineering (Polytechnic), Pravaranagar, Loni - 413736",structured_field
GIAN-NIDHI-R0042,PRJ-0042,AIR POWERED CAR,structured_field
GIAN-NIDHI-R0042,INS-0006,"K. J. Somaiya Polytechnic, Mumbai",structured_field
GIAN-NIDHI-R0043,PRJ-0043,Design and Fabrication of car for Handicap person.,structured_field
GIAN-NIDHI-R0043,INS-0014,"G. H. Raisoni polytechnic, Nagpur",structured_field
GIAN-NIDHI-R0044,PRJ-0044,ADVANCED GSM CAR SECURITY SYSTEM.,structured_field
GIAN-NIDHI-R0044,INS-0133,"N.M.V. Polytechnic, Talegaon Dabhade, Vishnupuri",structured_field
GIAN-NIDHI-R0045,PRJ-0045,AN EXPERIMENTAL INVESTIGATION OF FEASIBILITY OF ACYTYLENE AS A FUEL FOR S.I. ENGINE,structured_field
GIAN-NIDHI-R0045,INS-0079,Priyadarshani Polytechnic,structured_field
GIAN-NIDHI-R0046,PRJ-0046,ELECTROMAGNETIC SHOCK ABSORBER,structured_field
GIAN-NIDHI-R0046,INS-0003,"K.B.P. Polytechnic, Kopargaon",structured_field
GIAN-NIDHI-R0047,PRJ-0047,THROTTLE BODY INJECTION SYSTEM,structured_field
GIAN-NIDHI-R0047,INS-0032,"Government polytechnic, Dhule",structured_field
GIAN-NIDHI-R0048,PRJ-0048,ELECTRONIC BICYCLE,structured_field
GIAN-NIDHI-R0048,INS-0120,ISTE (INSTITUTE FOR STUDIES IN TECHNOLOGY IN ENGINEERING),structured_field
GIAN-NIDHI-R0049,PRJ-0049,DESIGN AND DEVELOPMENT OF DYNAMIC VIBRATION ABSORBER,structured_field
GIAN-NIDHI-R0049,INS-0071,"Padambhushan Vasantrao Patil Institute of technology, Budhgaon",structured_field
GIAN-NIDHI-R0050,PRJ-0050,MINI HOIST,structured_field
GIAN-NIDHI-R0050,INS-0030,Government polytechnic Pune,structured_field
GIAN-NIDHI-R0051,PRJ-0051,ORBITAL CUTTING MACHINE,structured_field
GIAN-NIDHI-R0051,INS-0013,Thakur Polytechnic,structured_field
GIAN-NIDHI-R0052,PRJ-0052,Development of charting system for methods and analysis,structured_field
GIAN-NIDHI-R0052,INS-0017,Government polytechnic Mumbai,structured_field
GIAN-NIDHI-R0053,PRJ-0053,SHEET ROLLING MACHINE WITH BEEDING,structured_field
GIAN-NIDHI-R0053,INS-0096,"Y.B. Patil Polytechnic, Akurdi, Pune - 44",structured_field
GIAN-NIDHI-R0054,PRJ-0054,WABIMAN Walking Biped Humanoid,structured_field
GIAN-NIDHI-R0054,INS-0010,"Premlila Vithaldas Polytechnic, SNDT Women's University",structured_field
GIAN-NIDHI-R0055,PRJ-0055,MANUALLY OPERATED STATOR WINDING MACHINE,structured_field
GIAN-NIDHI-R0055,INS-0044,"Walchand college of engineering, Sangli",structured_field
GIAN-NIDHI-R0056,PRJ-0056,Fixture for croos-hole machining operation of center yoke,structured_field
GIAN-NIDHI-R0056,INS-0004,"K. K. Wagh Polytechnic, Nashik",structured_field
GIAN-NIDHI-R0057,PRJ-0057,Advanced abrasive cutting Machine.,structured_field
GIAN-NIDHI-R0057,INS-0026,"Amrutvahini Polytechnic, Sangamner",structured_field
GIAN-NIDHI-R0058,PRJ-0058,Dhoop Stick Making Machine,structured_field
GIAN-NIDHI-R0058,INS-0050,"Government Polytechnic, Bramhapuri, Dist-Chandrapur",structured_field
GIAN-NIDHI-R0059,PRJ-0059,Magnetic Brake System,structured_field
GIAN-NIDHI-R0059,INS-0021,"Govt. Polytechnic, Ahmednagar",structured_field
GIAN-NIDHI-R0060,PRJ-0060,Fiber glass reinforced plastic cutting machine.,structured_field
GIAN-NIDHI-R0060,PRJ-0425,Fiber glass reinforced plastic cutting machine.,structured_field
GIAN-NIDHI-R0060,INS-0031,All India Shri Shivaji Memorial Society's Polytechnic,structured_field
GIAN-NIDHI-R0061,PRJ-0061,Electromagnetic Machining Process.,structured_field
GIAN-NIDHI-R0061,INS-0054,"Government Polytechnic, Yavatmal",structured_field
GIAN-NIDHI-R0062,PRJ-0062,SELF-ACTING WEIGHING MACHINE,structured_field
GIAN-NIDHI-R0062,INS-0022,"S. E. S. Polytechnic, Solapur",structured_field
GIAN-NIDHI-R0063,PRJ-0063,ELIMINATING NONPRODUCTIVE TROLLEY MOVEMENT ON THE SHOFP FLOOR BY ADOPTING SYNCHRONISED HANGER.,structured_field
GIAN-NIDHI-R0063,INS-0015,"Government Polytechnic, Washim",structured_field
GIAN-NIDHI-R0064,PRJ-0064,Tricycle Fitted With Windmill Reducing Effort Of Pedallers,structured_field
GIAN-NIDHI-R0064,INS-0024,"Government Polytechnic, Miraj",structured_field
GIAN-NIDHI-R0065,PRJ-0065,Novel Coupling,structured_field
GIAN-NIDHI-R0065,INS-0018,"Govt. Polytechnic, Nanded",structured_field
GIAN-NIDHI-R0066,PRJ-0066,Betel Nut cutting machine,structured_field
GIAN-NIDHI-R0066,INS-0032,"Government polytechnic, Dhule",structured_field
GIAN-NIDHI-R0067,PRJ-0067,Metal cutting using E.A.S.E.M. Technology,structured_field
GIAN-NIDHI-R0067,INS-0014,"G. H. Raisoni polytechnic, Nagpur",structured_field
GIAN-NIDHI-R0068,PRJ-0068,Ball Screw Cross Slide for Conventional Lathe,structured_field
GIAN-NIDHI-R0068,INS-0067,"New Polytechnic, Kolhapur",structured_field
GIAN-NIDHI-R0069,PRJ-0069,VIBRATION BASED DIESEL FILTER CLEANER,structured_field
GIAN-NIDHI-R0069,INS-0003,"K.B.P. Polytechnic, Kopargaon",structured_field
GIAN-NIDHI-R0070,PRJ-0070,GRASS CUTTING M/C,structured_field
GIAN-NIDHI-R0070,PRJ-0093,GRASS CUTTING M/C,structured_field
GIAN-NIDHI-R0070,INS-0042,"S.R.G.S. I.O.T. HADAPSAR, PUNE",structured_field
GIAN-NIDHI-R0071,PRJ-0071,AGRICULTURE SEEDS DRIER,structured_field
GIAN-NIDHI-R0071,INS-0016,"Govt. Polytechnic, Khamgaon",structured_field
GIAN-NIDHI-R0072,PRJ-0072,MECHANICAL SOWING MACHINE,structured_field
GIAN-NIDHI-R0072,PRJ-0095,MECHANICAL SOWING MACHINE,structured_field
GIAN-NIDHI-R0072,PRJ-0547,MECHANICAL SOWING MACHINE,structured_field
GIAN-NIDHI-R0072,INS-0040,"Government Polytechnic College, Nanded",structured_field
GIAN-NIDHI-R0073,PRJ-0073,TWO ROW SEED CUM FERTILIZER PLANTER,structured_field
GIAN-NIDHI-R0073,INS-0039,D.Y. Patil Pratisthan's Y. B. Patil polytechnic,structured_field
GIAN-NIDHI-R0074,PRJ-0074,AGRO SEED FLOW CONTROLLER,structured_field
GIAN-NIDHI-R0074,PRJ-0097,AGRO SEED FLOW CONTROLLER,structured_field
GIAN-NIDHI-R0074,INS-0010,"Premlila Vithaldas Polytechnic, SNDT Women's University",structured_field
GIAN-NIDHI-R0075,PRJ-0075,Watershed Development,structured_field
GIAN-NIDHI-R0075,PRJ-0098,Watershed Development,structured_field
GIAN-NIDHI-R0075,INS-0004,"K. K. Wagh Polytechnic, Nashik",structured_field
GIAN-NIDHI-R0076,PRJ-0076,Multipurpose Tillage & Impliment,structured_field
GIAN-NIDHI-R0076,PRJ-0099,Multipurpose Tillage & Impliment,structured_field
GIAN-NIDHI-R0076,INS-0012,"Govt. Polytechnic, Arvi",structured_field
GIAN-NIDHI-R0077,PRJ-0077,Mushroom plant parameter measurement and control.,structured_field
GIAN-NIDHI-R0077,PRJ-0100,Mushroom plant parameter measurement and control.,structured_field
GIAN-NIDHI-R0077,INS-0064,"M. P. M. F. Poly., Mumbai",structured_field
GIAN-NIDHI-R0078,PRJ-0078,AGRO MECH WEED COLLECTING HARROW,structured_field
GIAN-NIDHI-R0078,INS-0025,"Govt. Polytechnic, Osmanabad",structured_field
GIAN-NIDHI-R0079,PRJ-0079,COMPACT THRESHER,structured_field
GIAN-NIDHI-R0079,PRJ-0102,COMPACT THRESHER,structured_field
GIAN-NIDHI-R0079,PRJ-0553,COMPACT THRESHER,structured_field
GIAN-NIDHI-R0079,INS-0043,"Thakur Polytechnic, Thakur complex, Kandiwali (east)",structured_field
GIAN-NIDHI-R0080,PRJ-0080,Bio-Gas Operated Agriculture Power spryer,structured_field
GIAN-NIDHI-R0080,PRJ-0103,Bio-Gas Operated Agriculture Power spryer,structured_field
GIAN-NIDHI-R0080,PRJ-0554,Bio-Gas Operated Agriculture Power spryer,structured_field
GIAN-NIDHI-R0080,INS-0007,"Priyadarshini Polytechnic, Nagpur",structured_field
GIAN-NIDHI-R0081,PRJ-0081,Multipurpose Grass cutter,structured_field
GIAN-NIDHI-R0081,PRJ-0104,Multipurpose Grass cutter,structured_field
GIAN-NIDHI-R0081,INS-0033,"Government Polytechnic, Solapur",structured_field
GIAN-NIDHI-R0082,PRJ-0082,Protection of agriculture by uc based scale sorout,structured_field
GIAN-NIDHI-R0082,PRJ-0105,Protection of agriculture by uc based scale sorout,structured_field
GIAN-NIDHI-R0083,PRJ-0083,Sugarcane Planter.,structured_field
GIAN-NIDHI-R0083,INS-0003,"K.B.P. Polytechnic, Kopargaon",structured_field
GIAN-NIDHI-R0084,PRJ-0084,Overload slipping ball clutch,structured_field
GIAN-NIDHI-R0084,INS-0041,"P. V. P. I. T. Budhgaon, Sangali",structured_field
GIAN-NIDHI-R0085,PRJ-0085,Remote operated magnetic train,structured_field
GIAN-NIDHI-R0085,INS-0006,"K. J. Somaiya Polytechnic, Mumbai",structured_field
GIAN-NIDHI-R0086,PRJ-0086,Control flood save city,structured_field
GIAN-NIDHI-R0086,INS-0008,"Govt. Polytechnic, Aurangabad",structured_field
GIAN-NIDHI-R0087,PRJ-0087,Green Building Design,structured_field
GIAN-NIDHI-R0087,INS-0004,"K. K. Wagh Polytechnic, Nashik",structured_field
GIAN-NIDHI-R0088,PRJ-0088,Working Model of Rotating Biological Contactor (RBC),structured_field
GIAN-NIDHI-R0088,INS-0033,"Government Polytechnic, Solapur",structured_field
GIAN-NIDHI-R0089,PRJ-0089,Working model of pollution control and generation of Electricity from speed breakers at junction of road. (Squire),structured_field
GIAN-NIDHI-R0089,INS-0018,"Govt. Polytechnic, Nanded",structured_field
GIAN-NIDHI-R0090,PRJ-0090,Maglev – A Train without Motors,structured_field
GIAN-NIDHI-R0090,PRJ-0522,Maglev – A Train without Motors,structured_field
GIAN-NIDHI-R0090,INS-0086,"Shri Bhavubhai Mafatlal Polytechnic, Mumbai",structured_field
GIAN-NIDHI-R0091,PRJ-0091,PLC based Automatic Dam Gate Controller,structured_field
GIAN-NIDHI-R0091,INS-0014,"G. H. Raisoni polytechnic, Nagpur",structured_field
GIAN-NIDHI-R0092,PRJ-0092,Use of Infertile Land for Fap Multipurpose Project,structured_field
GIAN-NIDHI-R0092,PRJ-0524,Use of Infertile Land for Fap Multipurpose Project,structured_field
GIAN-NIDHI-R0092,INS-0016,"Govt. Polytechnic, Khamgaon",structured_field
GIAN-NIDHI-R0094,PRJ-0094,AGRICULTURE SEEDS DRIER,structured_field
GIAN-NIDHI-R0094,INS-0016,"Govt. Polytechnic, Khamgaon",structured_field
GIAN-NIDHI-R0096,PRJ-0096,TWO ROW SEED CUM FERTILIZER PLANTER,structured_field
GIAN-NIDHI-R0096,INS-0039,D.Y. Patil Pratisthan's Y. B. Patil polytechnic,structured_field
GIAN-NIDHI-R0101,PRJ-0101,AGRO MECH WEED COLLECTING HARROW,structured_field
GIAN-NIDHI-R0101,INS-0025,"Govt. Polytechnic, Osmanabad",structured_field
GIAN-NIDHI-R0106,PRJ-0106,Sugarcane Planter.,structured_field
GIAN-NIDHI-R0106,INS-0003,"K.B.P. Polytechnic, Kopargaon",structured_field
GIAN-NIDHI-R0107,PRJ-0107,""" Comfort Seat Design for Two Wheeler""",structured_field
GIAN-NIDHI-R0108,PRJ-0108,Experimental Investigation of partial replacement of concrete below neutral axis of S.S. Beam,structured_field
GIAN-NIDHI-R0109,PRJ-0109,Distillation by Solar Still.,structured_field
GIAN-NIDHI-R0110,PRJ-0110,Control of Hydraulic Jump using Hump and study Dissolved Oxygen in Jump,structured_field
GIAN-NIDHI-R0111,PRJ-0111,Water Resources Planning To Manage Future Risks To Aurangabad Shendra-Bidkin (DMIC) Water Supply Scheme,structured_field
GIAN-NIDHI-R0112,PRJ-0112,"Assessment of Groundwater Quality for Potability in and around Waluj MIDC, District Aurangabad using GIS",structured_field
GIAN-NIDHI-R0113,PRJ-0113,Policy Assessment Tool Of Rural Drinking Water Supply Schemes At Village Level,structured_field
GIAN-NIDHI-R0114,PRJ-0114,Analysis of heat transfer through aluminum fins.,structured_field
GIAN-NIDHI-R0115,PRJ-0115,Solar operated wheat harvesting machine.,structured_field
GIAN-NIDHI-R0116,PRJ-0116,Performance enhancement of Domestic Refrigerator,structured_field
GIAN-NIDHI-R0117,PRJ-0117,Design & Fabrication of paddle operated water pump,structured_field
GIAN-NIDHI-R0118,PRJ-0118,Design and fabrication of crop harvester in agriculture,structured_field
GIAN-NIDHI-R0119,PRJ-0119,Design and fabrication Eco friendly sprayers.,structured_field
GIAN-NIDHI-R0120,PRJ-0120,Design and fabrication Multi-purpose Agri-culture machine,structured_field
GIAN-NIDHI-R0121,PRJ-0121,Evaluation of mechanical properties of bio composite laminates,structured_field
GIAN-NIDHI-R0122,PRJ-0122,Design & Fabrication of Sugar cane lifter.,structured_field
GIAN-NIDHI-R0123,PRJ-0123,fabrication of Sugar cane cutter machine,structured_field
GIAN-NIDHI-R0124,PRJ-0124,Double Girder E O T Crane And Its Related Problem,structured_field
GIAN-NIDHI-R0124,INS-0094,VPMP Polytechnic,structured_field
GIAN-NIDHI-R0125,PRJ-0125,Scaling And Crack Formation In Boiler Tubes Bed Coils,structured_field
GIAN-NIDHI-R0125,INS-0094,VPMP Polytechnic,structured_field
GIAN-NIDHI-R0126,PRJ-0126,Ultrasonic Distance Measurment,structured_field
GIAN-NIDHI-R0126,INS-0011,Vallabh Budhid Polytechnic,structured_field
GIAN-NIDHI-R0127,PRJ-0127,Phone Application For Device Controlling,structured_field
GIAN-NIDHI-R0127,INS-0011,Vallabh Budhid Polytechnic,structured_field
GIAN-NIDHI-R0128,PRJ-0128,Cellphone Operated Land Rover,structured_field
GIAN-NIDHI-R0128,INS-0011,Vallabh Budhid Polytechnic,structured_field
GIAN-NIDHI-R0129,PRJ-0129,Line Follower Robot,structured_field
GIAN-NIDHI-R0129,INS-0011,Vallabh Budhid Polytechnic,structured_field
GIAN-NIDHI-R0130,PRJ-0130,Microcontroller Base Solar Tracking System,structured_field
GIAN-NIDHI-R0130,INS-0011,Vallabh Budhid Polytechnic,structured_field
GIAN-NIDHI-R0131,PRJ-0131,Finger Print Based Security System,structured_field
GIAN-NIDHI-R0131,INS-0011,Vallabh Budhid Polytechnic,structured_field
GIAN-NIDHI-R0132,PRJ-0132,Home Office Security System Teleguard,structured_field
GIAN-NIDHI-R0132,INS-0011,Vallabh Budhid Polytechnic,structured_field
GIAN-NIDHI-R0133,PRJ-0133,Inventory Management System,structured_field
GIAN-NIDHI-R0133,INS-0072,"Dr. Panjabrao Deshmukh Polytechnic, Amravati",structured_field
GIAN-NIDHI-R0134,PRJ-0134,Mobile – Based Attendance System,structured_field
GIAN-NIDHI-R0134,INS-0072,"Dr. Panjabrao Deshmukh Polytechnic, Amravati",structured_field
GIAN-NIDHI-R0135,PRJ-0135,Advanced power factor correction,structured_field
GIAN-NIDHI-R0135,INS-0136,"P. V. P. I. T., Sangali",structured_field
GIAN-NIDHI-R0136,PRJ-0136,Electric Motorcycle,structured_field
GIAN-NIDHI-R0136,PRJ-0442,Electric Motorcycle,structured_field
GIAN-NIDHI-R0136,INS-0073,Pillai Polytechnic (New Panvel),structured_field
GIAN-NIDHI-R0137,PRJ-0137,Shock proof Wiring System Title,structured_field
GIAN-NIDHI-R0137,INS-0029,"Government Polytechnic, Jalana",structured_field
GIAN-NIDHI-R0138,PRJ-0138,Positional Control System (PCS) using Microcontroller based stepper motor.,structured_field
GIAN-NIDHI-R0138,INS-0019,"Government Polytechnic, Nashik",structured_field
GIAN-NIDHI-R0139,PRJ-0139,Hybrid Power Generation for Multi-Storey Buildings.,structured_field
GIAN-NIDHI-R0139,INS-0006,"K. J. Somaiya Polytechnic, Mumbai",structured_field
GIAN-NIDHI-R0140,PRJ-0140,PC-BASED ENERGY METER,structured_field
GIAN-NIDHI-R0140,PRJ-0446,PC-BASED ENERGY METER,structured_field
GIAN-NIDHI-R0140,INS-0056,Govt.Residential Women's Polytechnic Latur,structured_field
GIAN-NIDHI-R0141,PRJ-0141,89C51 BASED AUTOMATIC LOAD SHEDDER,structured_field
GIAN-NIDHI-R0141,INS-0126,"M. P.M. F. P., Mumbai",structured_field
GIAN-NIDHI-R0142,PRJ-0142,"Digital remote speed control of A.C. motor,",structured_field
GIAN-NIDHI-R0142,INS-0018,"Govt. Polytechnic, Nanded",structured_field
GIAN-NIDHI-R0143,PRJ-0143,Controlling of electrical gadgets using cell phone.,structured_field
GIAN-NIDHI-R0143,INS-0087,"Shri. H.H.J.B. Polytechnic, Chandwad",structured_field
GIAN-NIDHI-R0144,PRJ-0144,Speed Control of Sky Bus using Microcontroller,structured_field
GIAN-NIDHI-R0144,INS-0021,"Govt. Polytechnic, Ahmednagar",structured_field
GIAN-NIDHI-R0145,PRJ-0145,ABNORMAL VOLTAGE PROTECTOR,structured_field
GIAN-NIDHI-R0145,INS-0004,"K. K. Wagh Polytechnic, Nashik",structured_field
GIAN-NIDHI-R0146,PRJ-0146,Lift overload preventer andlift room power control,structured_field
GIAN-NIDHI-R0146,INS-0118,Institute of Institute of Civil & Rural Engeneering Gargoti Kolhapur,structured_field
GIAN-NIDHI-R0147,PRJ-0147,Digital Dashboard,structured_field
GIAN-NIDHI-R0147,INS-0117,Institute For Studies In Technology & Engg.Pune,structured_field
GIAN-NIDHI-R0148,PRJ-0148,Radio Frequency (Rf) Based Robotic Car Control.,structured_field
GIAN-NIDHI-R0148,PRJ-0152,Radio Frequency (Rf) Based Robotic Car Control.,structured_field
GIAN-NIDHI-R0148,INS-0036,P.V.P.I.T. – Budhghon,structured_field
GIAN-NIDHI-R0149,PRJ-0149,Remote Operated Stepper Motor,structured_field
GIAN-NIDHI-R0149,INS-0016,"Govt. Polytechnic, Khamgaon",structured_field
GIAN-NIDHI-R0150,PRJ-0150,Electric Car,structured_field
GIAN-NIDHI-R0150,INS-0006,"K. J. Somaiya Polytechnic, Mumbai",structured_field
GIAN-NIDHI-R0151,PRJ-0151,Advanced Embedded Wireless Control System,structured_field
GIAN-NIDHI-R0151,INS-0015,"Government Polytechnic, Washim",structured_field
GIAN-NIDHI-R0153,PRJ-0153,Remote Operated Stepper Motor,structured_field
GIAN-NIDHI-R0153,INS-0016,"Govt. Polytechnic, Khamgaon",structured_field
GIAN-NIDHI-R0154,PRJ-0154,Electric Car,structured_field
GIAN-NIDHI-R0154,INS-0006,"K. J. Somaiya Polytechnic, Mumbai",structured_field
GIAN-NIDHI-R0155,PRJ-0155,Advanced Embedded Wireless Control System,structured_field
GIAN-NIDHI-R0155,INS-0015,"Government Polytechnic, Washim",structured_field
GIAN-NIDHI-R0156,PRJ-0156,Multi-Security System For Statue,structured_field
GIAN-NIDHI-R0156,INS-0008,"Govt. Polytechnic, Aurangabad",structured_field
GIAN-NIDHI-R0157,PRJ-0157,Laser – Based Communication Link,structured_field
GIAN-NIDHI-R0157,INS-0055,Govt. Res. Women's Polytechnic Latur,structured_field
GIAN-NIDHI-R0158,PRJ-0158,Location Detector & Announcement System,structured_field
GIAN-NIDHI-R0158,INS-0042,"S.R.G.S. I.O.T. HADAPSAR, PUNE",structured_field
GIAN-NIDHI-R0159,PRJ-0159,Employee Attendance Using Rfid,structured_field
GIAN-NIDHI-R0159,INS-0021,"Govt. Polytechnic, Ahmednagar",structured_field
GIAN-NIDHI-R0160,PRJ-0160,RS 485 Based Instrumentation Lan / Appliance Control,structured_field
GIAN-NIDHI-R0160,INS-0046,"D. Y. Patil Polytechnic, Akurdi Pune",structured_field
GIAN-NIDHI-R0161,PRJ-0161,Rolling Display Control Through Sms,structured_field
GIAN-NIDHI-R0161,PRJ-0481,Rolling Display Control Through Sms,structured_field
GIAN-NIDHI-R0161,INS-0022,"S. E. S. Polytechnic, Solapur",structured_field
GIAN-NIDHI-R0162,PRJ-0162,Spy Robot,structured_field
GIAN-NIDHI-R0163,PRJ-0163,SURVEILLANCE ROB,structured_field
GIAN-NIDHI-R0163,INS-0097,"Y. B. Patil Polytechnic, Pradhikaran, Akurdi, Pune",structured_field
GIAN-NIDHI-R0164,PRJ-0164,Televideo Controlled Mobile Serviellance van,structured_field
GIAN-NIDHI-R0164,PRJ-0484,Televideo Controlled Mobile Serviellance van,structured_field
GIAN-NIDHI-R0164,INS-0074,"Pimpari Chinchwad Polytechnic, Nigdi, Pune",structured_field
GIAN-NIDHI-R0165,PRJ-0165,Path Recorder & Retracer with 3-Axis Robotic Arm,structured_field
GIAN-NIDHI-R0165,INS-0013,Thakur Polytechnic,structured_field
GIAN-NIDHI-R0166,PRJ-0166,Suraksha – a vehicle safety device,structured_field
GIAN-NIDHI-R0166,INS-0070,"P. V. Polytechnic, S.N.D.T. Women's University",structured_field
GIAN-NIDHI-R0167,PRJ-0167,Automatic toll tax system using RFID technology,structured_field
GIAN-NIDHI-R0167,INS-0109,"Govt. Polytechnic, Bandra, Mumbai",structured_field
GIAN-NIDHI-R0168,PRJ-0168,Remotic device control using D.T.M.F.,structured_field
GIAN-NIDHI-R0169,PRJ-0169,FPGA based convolution encoder & viterbi decoder,structured_field
GIAN-NIDHI-R0170,PRJ-0170,PC based oscilloscope,structured_field
GIAN-NIDHI-R0171,PRJ-0171,Braille Transformation Tool For Blind,structured_field
GIAN-NIDHI-R0172,PRJ-0172,RF Robot Car with Video Camera,structured_field
GIAN-NIDHI-R0173,PRJ-0173,Academic on line result system on phone,structured_field
GIAN-NIDHI-R0174,PRJ-0174,Microcontroller Based Explosive Detector,structured_field
GIAN-NIDHI-R0175,PRJ-0175,Remote Audio Level Monitoring & Control,structured_field
GIAN-NIDHI-R0176,PRJ-0176,Computer Controlled Electrical System,structured_field
GIAN-NIDHI-R0176,INS-0019,"Government Polytechnic, Nashik",structured_field
GIAN-NIDHI-R0177,PRJ-0177,GSM – IVRS for industry Control,structured_field
GIAN-NIDHI-R0177,PRJ-0558,GSM – IVRS for industry Control,structured_field
GIAN-NIDHI-R0177,INS-0078,"Premlila Vithaldas, Polytechnic S.N.D.T. Women's University, Juhu, Mumbai",structured_field
GIAN-NIDHI-R0178,PRJ-0178,A Portable Communication Aid for Deaf Blind people,structured_field
GIAN-NIDHI-R0178,INS-0069,P.V.P Institute of technology Budhagaon,structured_field
GIAN-NIDHI-R0179,PRJ-0179,An Experimental Performance Evolution Of Vortex Tube,structured_field
GIAN-NIDHI-R0179,INS-0007,"Priyadarshini Polytechnic, Nagpur",structured_field
GIAN-NIDHI-R0180,PRJ-0180,Smart Irrigation System,structured_field
GIAN-NIDHI-R0180,INS-0003,"K.B.P. Polytechnic, Kopargaon",structured_field
GIAN-NIDHI-R0181,PRJ-0181,Magnetic Suspension System.,structured_field
GIAN-NIDHI-R0181,INS-0108,"Government Poly., Nashik",structured_field
GIAN-NIDHI-R0182,PRJ-0182,Electricity From Noise Polution,structured_field
GIAN-NIDHI-R0182,INS-0006,"K. J. Somaiya Polytechnic, Mumbai",structured_field
GIAN-NIDHI-R0183,PRJ-0183,Banana Plant Growth by Hydrogen & Mechanical Pressure,structured_field
GIAN-NIDHI-R0183,INS-0132,"Moolgi Jaitha College, Jalgaon",structured_field
GIAN-NIDHI-R0184,PRJ-0184,Embedded Coin Operated From Vending System,structured_field
GIAN-NIDHI-R0184,INS-0008,"Govt. Polytechnic, Aurangabad",structured_field
GIAN-NIDHI-R0185,PRJ-0185,Bicyle Refrigerator for Rural areas.,structured_field
GIAN-NIDHI-R0185,INS-0037,Padmabhooshan Vasantraodada Patil Institute Of Technology Budhgaon Sangli,structured_field
GIAN-NIDHI-R0186,PRJ-0186,Physician's chair[i],structured_field
GIAN-NIDHI-R0186,INS-0010,"Premlila Vithaldas Polytechnic, SNDT Women's University",structured_field
GIAN-NIDHI-R0187,PRJ-0187,Rf ID Based Position Locatory System,structured_field
GIAN-NIDHI-R0187,INS-0010,"Premlila Vithaldas Polytechnic, SNDT Women's University",structured_field
GIAN-NIDHI-R0188,PRJ-0188,'SPRASH' A touch of help,structured_field
GIAN-NIDHI-R0188,INS-0010,"Premlila Vithaldas Polytechnic, SNDT Women's University",structured_field
GIAN-NIDHI-R0189,PRJ-0189,Power Genration From Biogas Using Bike.,structured_field
GIAN-NIDHI-R0189,INS-0004,"K. K. Wagh Polytechnic, Nashik",structured_field
GIAN-NIDHI-R0190,PRJ-0190,Chainless bicycle,structured_field
GIAN-NIDHI-R0190,INS-0038,"Thakur Polytechnic, Mumbai",structured_field
GIAN-NIDHI-R0191,PRJ-0191,FOLDING CAR,structured_field
GIAN-NIDHI-R0191,INS-0013,Thakur Polytechnic,structured_field
GIAN-NIDHI-R0192,PRJ-0192,PERSONAL TRANSPORTER,structured_field
GIAN-NIDHI-R0192,PRJ-0569,PERSONAL TRANSPORTER,structured_field
GIAN-NIDHI-R0192,INS-0006,"K. J. Somaiya Polytechnic, Mumbai",structured_field
GIAN-NIDHI-R0193,PRJ-0193,Advanced pneumatic Rivef manufacturing M/C,structured_field
GIAN-NIDHI-R0193,INS-0059,K.B.P. Polytechnic,structured_field
GIAN-NIDHI-R0194,PRJ-0194,Adcanced Digital fuel Measuring Indicater,structured_field
GIAN-NIDHI-R0194,INS-0114,"Governmnet Poly, Osmanabad",structured_field
GIAN-NIDHI-R0195,PRJ-0195,Automation of baby cradle mechanism,structured_field
GIAN-NIDHI-R0195,INS-0044,"Walchand college of engineering, Sangli",structured_field
GIAN-NIDHI-R0196,PRJ-0196,Performance analysis of solar operated two stage evaporatve coller,structured_field
GIAN-NIDHI-R0196,PRJ-0571,Performance analysis of solar operated two stage evaporatve coller,structured_field
GIAN-NIDHI-R0196,INS-0007,"Priyadarshini Polytechnic, Nagpur",structured_field
GIAN-NIDHI-R0197,PRJ-0197,IMGPRO,structured_field
GIAN-NIDHI-R0197,PRJ-0572,IMGPRO,structured_field
GIAN-NIDHI-R0197,INS-0076,"Pimpri Chinchwad Polytechnic, Pradhikaran, Nigdi",structured_field
GIAN-NIDHI-R0198,PRJ-0198,multipurpose wheelchair friendly,structured_field
GIAN-NIDHI-R0198,PRJ-0573,multipurpose wheelchair friendly,structured_field
GIAN-NIDHI-R0198,INS-0082,"Sardar Vallabhai patel Polytechnic, Mumbai",structured_field
GIAN-NIDHI-R0199,PRJ-0199,Oil Charcoal Silencer,structured_field
GIAN-NIDHI-R0200,PRJ-0200,Vacuum pick and place system,structured_field
GIAN-NIDHI-R0200,PRJ-0575,Vacuum pick and place system,structured_field
GIAN-NIDHI-R0200,INS-0003,"K.B.P. Polytechnic, Kopargaon",structured_field
GIAN-NIDHI-R0201,PRJ-0201,Wireless temperature sensing & controlling,structured_field
GIAN-NIDHI-R0201,INS-0023,Sardar Vallabhbhai Patel Polytechnic,structured_field
GIAN-NIDHI-R0202,PRJ-0202,Digital Heartbeat Monitoring System,structured_field
GIAN-NIDHI-R0202,PRJ-0577,Digital Heartbeat Monitoring System,structured_field
GIAN-NIDHI-R0202,INS-0023,Sardar Vallabhbhai Patel Polytechnic,structured_field
GIAN-NIDHI-R0203,PRJ-0203,Betel Nut Grinding Machine,structured_field
GIAN-NIDHI-R0203,INS-0003,"K.B.P. Polytechnic, Kopargaon",structured_field
GIAN-NIDHI-R0204,PRJ-0204,Spring Jack,structured_field
GIAN-NIDHI-R0204,INS-0003,"K.B.P. Polytechnic, Kopargaon",structured_field
GIAN-NIDHI-R0205,PRJ-0205,Mobile Trolley Control Using Rf Transmitter And Receiver,structured_field
GIAN-NIDHI-R0205,PRJ-0580,Mobile Trolley Control Using Rf Transmitter And Receiver,structured_field
GIAN-NIDHI-R0205,INS-0003,"K.B.P. Polytechnic, Kopargaon",structured_field
GIAN-NIDHI-R0206,PRJ-0206,Microcontroller Based Weighing Machine,structured_field
GIAN-NIDHI-R0206,INS-0083,"Sardar Vallabhbhai patel Polytechnic, Boriwali West, Mumbai",structured_field
GIAN-NIDHI-R0207,PRJ-0207,Visitor's Monitoring System,structured_field
GIAN-NIDHI-R0207,INS-0095,Y. B. Patil Polytechnic,structured_field
GIAN-NIDHI-R0208,PRJ-0208,Based Equipment Switching,structured_field
GIAN-NIDHI-R0208,PRJ-0209,Based Equipment Switching,structured_field
GIAN-NIDHI-R0208,INS-0020,"Govt. Residential Women's Polytechnic, Latur",structured_field
GIAN-NIDHI-R0210,PRJ-0210,Conversion of VB (Design) into Java code,structured_field
GIAN-NIDHI-R0210,PRJ-0497,Conversion of VB (Design) into Java code,structured_field
GIAN-NIDHI-R0210,INS-0022,"S. E. S. Polytechnic, Solapur",structured_field
GIAN-NIDHI-R0211,PRJ-0211,PC Energy Meter,structured_field
GIAN-NIDHI-R0211,PRJ-0498,PC Energy Meter,structured_field
GIAN-NIDHI-R0211,INS-0008,"Govt. Polytechnic, Aurangabad",structured_field
GIAN-NIDHI-R0212,PRJ-0212,Speech Controlled Robot,structured_field
GIAN-NIDHI-R0212,INS-0128,"Manohar Phalke Memorial Foundation's Poly., Mumbai",structured_field
GIAN-NIDHI-R0213,PRJ-0213,PC Automated Shop,structured_field
GIAN-NIDHI-R0213,INS-0080,S. N. D. T. Women's University,structured_field
GIAN-NIDHI-R0214,PRJ-0214,Data fortification,structured_field
GIAN-NIDHI-R0214,PRJ-0499,Data fortification,structured_field
GIAN-NIDHI-R0214,INS-0004,"K. K. Wagh Polytechnic, Nashik",structured_field
GIAN-NIDHI-R0215,PRJ-0215,Mars Pathfinder Robotic Rover,structured_field
GIAN-NIDHI-R0215,PRJ-0500,Mars Pathfinder Robotic Rover,structured_field
GIAN-NIDHI-R0215,INS-0092,"Venutai Chavan Polytechnic, Pune",structured_field
GIAN-NIDHI-R0216,PRJ-0216,Font Processor,structured_field
GIAN-NIDHI-R0216,PRJ-0501,Font Processor,structured_field
GIAN-NIDHI-R0216,INS-0077,"Pimpri Chinchwad Polytechnic, Pune",structured_field
GIAN-NIDHI-R0217,PRJ-0217,SEISMO +,structured_field
GIAN-NIDHI-R0217,PRJ-0502,SEISMO +,structured_field
GIAN-NIDHI-R0217,INS-0063,"K. K. Wagh Women's Polytechnic, Nashik",structured_field
GIAN-NIDHI-R0218,PRJ-0218,EEPPROM Copyer and Verifier and writer and Reader Though pc,structured_field
GIAN-NIDHI-R0218,PRJ-0503,EEPPROM Copyer and Verifier and writer and Reader Though pc,structured_field
GIAN-NIDHI-R0218,INS-0012,"Govt. Polytechnic, Arvi",structured_field
GIAN-NIDHI-R0219,PRJ-0219,Computerized Paper Tester,structured_field
GIAN-NIDHI-R0219,PRJ-0504,Computerized Paper Tester,structured_field
GIAN-NIDHI-R0219,INS-0013,Thakur Polytechnic,structured_field
GIAN-NIDHI-R0220,PRJ-0220,Private Branch exchange (PBX) Simulation.,structured_field
GIAN-NIDHI-R0220,PRJ-0505,Private Branch exchange (PBX) Simulation.,structured_field
GIAN-NIDHI-R0220,INS-0030,Government polytechnic Pune,structured_field
GIAN-NIDHI-R0221,PRJ-0221,PC based unman bus monitoring,structured_field
GIAN-NIDHI-R0221,INS-0026,"Amrutvahini Polytechnic, Sangamner",structured_field
GIAN-NIDHI-R0222,PRJ-0222,PC access controller and task scheduler package,structured_field
GIAN-NIDHI-R0222,INS-0023,Sardar Vallabhbhai Patel Polytechnic,structured_field
GIAN-NIDHI-R0223,PRJ-0223,Veri-Finger Crime Detector,structured_field
GIAN-NIDHI-R0223,INS-0060,"K. B. P. Polytechnic, Ahmednagar",structured_field
GIAN-NIDHI-R0224,PRJ-0224,3-D object optimization and recognition,structured_field
GIAN-NIDHI-R0224,INS-0014,"G. H. Raisoni polytechnic, Nagpur",structured_field
GIAN-NIDHI-R0225,PRJ-0225,Re-programmable Remote Control for PC,structured_field
GIAN-NIDHI-R0225,INS-0007,"Priyadarshini Polytechnic, Nagpur",structured_field
GIAN-NIDHI-R0226,PRJ-0226,PC Sentry,structured_field
GIAN-NIDHI-R0226,INS-0071,"Padambhushan Vasantrao Patil Institute of technology, Budhgaon",structured_field
GIAN-NIDHI-R0227,PRJ-0227,Task Reminder & Manager,structured_field
GIAN-NIDHI-R0227,INS-0048,"Ekalavya Shikshan Sanstha Polytechnic, Pune",structured_field
GIAN-NIDHI-R0228,PRJ-0228,A Smart Technology Approach for Toll Tax Collection.,structured_field
GIAN-NIDHI-R0228,PRJ-0511,A Smart Technology Approach for Toll Tax Collection.,structured_field
GIAN-NIDHI-R0228,INS-0065,"Mahatma Education Society, Pilla's Polytechnic",structured_field
GIAN-NIDHI-R0229,PRJ-0229,SOFTWARE DEVELOPMENT FOR CALL CENTERS,structured_field
GIAN-NIDHI-R0229,INS-0142,Pravin Patil College Of Diploma Engg. & technology,structured_field
GIAN-NIDHI-R0230,PRJ-0230,FM based data transmission to control remote application,structured_field
GIAN-NIDHI-R0230,INS-0035,"MAEER's Sri Savitribai Phule Polytechnic, Pune",structured_field
GIAN-NIDHI-R0231,PRJ-0231,Password Cracking,structured_field
GIAN-NIDHI-R0231,INS-0068,"P.Dr.V.V.P. Polytechnic, Pravaranagar",structured_field
GIAN-NIDHI-R0232,PRJ-0232,Versatile Oxygen Measurement In Breath,structured_field
GIAN-NIDHI-R0232,PRJ-0514,Versatile Oxygen Measurement In Breath,structured_field
GIAN-NIDHI-R0232,INS-0017,Government polytechnic Mumbai,structured_field
GIAN-NIDHI-R0233,PRJ-0233,Software Based Digital Training Kit,structured_field
GIAN-NIDHI-R0233,INS-0029,"Government Polytechnic, Jalana",structured_field
GIAN-NIDHI-R0234,PRJ-0234,Microcontroller based Intelligent Signaling System,structured_field
GIAN-NIDHI-R0234,INS-0150,"Seth Rajiv Govind Sable I.O.T. Hadapsar, Pune",structured_field
GIAN-NIDHI-R0235,PRJ-0235,Virtual Keyboard cum Mouse,structured_field
GIAN-NIDHI-R0235,PRJ-0516,Virtual Keyboard cum Mouse,structured_field
GIAN-NIDHI-R0235,INS-0019,"Government Polytechnic, Nashik",structured_field
GIAN-NIDHI-R0236,PRJ-0236,Computerised Voting Using Lan,structured_field
GIAN-NIDHI-R0236,PRJ-0517,Computerised Voting Using Lan,structured_field
GIAN-NIDHI-R0236,INS-0015,"Government Polytechnic, Washim",structured_field
GIAN-NIDHI-R0237,PRJ-0237,TELEMETRY,structured_field
GIAN-NIDHI-R0237,INS-0102,"B. G. I. T., Mumbai",structured_field
GIAN-NIDHI-R0238,PRJ-0238,Training Cellular Automata For Image Processing,structured_field
GIAN-NIDHI-R0238,INS-0009,Jawaharlal Darda Institute of Engg and Tech. Yavatmal,structured_field
GIAN-NIDHI-R0239,PRJ-0239,XML Based Databate Management System,structured_field
GIAN-NIDHI-R0239,INS-0009,Jawaharlal Darda Institute of Engg and Tech. Yavatmal,structured_field
GIAN-NIDHI-R0240,PRJ-0240,Digital Receptionist,structured_field
GIAN-NIDHI-R0240,INS-0009,Jawaharlal Darda Institute of Engg and Tech. Yavatmal,structured_field
GIAN-NIDHI-R0241,PRJ-0241,Air-Blow Operated Mouse Pointer.,structured_field
GIAN-NIDHI-R0241,INS-0009,Jawaharlal Darda Institute of Engg and Tech. Yavatmal,structured_field
GIAN-NIDHI-R0242,PRJ-0242,GSM Based Highway Car Accident Identification & Alert System,structured_field
GIAN-NIDHI-R0242,INS-0041,"P. V. P. I. T. Budhgaon, Sangali",structured_field
GIAN-NIDHI-R0243,PRJ-0243,A Floating Train,structured_field
GIAN-NIDHI-R0243,INS-0037,Padmabhooshan Vasantraodada Patil Institute Of Technology Budhgaon Sangli,structured_field
GIAN-NIDHI-R0244,PRJ-0244,Path Finder For Blind People,structured_field
GIAN-NIDHI-R0244,INS-0037,Padmabhooshan Vasantraodada Patil Institute Of Technology Budhgaon Sangli,structured_field
GIAN-NIDHI-R0245,PRJ-0245,Real time monitoring system using Ethernet & TCP/IP protocol,structured_field
GIAN-NIDHI-R0245,INS-0037,Padmabhooshan Vasantraodada Patil Institute Of Technology Budhgaon Sangli,structured_field
GIAN-NIDHI-R0246,PRJ-0246,LIVE (The dawn in Forensics),structured_field
GIAN-NIDHI-R0246,INS-0009,Jawaharlal Darda Institute of Engg and Tech. Yavatmal,structured_field
GIAN-NIDHI-R0247,PRJ-0247,DIGITAL WATERMARKING OF IMAGES,structured_field
GIAN-NIDHI-R0247,INS-0009,Jawaharlal Darda Institute of Engg and Tech. Yavatmal,structured_field
GIAN-NIDHI-R0248,PRJ-0248,Gray-Level Grouping (GLG),structured_field
GIAN-NIDHI-R0248,INS-0009,Jawaharlal Darda Institute of Engg and Tech. Yavatmal,structured_field
GIAN-NIDHI-R0249,PRJ-0249,Signature analysis of power system by using simulink in MATLAB,structured_field
GIAN-NIDHI-R0249,INS-0089,"Shri Sant Gadge Baba College of Engg. & Technology, Z.T.C. Bhusawal",structured_field
GIAN-NIDHI-R0250,PRJ-0250,Vehicle plate recognition system,structured_field
GIAN-NIDHI-R0250,INS-0121,"J.D.I.E.T. Near MIDC, Yavatmal",structured_field
GIAN-NIDHI-R0251,PRJ-0251,A new strategy for the application of genetic algorithms to the channel assignment problem using MATLAB,structured_field
GIAN-NIDHI-R0251,INS-0009,Jawaharlal Darda Institute of Engg and Tech. Yavatmal,structured_field
GIAN-NIDHI-R0252,PRJ-0252,Data acquisition through mobile (accessing comp database through mobile SMS.),structured_field
GIAN-NIDHI-R0252,INS-0027,J.D.I.E.T. Yavatmal,structured_field
GIAN-NIDHI-R0253,PRJ-0253,REMOTE OPEATED PC,structured_field
GIAN-NIDHI-R0253,INS-0027,J.D.I.E.T. Yavatmal,structured_field
GIAN-NIDHI-R0254,PRJ-0254,An Advanced networking protocol for high speed information exchange in LAN,structured_field
GIAN-NIDHI-R0254,INS-0027,J.D.I.E.T. Yavatmal,structured_field
GIAN-NIDHI-R0255,PRJ-0255,VHDL implementation of discrete wavelet transform for image compression,structured_field
GIAN-NIDHI-R0255,INS-0027,J.D.I.E.T. Yavatmal,structured_field
GIAN-NIDHI-R0256,PRJ-0256,AJAX instant messenger,structured_field
GIAN-NIDHI-R0256,INS-0027,J.D.I.E.T. Yavatmal,structured_field
GIAN-NIDHI-R0257,PRJ-0257,JAVA CODE EDITOR,structured_field
GIAN-NIDHI-R0257,INS-0027,J.D.I.E.T. Yavatmal,structured_field
GIAN-NIDHI-R0258,PRJ-0258,"Smart Cloud For Effective Load Balancing Using Artificial Neural Network""",structured_field
GIAN-NIDHI-R0258,INS-0002,Tulsiramji Gaikwad-Patil College of Engineering and Technology,structured_field
GIAN-NIDHI-R0259,PRJ-0259,Pro?t Maximization in Cloud Computing with Guaranteed improved Quality of Service,structured_field
GIAN-NIDHI-R0259,INS-0002,Tulsiramji Gaikwad-Patil College of Engineering and Technology,structured_field
GIAN-NIDHI-R0260,PRJ-0260,SMS based Smart Placed and Wireless Electronic Notice Board using GSM,structured_field
GIAN-NIDHI-R0260,INS-0002,Tulsiramji Gaikwad-Patil College of Engineering and Technology,structured_field
GIAN-NIDHI-R0261,PRJ-0261,Advanced Online Examination System,structured_field
GIAN-NIDHI-R0261,INS-0002,Tulsiramji Gaikwad-Patil College of Engineering and Technology,structured_field
GIAN-NIDHI-R0262,PRJ-0262,"Optimizing Outfit Composition Using Machine Learning via Genetic Algorithm""",structured_field
GIAN-NIDHI-R0262,INS-0002,Tulsiramji Gaikwad-Patil College of Engineering and Technology,structured_field
GIAN-NIDHI-R0263,PRJ-0263,Green cloud for efficient power consumption under maximum Load,structured_field
GIAN-NIDHI-R0263,INS-0002,Tulsiramji Gaikwad-Patil College of Engineering and Technology,structured_field
GIAN-NIDHI-R0264,PRJ-0264,Raspberry Pi-2 Based Anti-Theft System for Car Logo,structured_field
GIAN-NIDHI-R0264,INS-0002,Tulsiramji Gaikwad-Patil College of Engineering and Technology,structured_field
GIAN-NIDHI-R0265,PRJ-0265,Advance Steganography for Hiding Data and Image using Audio-Video,structured_field
GIAN-NIDHI-R0265,INS-0002,Tulsiramji Gaikwad-Patil College of Engineering and Technology,structured_field
GIAN-NIDHI-R0266,PRJ-0266,Hybrid Segmentation Approach for Irregular shape Fruit images under Natural Illumination,structured_field
GIAN-NIDHI-R0266,INS-0002,Tulsiramji Gaikwad-Patil College of Engineering and Technology,structured_field
GIAN-NIDHI-R0267,PRJ-0267,Implementing Application for History Based Ranking Algorithm For Personalized Search Queries By using Crawler Intelligence,structured_field
GIAN-NIDHI-R0267,INS-0002,Tulsiramji Gaikwad-Patil College of Engineering and Technology,structured_field
GIAN-NIDHI-R0268,PRJ-0268,Analysis of Image Feature Selection Using Group Structure,structured_field
GIAN-NIDHI-R0268,INS-0002,Tulsiramji Gaikwad-Patil College of Engineering and Technology,structured_field
GIAN-NIDHI-R0269,PRJ-0269,framework for Effective Data Processing Using Flaw Triage,structured_field
GIAN-NIDHI-R0269,INS-0002,Tulsiramji Gaikwad-Patil College of Engineering and Technology,structured_field
GIAN-NIDHI-R0270,PRJ-0270,A Survey on Design and Approach for Finding the Similarity between the Documents,structured_field
GIAN-NIDHI-R0270,INS-0002,Tulsiramji Gaikwad-Patil College of Engineering and Technology,structured_field
GIAN-NIDHI-R0271,PRJ-0271,Assessment And Purification of Water Supply System,structured_field
GIAN-NIDHI-R0271,INS-0002,Tulsiramji Gaikwad-Patil College of Engineering and Technology,structured_field
GIAN-NIDHI-R0272,PRJ-0272,RS Jack,structured_field
GIAN-NIDHI-R0273,PRJ-0273,Third eye for visually impaired person,structured_field
GIAN-NIDHI-R0274,PRJ-0274,automated number plate recognition system,structured_field
GIAN-NIDHI-R0274,INS-0005,Deogiri Institute of Engineering and Management Studies,structured_field
GIAN-NIDHI-R0275,PRJ-0275,CityNEws,structured_field
GIAN-NIDHI-R0275,INS-0005,Deogiri Institute of Engineering and Management Studies,structured_field
GIAN-NIDHI-R0276,PRJ-0276,Forest Maker,structured_field
GIAN-NIDHI-R0276,INS-0005,Deogiri Institute of Engineering and Management Studies,structured_field
GIAN-NIDHI-R0277,PRJ-0277,Pomegranate Fruit Disease Detection And Prevention,structured_field
GIAN-NIDHI-R0277,INS-0005,Deogiri Institute of Engineering and Management Studies,structured_field
GIAN-NIDHI-R0278,PRJ-0278,I clean Incredible India,structured_field
GIAN-NIDHI-R0278,INS-0005,Deogiri Institute of Engineering and Management Studies,structured_field
GIAN-NIDHI-R0279,PRJ-0279,Pilgrims Tracking System,structured_field
GIAN-NIDHI-R0279,INS-0005,Deogiri Institute of Engineering and Management Studies,structured_field
GIAN-NIDHI-R0280,PRJ-0280,Route Planning in road network,structured_field
GIAN-NIDHI-R0280,INS-0005,Deogiri Institute of Engineering and Management Studies,structured_field
GIAN-NIDHI-R0281,PRJ-0281,Social Media For NGO,structured_field
GIAN-NIDHI-R0281,INS-0005,Deogiri Institute of Engineering and Management Studies,structured_field
GIAN-NIDHI-R0282,PRJ-0282,Swayampurn,structured_field
GIAN-NIDHI-R0282,INS-0005,Deogiri Institute of Engineering and Management Studies,structured_field
GIAN-NIDHI-R0283,PRJ-0283,Virtual Dressing Room,structured_field
GIAN-NIDHI-R0283,INS-0005,Deogiri Institute of Engineering and Management Studies,structured_field
GIAN-NIDHI-R0284,PRJ-0284,"""Master on Duty Portal""",structured_field
GIAN-NIDHI-R0284,INS-0005,Deogiri Institute of Engineering and Management Studies,structured_field
GIAN-NIDHI-R0285,PRJ-0285,Tweet Segmentation and Sentiment Analysis,structured_field
GIAN-NIDHI-R0285,INS-0005,Deogiri Institute of Engineering and Management Studies,structured_field
GIAN-NIDHI-R0286,PRJ-0286,Parking Place Allotment,structured_field
GIAN-NIDHI-R0286,INS-0005,Deogiri Institute of Engineering and Management Studies,structured_field
GIAN-NIDHI-R0287,PRJ-0287,Accident Detection and security System,structured_field
GIAN-NIDHI-R0287,INS-0005,Deogiri Institute of Engineering and Management Studies,structured_field
GIAN-NIDHI-R0288,PRJ-0288,IOT Based Soil Irrigatiom Monitoring and Controlling System,structured_field
GIAN-NIDHI-R0288,INS-0005,Deogiri Institute of Engineering and Management Studies,structured_field
GIAN-NIDHI-R0289,PRJ-0289,Remote Data Monitoring Sys With Wi-fi Connection Controller,structured_field
GIAN-NIDHI-R0289,INS-0011,Vallabh Budhid Polytechnic,structured_field
GIAN-NIDHI-R0290,PRJ-0290,RFID Checkout,structured_field
GIAN-NIDHI-R0290,INS-0011,Vallabh Budhid Polytechnic,structured_field
GIAN-NIDHI-R0291,PRJ-0291,Data Logger System Using 8051,structured_field
GIAN-NIDHI-R0291,INS-0011,Vallabh Budhid Polytechnic,structured_field
GIAN-NIDHI-R0292,PRJ-0292,Flexible Automation Using Plc,structured_field
GIAN-NIDHI-R0292,INS-0011,Vallabh Budhid Polytechnic,structured_field
GIAN-NIDHI-R0293,PRJ-0293,Data Communication Technice,structured_field
GIAN-NIDHI-R0293,INS-0011,Vallabh Budhid Polytechnic,structured_field
GIAN-NIDHI-R0294,PRJ-0294,8-chanel Rtd Temp Logger Cum Controller,structured_field
GIAN-NIDHI-R0294,INS-0011,Vallabh Budhid Polytechnic,structured_field
GIAN-NIDHI-R0295,PRJ-0295,Furanace Temperature Control using microcontroller.,structured_field
GIAN-NIDHI-R0295,INS-0036,P.V.P.I.T. – Budhghon,structured_field
GIAN-NIDHI-R0296,PRJ-0296,AN EXPERIMENTAL INVESTIGATION OF THERMAL PERFORMANCE OF GRAPHITE WATER.,structured_field
GIAN-NIDHI-R0296,INS-0088,"Shri K. R. Pandav Polytechnic, Nagpur",structured_field
GIAN-NIDHI-R0297,PRJ-0297,HYDRAULIC DRESSING ATTACHMENT FOR GRINDER,structured_field
GIAN-NIDHI-R0297,INS-0019,"Government Polytechnic, Nashik",structured_field
GIAN-NIDHI-R0298,PRJ-0298,Vacuum packing machine,structured_field
GIAN-NIDHI-R0298,PRJ-0436,Vacuum packing machine,structured_field
GIAN-NIDHI-R0298,INS-0052,"Govt. Polytechnic, Nanded Babanager",structured_field
GIAN-NIDHI-R0299,PRJ-0299,SELF DRIVEN WATER PUMP,structured_field
GIAN-NIDHI-R0299,INS-0066,Matushri Maniben Jethlal Shah Polytechnic Kasarvadavali Thane,structured_field
GIAN-NIDHI-R0300,PRJ-0300,Adujesttable Compression Ratio & Compression Ignition Engine,structured_field
GIAN-NIDHI-R0300,INS-0026,"Amrutvahini Polytechnic, Sangamner",structured_field
GIAN-NIDHI-R0301,PRJ-0301,Hydraulic Lifter Trolly,structured_field
GIAN-NIDHI-R0301,INS-0104,Bharati Vidyapeeth Institute of Technology,structured_field
GIAN-NIDHI-R0302,PRJ-0302,Clay Cool (Zero power Refrigerator),structured_field
GIAN-NIDHI-R0302,INS-0024,"Government Polytechnic, Miraj",structured_field
GIAN-NIDHI-R0303,PRJ-0303,Rotating Solar Collector As A Steam Genrator.,structured_field
GIAN-NIDHI-R0303,INS-0007,"Priyadarshini Polytechnic, Nagpur",structured_field
GIAN-NIDHI-R0304,PRJ-0304,ECONOMICAL DOMESTIC GAS GEYSER,structured_field
GIAN-NIDHI-R0304,INS-0091,"T.B.G. Polytechnic, Ambejogai - 431517",structured_field
GIAN-NIDHI-R0305,PRJ-0305,Multipurpose Absorption Rate Meter for Fabrics,structured_field
GIAN-NIDHI-R0305,INS-0020,"Govt. Residential Women's Polytechnic, Latur",structured_field
GIAN-NIDHI-R0306,PRJ-0306,Manufacturing of Ethyl from Dairy Waste,structured_field
GIAN-NIDHI-R0306,INS-0139,Padmabhushan Vasantdada Patil Institute of Technology,structured_field
GIAN-NIDHI-R0307,PRJ-0307,Bio-Diesel from Jatropha,structured_field
GIAN-NIDHI-R0307,INS-0012,"Govt. Polytechnic, Arvi",structured_field
GIAN-NIDHI-R0308,PRJ-0308,Coating Powder Wastage Reducing Machine (Cyclone Separator),structured_field
GIAN-NIDHI-R0308,INS-0003,"K.B.P. Polytechnic, Kopargaon",structured_field
GIAN-NIDHI-R0309,PRJ-0309,Depolymerisation of PET Waste by Saponification,structured_field
GIAN-NIDHI-R0309,PRJ-0527,Depolymerisation of PET Waste by Saponification,structured_field
GIAN-NIDHI-R0309,INS-0004,"K. K. Wagh Polytechnic, Nashik",structured_field
GIAN-NIDHI-R0310,PRJ-0310,Automation In Bottling Process,structured_field
GIAN-NIDHI-R0310,INS-0107,Government Poly. Mumbai,structured_field
GIAN-NIDHI-R0311,PRJ-0311,Advanced water parameter measurement system,structured_field
GIAN-NIDHI-R0311,INS-0036,P.V.P.I.T. – Budhghon,structured_field
GIAN-NIDHI-R0312,PRJ-0312,Highway speed security system,structured_field
GIAN-NIDHI-R0312,INS-0119,"Institute of Technology, Viharnagar",structured_field
GIAN-NIDHI-R0313,PRJ-0313,Control & security on ship,structured_field
GIAN-NIDHI-R0313,PRJ-0451,Control & security on ship,structured_field
GIAN-NIDHI-R0313,INS-0017,Government polytechnic Mumbai,structured_field
GIAN-NIDHI-R0314,PRJ-0314,"Two channel oscilloscope using ""PIC controllers""",structured_field
GIAN-NIDHI-R0314,INS-0019,"Government Polytechnic, Nashik",structured_field
GIAN-NIDHI-R0315,PRJ-0315,Identity detector & automatic toll controller,structured_field
GIAN-NIDHI-R0315,INS-0147,"S. R. G. S. Institute of technology, Pune",structured_field
GIAN-NIDHI-R0316,PRJ-0316,Speed checker for highways,structured_field
GIAN-NIDHI-R0316,PRJ-0453,Speed checker for highways,structured_field
GIAN-NIDHI-R0316,INS-0020,"Govt. Residential Women's Polytechnic, Latur",structured_field
GIAN-NIDHI-R0317,PRJ-0317,GSM based mobile health check – up kit,structured_field
GIAN-NIDHI-R0317,PRJ-0454,GSM based mobile health check – up kit,structured_field
GIAN-NIDHI-R0317,INS-0013,Thakur Polytechnic,structured_field
GIAN-NIDHI-R0318,PRJ-0318,Multi output switched mode power supply,structured_field
GIAN-NIDHI-R0318,PRJ-0455,Multi output switched mode power supply,structured_field
GIAN-NIDHI-R0318,INS-0004,"K. K. Wagh Polytechnic, Nashik",structured_field
GIAN-NIDHI-R0319,PRJ-0319,MC 8051 based IR remote control for machines,structured_field
GIAN-NIDHI-R0319,INS-0025,"Govt. Polytechnic, Osmanabad",structured_field
GIAN-NIDHI-R0320,PRJ-0320,Digital fuel meter,structured_field
GIAN-NIDHI-R0320,INS-0058,"Institute of Civil and Rural Engineering, Gargoti",structured_field
GIAN-NIDHI-R0321,PRJ-0321,Electronic blood pressure measurement,structured_field
GIAN-NIDHI-R0321,INS-0084,"SES Polytechnic, Solapur",structured_field
GIAN-NIDHI-R0322,PRJ-0322,Speed checker for highway using microprocessor,structured_field
GIAN-NIDHI-R0322,INS-0044,"Walchand college of engineering, Sangli",structured_field
GIAN-NIDHI-R0323,PRJ-0323,Embedded webserver for temperature control,structured_field
GIAN-NIDHI-R0323,INS-0075,Pimpri – Chinchwad Polytechnic,structured_field
GIAN-NIDHI-R0324,PRJ-0324,Breath alcohol detector,structured_field
GIAN-NIDHI-R0324,INS-0080,S. N. D. T. Women's University,structured_field
GIAN-NIDHI-R0325,PRJ-0325,Automatic tea & coffee maker (TEACO),structured_field
GIAN-NIDHI-R0325,INS-0154,"Shri Datta Meghe Polytechnic College, Nagpur",structured_field
GIAN-NIDHI-R0326,PRJ-0326,Controlling of electromechanical relay using PIC – 16F877A,structured_field
GIAN-NIDHI-R0326,INS-0012,"Govt. Polytechnic, Arvi",structured_field
GIAN-NIDHI-R0327,PRJ-0327,Intelligent Traffic Light Control System Using PLC,structured_field
GIAN-NIDHI-R0327,PRJ-0460,Intelligent Traffic Light Control System Using PLC,structured_field
GIAN-NIDHI-R0327,INS-0035,"MAEER's Sri Savitribai Phule Polytechnic, Pune",structured_field
GIAN-NIDHI-R0328,PRJ-0328,Line Follower Robot,structured_field
GIAN-NIDHI-R0328,PRJ-0461,Line Follower Robot,structured_field
GIAN-NIDHI-R0328,INS-0047,Dr.D.Y.Patil Polytechnic,structured_field
GIAN-NIDHI-R0329,PRJ-0329,Low Cost Lcd Projector,structured_field
GIAN-NIDHI-R0329,INS-0018,"Govt. Polytechnic, Nanded",structured_field
GIAN-NIDHI-R0330,PRJ-0330,Microcontroller Based Parking With Security System,structured_field
GIAN-NIDHI-R0330,PRJ-0463,Microcontroller Based Parking With Security System,structured_field
GIAN-NIDHI-R0330,INS-0006,"K. J. Somaiya Polytechnic, Mumbai",structured_field
GIAN-NIDHI-R0331,PRJ-0331,Smart Highway,structured_field
GIAN-NIDHI-R0331,INS-0015,"Government Polytechnic, Washim",structured_field
GIAN-NIDHI-R0332,PRJ-0332,Smart security system,structured_field
GIAN-NIDHI-R0332,INS-0031,All India Shri Shivaji Memorial Society's Polytechnic,structured_field
GIAN-NIDHI-R0333,PRJ-0333,Flood intimation & weather reporting system,structured_field
GIAN-NIDHI-R0333,INS-0008,"Govt. Polytechnic, Aurangabad",structured_field
GIAN-NIDHI-R0334,PRJ-0334,Two DAM automation using Micro & RF transmitter & receiver,structured_field
GIAN-NIDHI-R0334,INS-0021,"Govt. Polytechnic, Ahmednagar",structured_field
GIAN-NIDHI-R0335,PRJ-0335,Tripping sequence recorder cum indicator,structured_field
GIAN-NIDHI-R0335,INS-0103,Babasaheb Gawde Institute of Technology,structured_field
GIAN-NIDHI-R0336,PRJ-0336,PC based flexible web camera,structured_field
GIAN-NIDHI-R0336,INS-0140,"Padmashri Dr. Vitthalrao Vikhe Patil Institute of tech., & engg., Pravarangar",structured_field
GIAN-NIDHI-R0337,PRJ-0337,Multifunctional sensing intelligent machine,structured_field
GIAN-NIDHI-R0337,PRJ-0468,Multifunctional sensing intelligent machine,structured_field
GIAN-NIDHI-R0337,INS-0014,"G. H. Raisoni polytechnic, Nagpur",structured_field
GIAN-NIDHI-R0338,PRJ-0338,Electro guard ( Car lock to unlock system),structured_field
GIAN-NIDHI-R0338,INS-0144,"Radio electric institute, Mumbai",structured_field
GIAN-NIDHI-R0339,PRJ-0339,Automatic guided vehicles,structured_field
GIAN-NIDHI-R0339,PRJ-0469,Automatic guided vehicles,structured_field
GIAN-NIDHI-R0339,INS-0007,"Priyadarshini Polytechnic, Nagpur",structured_field
GIAN-NIDHI-R0340,PRJ-0340,Micro – Controller based low cost filling plant,structured_field
GIAN-NIDHI-R0340,INS-0003,"K.B.P. Polytechnic, Kopargaon",structured_field
GIAN-NIDHI-R0341,PRJ-0341,"""Shirodhara"" an Ayurvedic medical treatment with automisation.",structured_field
GIAN-NIDHI-R0341,INS-0049,"Govt. Polytechnic, Amravati",structured_field
GIAN-NIDHI-R0342,PRJ-0342,Home automation system,structured_field
GIAN-NIDHI-R0342,PRJ-0472,Home automation system,structured_field
GIAN-NIDHI-R0342,INS-0026,"Amrutvahini Polytechnic, Sangamner",structured_field
GIAN-NIDHI-R0343,PRJ-0343,Stair case based power generation,structured_field
GIAN-NIDHI-R0343,INS-0089,"Shri Sant Gadge Baba College of Engg. & Technology, Z.T.C. Bhusawal",structured_field
GIAN-NIDHI-R0344,PRJ-0344,Design & fabrication of sensor based escalator,structured_field
GIAN-NIDHI-R0344,INS-0009,Jawaharlal Darda Institute of Engg and Tech. Yavatmal,structured_field
GIAN-NIDHI-R0345,PRJ-0345,Oil charcoal silencer,structured_field
GIAN-NIDHI-R0345,INS-0009,Jawaharlal Darda Institute of Engg and Tech. Yavatmal,structured_field
GIAN-NIDHI-R0346,PRJ-0346,The Rotating Cylinder Valve 4-Stroke Engine,structured_field
GIAN-NIDHI-R0346,INS-0146,"Rajendra Mane College of Eng. & Tech., Ambav, Devrukh",structured_field
GIAN-NIDHI-R0347,PRJ-0347,Regenerative air cooler & heater,structured_field
GIAN-NIDHI-R0347,INS-0009,Jawaharlal Darda Institute of Engg and Tech. Yavatmal,structured_field
GIAN-NIDHI-R0348,PRJ-0348,Diesel vehicle emission control equipment,structured_field
GIAN-NIDHI-R0348,INS-0143,"Prof.S. B. Belkar, Prof B. R. Mahske",structured_field
GIAN-NIDHI-R0349,PRJ-0349,Manufacturing of ethanol from MSW,structured_field
GIAN-NIDHI-R0349,INS-0009,Jawaharlal Darda Institute of Engg and Tech. Yavatmal,structured_field
GIAN-NIDHI-R0350,PRJ-0350,Multi tasking crane,structured_field
GIAN-NIDHI-R0350,INS-0009,Jawaharlal Darda Institute of Engg and Tech. Yavatmal,structured_field
GIAN-NIDHI-R0351,PRJ-0351,Design of Industrial load Management using Automatic Control with Zigbee Wireless Technology,structured_field
GIAN-NIDHI-R0351,INS-0002,Tulsiramji Gaikwad-Patil College of Engineering and Technology,structured_field
GIAN-NIDHI-R0352,PRJ-0352,Microcontroller Integrated Crop Management system by using Solar Panel,structured_field
GIAN-NIDHI-R0352,INS-0002,Tulsiramji Gaikwad-Patil College of Engineering and Technology,structured_field
GIAN-NIDHI-R0353,PRJ-0353,Smart traffic signal system,structured_field
GIAN-NIDHI-R0353,INS-0002,Tulsiramji Gaikwad-Patil College of Engineering and Technology,structured_field
GIAN-NIDHI-R0354,PRJ-0354,Error Detection in Majority Logic Decoding of Euclidean Geometry Low Density Parity Check (EG-LDPC) Codes.,structured_field
GIAN-NIDHI-R0354,INS-0002,Tulsiramji Gaikwad-Patil College of Engineering and Technology,structured_field
GIAN-NIDHI-R0355,PRJ-0355,Robust Face Recognisation Using Largest Matching Area for Illumination and Occlusion,structured_field
GIAN-NIDHI-R0355,INS-0002,Tulsiramji Gaikwad-Patil College of Engineering and Technology,structured_field
GIAN-NIDHI-R0356,PRJ-0356,To Combining Left and Right Palmprint Images for More Accurate Personal Identi?cation,structured_field
GIAN-NIDHI-R0356,INS-0002,Tulsiramji Gaikwad-Patil College of Engineering and Technology,structured_field
GIAN-NIDHI-R0357,PRJ-0357,A Methodology For Extracting Standing Human Bodies From Single Images Using Multi Segmentation,structured_field
GIAN-NIDHI-R0357,INS-0002,Tulsiramji Gaikwad-Patil College of Engineering and Technology,structured_field
GIAN-NIDHI-R0358,PRJ-0358,Automatic Breathalyzer using Thumb Scanner,structured_field
GIAN-NIDHI-R0358,INS-0002,Tulsiramji Gaikwad-Patil College of Engineering and Technology,structured_field
GIAN-NIDHI-R0359,PRJ-0359,Design and Development of Solar Based Android Controlled Pesticide Dispenser,structured_field
GIAN-NIDHI-R0359,INS-0002,Tulsiramji Gaikwad-Patil College of Engineering and Technology,structured_field
GIAN-NIDHI-R0360,PRJ-0360,IMPROVING THE POWER SYSTEM PERFORMANCE USING FACTS DEVICES WITH HARDWARE APPROACH,structured_field
GIAN-NIDHI-R0360,PRJ-0365,IMPROVING THE POWER SYSTEM PERFORMANCE USING FACTS DEVICES WITH HARDWARE APPROACH,structured_field
GIAN-NIDHI-R0360,INS-0002,Tulsiramji Gaikwad-Patil College of Engineering and Technology,structured_field
GIAN-NIDHI-R0361,PRJ-0361,Earthquake Resistant Structure,structured_field
GIAN-NIDHI-R0361,INS-0002,Tulsiramji Gaikwad-Patil College of Engineering and Technology,structured_field
GIAN-NIDHI-R0362,PRJ-0362,"""Earthquake Resistant Structure""",structured_field
GIAN-NIDHI-R0362,INS-0002,Tulsiramji Gaikwad-Patil College of Engineering and Technology,structured_field
GIAN-NIDHI-R0363,PRJ-0363,"""UNDERGROUND CABLE FAULT DISTANCE LOCATOR WITH ALARM SYSTEM""",structured_field
GIAN-NIDHI-R0363,INS-0002,Tulsiramji Gaikwad-Patil College of Engineering and Technology,structured_field
GIAN-NIDHI-R0364,PRJ-0364,'AUTOMATIC CONTROLLING OF WATER IRRIGATION',structured_field
GIAN-NIDHI-R0364,INS-0002,Tulsiramji Gaikwad-Patil College of Engineering and Technology,structured_field
GIAN-NIDHI-R0366,PRJ-0366,"""UNIQUE POWER BANK FOR E-CART""",structured_field
GIAN-NIDHI-R0366,INS-0002,Tulsiramji Gaikwad-Patil College of Engineering and Technology,structured_field
GIAN-NIDHI-R0367,PRJ-0367,AUTOMATIC PESTICIDE MIXING AND SPRAYING ROBOT,structured_field
GIAN-NIDHI-R0368,PRJ-0368,3D MODELLING ROBOT,structured_field
GIAN-NIDHI-R0369,PRJ-0369,AUTONOMOUS VISUAL CONTROL WITH POWER SAVING ALGORITHM FOR SMART BUILDING,structured_field
GIAN-NIDHI-R0370,PRJ-0370,BLUETOOTH BASED HISTRORICAL PLACED SYSTEM,structured_field
GIAN-NIDHI-R0371,PRJ-0371,CONTROLLOLING AND MONITORING OF COOLANT FOR INDUSTRIAL MACHINES,structured_field
GIAN-NIDHI-R0372,PRJ-0372,INTELLIGENT STUDENT GRADING SYSTEM,structured_field
GIAN-NIDHI-R0373,PRJ-0373,LOW COST INTELLIGENT MILEAGE INDICATOR IN TWO WHEELERS,structured_field
GIAN-NIDHI-R0374,PRJ-0374,SIGN TO SPEECH CONVERSION USING ANDROID PHONE FOR DUMB PEOPLE,structured_field
GIAN-NIDHI-R0375,PRJ-0375,SMART DUSTBIN,structured_field
GIAN-NIDHI-R0376,PRJ-0376,SMART HELMET,structured_field
GIAN-NIDHI-R0377,PRJ-0377,SMART SYSTEM FOR HISTORICAL MONUMENTS USING IOT,structured_field
GIAN-NIDHI-R0378,PRJ-0378,TRAFFIC CONTROL USING IMAGE PROCESSING,structured_field
GIAN-NIDHI-R0379,PRJ-0379,WATER QUALITY MONITORING AND CONTROLLING OF FISHING AGRICULTURE,structured_field
GIAN-NIDHI-R0380,PRJ-0380,WOMEN SAFETY BAND,structured_field
GIAN-NIDHI-R0381,PRJ-0381,Home & Establishment's Advanced Rescue Technology,structured_field
GIAN-NIDHI-R0381,INS-0010,"Premlila Vithaldas Polytechnic, SNDT Women's University",structured_field
GIAN-NIDHI-R0382,PRJ-0382,Modern solar water heater using PCM,structured_field
GIAN-NIDHI-R0382,INS-0041,"P. V. P. I. T. Budhgaon, Sangali",structured_field
GIAN-NIDHI-R0383,PRJ-0383,Hydroelectric Generator,structured_field
GIAN-NIDHI-R0383,INS-0141,PDEA'S SRGS TOT PUNE – 28,structured_field
GIAN-NIDHI-R0384,PRJ-0384,Mini biodiesel processor,structured_field
GIAN-NIDHI-R0384,INS-0016,"Govt. Polytechnic, Khamgaon",structured_field
GIAN-NIDHI-R0385,PRJ-0385,Sewage water treatment using PLC,structured_field
GIAN-NIDHI-R0385,INS-0017,Government polytechnic Mumbai,structured_field
GIAN-NIDHI-R0386,PRJ-0386,Electric bus transist system with anticollision technology,structured_field
GIAN-NIDHI-R0386,INS-0061,"K. J. Somaiya polytechnic, Vidyanagar, Mumbai",structured_field
GIAN-NIDHI-R0387,PRJ-0387,Ozone generator,structured_field
GIAN-NIDHI-R0387,INS-0020,"Govt. Residential Women's Polytechnic, Latur",structured_field
GIAN-NIDHI-R0388,PRJ-0388,Flour mill operated by bull power,structured_field
GIAN-NIDHI-R0388,INS-0090,"SMES Institute of Tech., Polytechnic, Nashik",structured_field
GIAN-NIDHI-R0389,PRJ-0389,Water turbine and disaster management system,structured_field
GIAN-NIDHI-R0389,INS-0038,"Thakur Polytechnic, Mumbai",structured_field
GIAN-NIDHI-R0390,PRJ-0390,Freon power wheel,structured_field
GIAN-NIDHI-R0390,PRJ-0535,Freon power wheel,structured_field
GIAN-NIDHI-R0390,INS-0018,"Govt. Polytechnic, Nanded",structured_field
GIAN-NIDHI-R0391,PRJ-0391,Microprocessor based solar concentrator using D.C. Motor,structured_field
GIAN-NIDHI-R0391,INS-0012,"Govt. Polytechnic, Arvi",structured_field
GIAN-NIDHI-R0392,PRJ-0392,Empowering India Through Bio-diesel,structured_field
GIAN-NIDHI-R0392,INS-0004,"K. K. Wagh Polytechnic, Nashik",structured_field
GIAN-NIDHI-R0393,PRJ-0393,Electricity generation by using human pressure.,structured_field
GIAN-NIDHI-R0393,INS-0008,"Govt. Polytechnic, Aurangabad",structured_field
GIAN-NIDHI-R0394,PRJ-0394,Biogas as alternate fuel for automobile,structured_field
GIAN-NIDHI-R0394,INS-0045,"Amrutvahini Polytechnic, Automobile dept., A. Nagar",structured_field
GIAN-NIDHI-R0395,PRJ-0395,Low cost solar water heater,structured_field
GIAN-NIDHI-R0395,PRJ-0540,Low cost solar water heater,structured_field
GIAN-NIDHI-R0395,INS-0024,"Government Polytechnic, Miraj",structured_field
GIAN-NIDHI-R0396,PRJ-0396,Unconventional water heater,structured_field
GIAN-NIDHI-R0396,PRJ-0541,Unconventional water heater,structured_field
GIAN-NIDHI-R0396,INS-0025,"Govt. Polytechnic, Osmanabad",structured_field
GIAN-NIDHI-R0397,PRJ-0397,Solar based inverter,structured_field
GIAN-NIDHI-R0397,INS-0085,"Shri Bhagubhai Mafatlal Polytechnic, Mumbai",structured_field
GIAN-NIDHI-R0398,PRJ-0398,Portable ozone generator,structured_field
GIAN-NIDHI-R0398,INS-0007,"Priyadarshini Polytechnic, Nagpur",structured_field
GIAN-NIDHI-R0399,PRJ-0399,Partial automation of solar powered escalator,structured_field
GIAN-NIDHI-R0399,PRJ-0544,Partial automation of solar powered escalator,structured_field
GIAN-NIDHI-R0399,INS-0015,"Government Polytechnic, Washim",structured_field
GIAN-NIDHI-R0400,PRJ-0400,Low cost solar tracking system,structured_field
GIAN-NIDHI-R0400,PRJ-0545,Low cost solar tracking system,structured_field
GIAN-NIDHI-R0400,INS-0003,"K.B.P. Polytechnic, Kopargaon",structured_field
GIAN-NIDHI-R0401,PRJ-0401,Solar Operated Car,structured_field
GIAN-NIDHI-R0401,INS-0017,Government polytechnic Mumbai,structured_field
GIAN-NIDHI-R0402,PRJ-0402,Black Box For Vehicle,structured_field
GIAN-NIDHI-R0402,INS-0020,"Govt. Residential Women's Polytechnic, Latur",structured_field
GIAN-NIDHI-R0403,PRJ-0403,Echo-friendly Vehicle,structured_field
GIAN-NIDHI-R0403,INS-0034,"Gramin Polytechnic, Vishnupuri, Nanded",structured_field
GIAN-NIDHI-R0404,PRJ-0404,Automatic Car Lifter Acl,structured_field
GIAN-NIDHI-R0404,INS-0034,"Gramin Polytechnic, Vishnupuri, Nanded",structured_field
GIAN-NIDHI-R0406,PRJ-0406,Bio-bike,structured_field
GIAN-NIDHI-R0406,INS-0053,Government Polytechnic Risod Road,structured_field
GIAN-NIDHI-R0407,PRJ-0407,Newton Automatic Centrifugal Clutch,structured_field
GIAN-NIDHI-R0407,INS-0022,"S. E. S. Polytechnic, Solapur",structured_field
GIAN-NIDHI-R0408,PRJ-0408,Design Of Quadracycle With Quadra Steering,structured_field
GIAN-NIDHI-R0408,INS-0013,Thakur Polytechnic,structured_field
GIAN-NIDHI-R0409,PRJ-0409,Mobile Control Pick And Place Vehicle.,structured_field
GIAN-NIDHI-R0409,INS-0137,Padamshri Dr. Vitthalrao Vikhe Patil Institute of Technology and Engineering (Polytechnic),structured_field
GIAN-NIDHI-R0410,PRJ-0410,Air Powered Car,structured_field
GIAN-NIDHI-R0410,INS-0006,"K. J. Somaiya Polytechnic, Mumbai",structured_field
GIAN-NIDHI-R0411,PRJ-0411,Design And Fabrication Of Car For Handicap Person,structured_field
GIAN-NIDHI-R0411,INS-0014,"G. H. Raisoni polytechnic, Nagpur",structured_field
GIAN-NIDHI-R0412,PRJ-0412,Advanced Gsm Car Security System,structured_field
GIAN-NIDHI-R0412,INS-0134,"N.M.V. Polytechnic, Talegaon Dabhade, Vishnupuri, Tal: Maval",structured_field
GIAN-NIDHI-R0413,PRJ-0413,An Experimental Investigation Of Fasibility Of Acytylene As A Fuel For S I Engine,structured_field
GIAN-NIDHI-R0413,INS-0079,Priyadarshani Polytechnic,structured_field
GIAN-NIDHI-R0414,PRJ-0414,Electromagnetic Shock Absorber,structured_field
GIAN-NIDHI-R0414,INS-0003,"K.B.P. Polytechnic, Kopargaon",structured_field
GIAN-NIDHI-R0415,PRJ-0415,Throttle Body Injection System,structured_field
GIAN-NIDHI-R0415,INS-0032,"Government polytechnic, Dhule",structured_field
GIAN-NIDHI-R0416,PRJ-0416,Mini Hoist,structured_field
GIAN-NIDHI-R0416,INS-0030,Government polytechnic Pune,structured_field
GIAN-NIDHI-R0417,PRJ-0417,Orbital Cutting Machine,structured_field
GIAN-NIDHI-R0417,INS-0013,Thakur Polytechnic,structured_field
GIAN-NIDHI-R0418,PRJ-0418,Development Of Charting System For Methods And Analysis Chartsys-1 0 Software,structured_field
GIAN-NIDHI-R0418,INS-0017,Government polytechnic Mumbai,structured_field
GIAN-NIDHI-R0419,PRJ-0419,Sheet Rolling Machine With Beeding,structured_field
GIAN-NIDHI-R0419,INS-0096,"Y.B. Patil Polytechnic, Akurdi, Pune - 44",structured_field
GIAN-NIDHI-R0420,PRJ-0420,Wabiman Walking Biped Humanoid,structured_field
GIAN-NIDHI-R0420,INS-0010,"Premlila Vithaldas Polytechnic, SNDT Women's University",structured_field
GIAN-NIDHI-R0421,PRJ-0421,Fixture For Croos-hole Machining Operation Of Center Yoke,structured_field
GIAN-NIDHI-R0421,INS-0004,"K. K. Wagh Polytechnic, Nashik",structured_field
GIAN-NIDHI-R0422,PRJ-0422,Advanced Abrasive Cutting Machin,structured_field
GIAN-NIDHI-R0422,INS-0026,"Amrutvahini Polytechnic, Sangamner",structured_field
GIAN-NIDHI-R0423,PRJ-0423,Dhoop Stick Making Machine,structured_field
GIAN-NIDHI-R0423,INS-0050,"Government Polytechnic, Bramhapuri, Dist-Chandrapur",structured_field
GIAN-NIDHI-R0424,PRJ-0424,Magnetic Brake System,structured_field
GIAN-NIDHI-R0424,INS-0021,"Govt. Polytechnic, Ahmednagar",structured_field
GIAN-NIDHI-R0426,PRJ-0426,Electromagnetic Machining Process,structured_field
GIAN-NIDHI-R0426,INS-0054,"Government Polytechnic, Yavatmal",structured_field
GIAN-NIDHI-R0427,PRJ-0427,Self-acting Weighting Machine,structured_field
GIAN-NIDHI-R0427,INS-0022,"S. E. S. Polytechnic, Solapur",structured_field
GIAN-NIDHI-R0428,PRJ-0428,Eliminating Nonproductive Trolly Movement On The Shop Floor By Adopting Synchronised Hanger,structured_field
GIAN-NIDHI-R0428,INS-0015,"Government Polytechnic, Washim",structured_field
GIAN-NIDHI-R0429,PRJ-0429,Tricycle Fitted With Windmill Reducing Effort Of Pedallers,structured_field
GIAN-NIDHI-R0429,INS-0024,"Government Polytechnic, Miraj",structured_field
GIAN-NIDHI-R0430,PRJ-0430,Novel Coupling,structured_field
GIAN-NIDHI-R0430,INS-0018,"Govt. Polytechnic, Nanded",structured_field
GIAN-NIDHI-R0431,PRJ-0431,Betel Nut Cutting Machine,structured_field
GIAN-NIDHI-R0431,INS-0032,"Government polytechnic, Dhule",structured_field
GIAN-NIDHI-R0432,PRJ-0432,Ball Screw Cross Slide For Conventional Lathe,structured_field
GIAN-NIDHI-R0432,INS-0067,"New Polytechnic, Kolhapur",structured_field
GIAN-NIDHI-R0433,PRJ-0433,Wibration Based Deasel Filter Cleaner,structured_field
GIAN-NIDHI-R0433,INS-0148,SANJIVANI RURAL EDUCATION SOCIETY'S K. B.P. POLYTECHNICKOPERGAON DIST. A,structured_field
GIAN-NIDHI-R0434,PRJ-0434,An Experimental Investigation Of Thermal Performance Of Graphic Water,structured_field
GIAN-NIDHI-R0434,INS-0088,"Shri K. R. Pandav Polytechnic, Nagpur",structured_field
GIAN-NIDHI-R0435,PRJ-0435,Hydraulik Dressing Attachment For Grinder,structured_field
GIAN-NIDHI-R0435,INS-0019,"Government Polytechnic, Nashik",structured_field
GIAN-NIDHI-R0437,PRJ-0437,Self Driven Water Pump,structured_field
GIAN-NIDHI-R0437,INS-0066,Matushri Maniben Jethlal Shah Polytechnic Kasarvadavali Thane,structured_field
GIAN-NIDHI-R0438,PRJ-0438,Adujesttable Compression Ratio Compression Ignition Engine,structured_field
GIAN-NIDHI-R0438,INS-0101,"Amrutvahini Polytechnic, SangamnerAmrutvahini Polytechnic, Sangamner",structured_field
GIAN-NIDHI-R0439,PRJ-0439,Clay Cool (zero Power Refrigerator),structured_field
GIAN-NIDHI-R0439,INS-0024,"Government Polytechnic, Miraj",structured_field
GIAN-NIDHI-R0440,PRJ-0440,Rotating Solar Collector As A Steam Genrator,structured_field
GIAN-NIDHI-R0440,INS-0007,"Priyadarshini Polytechnic, Nagpur",structured_field
GIAN-NIDHI-R0441,PRJ-0441,Economical Domestic Gas Geyser,structured_field
GIAN-NIDHI-R0441,INS-0091,"T.B.G. Polytechnic, Ambejogai - 431517",structured_field
GIAN-NIDHI-R0443,PRJ-0443,Shock Proof Wiring System Title,structured_field
GIAN-NIDHI-R0443,INS-0029,"Government Polytechnic, Jalana",structured_field
GIAN-NIDHI-R0444,PRJ-0444,Positional Control System Pcs Using Microcontroller Based Stepper Motor,structured_field
GIAN-NIDHI-R0444,INS-0019,"Government Polytechnic, Nashik",structured_field
GIAN-NIDHI-R0445,PRJ-0445,Hybrid Power Generation For Multi-storey Buildings,structured_field
GIAN-NIDHI-R0445,INS-0006,"K. J. Somaiya Polytechnic, Mumbai",structured_field
GIAN-NIDHI-R0447,PRJ-0447,Digital Remote Speed Control Of A C Motor Frequency Indicator Protection Ckt,structured_field
GIAN-NIDHI-R0447,INS-0018,"Govt. Polytechnic, Nanded",structured_field
GIAN-NIDHI-R0448,PRJ-0448,Controlling Of Electrical Gadgets Using Cell Phone,structured_field
GIAN-NIDHI-R0448,INS-0087,"Shri. H.H.J.B. Polytechnic, Chandwad",structured_field
GIAN-NIDHI-R0449,PRJ-0449,Speed Control Of Sky Bus Using Microcontroller,structured_field
GIAN-NIDHI-R0449,INS-0021,"Govt. Polytechnic, Ahmednagar",structured_field
GIAN-NIDHI-R0450,PRJ-0450,Abnormal Voltage Protactor,structured_field
GIAN-NIDHI-R0450,INS-0004,"K. K. Wagh Polytechnic, Nashik",structured_field
GIAN-NIDHI-R0452,PRJ-0452,Two Channel Oscilloscope Using,structured_field
GIAN-NIDHI-R0452,INS-0019,"Government Polytechnic, Nashik",structured_field
GIAN-NIDHI-R0456,PRJ-0456,Mc 8051 Based Ir Remote Control For Machin,structured_field
GIAN-NIDHI-R0456,INS-0025,"Govt. Polytechnic, Osmanabad",structured_field
GIAN-NIDHI-R0457,PRJ-0457,Electronic Blood Pressure Measurement,structured_field
GIAN-NIDHI-R0457,INS-0084,"SES Polytechnic, Solapur",structured_field
GIAN-NIDHI-R0458,PRJ-0458,Embedded Webserver For Temperature Control,structured_field
GIAN-NIDHI-R0458,INS-0075,Pimpri – Chinchwad Polytechnic,structured_field
GIAN-NIDHI-R0459,PRJ-0459,Controlling Of Eiectromechanical Relay Using Pic 16f877a,structured_field
GIAN-NIDHI-R0459,INS-0012,"Govt. Polytechnic, Arvi",structured_field
GIAN-NIDHI-R0462,PRJ-0462,Low Cost Lcd Projector,structured_field
GIAN-NIDHI-R0462,INS-0018,"Govt. Polytechnic, Nanded",structured_field
GIAN-NIDHI-R0464,PRJ-0464,Smart Highway,structured_field
GIAN-NIDHI-R0464,INS-0015,"Government Polytechnic, Washim",structured_field
GIAN-NIDHI-R0465,PRJ-0465,Smart Security System,structured_field
GIAN-NIDHI-R0465,INS-0031,All India Shri Shivaji Memorial Society's Polytechnic,structured_field
GIAN-NIDHI-R0466,PRJ-0466,Flood Intimation Weather Reporting System,structured_field
GIAN-NIDHI-R0466,INS-0008,"Govt. Polytechnic, Aurangabad",structured_field
GIAN-NIDHI-R0467,PRJ-0467,Two Dam Automation Using Micro Rf Transmitter Receiver,structured_field
GIAN-NIDHI-R0467,INS-0021,"Govt. Polytechnic, Ahmednagar",structured_field
GIAN-NIDHI-R0470,PRJ-0470,Micro - Controller Based Low Cost Filling Plant,structured_field
GIAN-NIDHI-R0470,INS-0003,"K.B.P. Polytechnic, Kopargaon",structured_field
GIAN-NIDHI-R0471,PRJ-0471,Shirodhara An Ayurvedic Medical Treatment With Automisation,structured_field
GIAN-NIDHI-R0471,INS-0049,"Govt. Polytechnic, Amravati",structured_field
GIAN-NIDHI-R0473,PRJ-0473,Remote Operated Stepper Motor,structured_field
GIAN-NIDHI-R0473,INS-0016,"Govt. Polytechnic, Khamgaon",structured_field
GIAN-NIDHI-R0474,PRJ-0474,Electric Car,structured_field
GIAN-NIDHI-R0474,INS-0006,"K. J. Somaiya Polytechnic, Mumbai",structured_field
GIAN-NIDHI-R0475,PRJ-0475,Advanced Embedded Wireless Control System,structured_field
GIAN-NIDHI-R0475,INS-0015,"Government Polytechnic, Washim",structured_field
GIAN-NIDHI-R0476,PRJ-0476,Multi-security System For Statue,structured_field
GIAN-NIDHI-R0476,INS-0008,"Govt. Polytechnic, Aurangabad",structured_field
GIAN-NIDHI-R0477,PRJ-0477,Laser Based Communication Link Laser Based Communication Link,structured_field
GIAN-NIDHI-R0477,INS-0055,Govt. Res. Women's Polytechnic Latur,structured_field
GIAN-NIDHI-R0478,PRJ-0478,Employee Attendance Using Rfid,structured_field
GIAN-NIDHI-R0478,INS-0021,"Govt. Polytechnic, Ahmednagar",structured_field
GIAN-NIDHI-R0479,PRJ-0479,Rs 485 Based Instrumentation Lan Appliance Control,structured_field
GIAN-NIDHI-R0479,INS-0046,"D. Y. Patil Polytechnic, Akurdi Pune",structured_field
GIAN-NIDHI-R0480,PRJ-0480,Pc Controlled Conductivity Meter,structured_field
GIAN-NIDHI-R0480,INS-0122,"Karmaveer Kakasaheb Wagh Polytechnic Panchavati, Nashik",structured_field
GIAN-NIDHI-R0482,PRJ-0482,Spy Robot Spy Robot,structured_field
GIAN-NIDHI-R0482,INS-0129,Manohar Phalke Memorial Foundation's Polytechnic,structured_field
GIAN-NIDHI-R0483,PRJ-0483,Surveillance Rob,structured_field
GIAN-NIDHI-R0483,INS-0097,"Y. B. Patil Polytechnic, Pradhikaran, Akurdi, Pune",structured_field
GIAN-NIDHI-R0485,PRJ-0485,Path Recorder Retracer With 3-axis Robotic Arm,structured_field
GIAN-NIDHI-R0485,INS-0013,Thakur Polytechnic,structured_field
GIAN-NIDHI-R0486,PRJ-0486,Suraksha A Vehicle Safety Device,structured_field
GIAN-NIDHI-R0486,INS-0070,"P. V. Polytechnic, S.N.D.T. Women's University",structured_field
GIAN-NIDHI-R0487,PRJ-0487,Automatic Foll Tax System Using Rfid Technology,structured_field
GIAN-NIDHI-R0487,INS-0110,"Govt. Polytechnic, Bandra, Mumbai – 400051",structured_field
GIAN-NIDHI-R0488,PRJ-0488,Remotic Device Control Using D T M F,structured_field
GIAN-NIDHI-R0488,INS-0014,"G. H. Raisoni polytechnic, Nagpur",structured_field
GIAN-NIDHI-R0489,PRJ-0489,Pc Based Oscilloscope,structured_field
GIAN-NIDHI-R0489,INS-0152,"Shree Mahavir Education Society's Institute of Technology Polytechnic, Na",structured_field
GIAN-NIDHI-R0490,PRJ-0490,Braille Transformation Tool For Blind,structured_field
GIAN-NIDHI-R0490,INS-0100,"Amrutvahini Polytechnic, Amrutnagar, Sangamner, A.Nagar",structured_field
GIAN-NIDHI-R0491,PRJ-0491,Rf Robot Car With Video Camera,structured_field
GIAN-NIDHI-R0491,INS-0003,"K.B.P. Polytechnic, Kopargaon",structured_field
GIAN-NIDHI-R0492,PRJ-0492,Academic On Line Result System On Phone,structured_field
GIAN-NIDHI-R0492,INS-0155,T.B.G. polytechnic Ambajogai,structured_field
GIAN-NIDHI-R0493,PRJ-0493,Microcontroller Based Explosive Detector,structured_field
GIAN-NIDHI-R0493,INS-0023,Sardar Vallabhbhai Patel Polytechnic,structured_field
GIAN-NIDHI-R0494,PRJ-0494,Remote Audio Level Monitoring Control,structured_field
GIAN-NIDHI-R0494,INS-0012,"Govt. Polytechnic, Arvi",structured_field
GIAN-NIDHI-R0495,PRJ-0495,Visitor's Monitoring System Visitor's Monitoring System,structured_field
GIAN-NIDHI-R0495,INS-0095,Y. B. Patil Polytechnic,structured_field
GIAN-NIDHI-R0496,PRJ-0496,Pc - Based Equipment Switching,structured_field
GIAN-NIDHI-R0496,INS-0020,"Govt. Residential Women's Polytechnic, Latur",structured_field
GIAN-NIDHI-R0506,PRJ-0506,Pc Access Controller And Task Scheduler Package,structured_field
GIAN-NIDHI-R0506,INS-0023,Sardar Vallabhbhai Patel Polytechnic,structured_field
GIAN-NIDHI-R0507,PRJ-0507,Veri-finger Crime Detector,structured_field
GIAN-NIDHI-R0507,INS-0060,"K. B. P. Polytechnic, Ahmednagar",structured_field
GIAN-NIDHI-R0508,PRJ-0508,3-d Object Optimization And Recognition,structured_field
GIAN-NIDHI-R0508,INS-0014,"G. H. Raisoni polytechnic, Nagpur",structured_field
GIAN-NIDHI-R0509,PRJ-0509,Re-programmable Remote Control For Pc,structured_field
GIAN-NIDHI-R0509,INS-0007,"Priyadarshini Polytechnic, Nagpur",structured_field
GIAN-NIDHI-R0510,PRJ-0510,Task Reminder & Manager,structured_field
GIAN-NIDHI-R0510,INS-0048,"Ekalavya Shikshan Sanstha Polytechnic, Pune",structured_field
GIAN-NIDHI-R0512,PRJ-0512,Fm Based Data Transmission To Control Rremote Application,structured_field
GIAN-NIDHI-R0512,INS-0035,"MAEER's Sri Savitribai Phule Polytechnic, Pune",structured_field
GIAN-NIDHI-R0513,PRJ-0513,Pgp Password Cracking,structured_field
GIAN-NIDHI-R0513,INS-0068,"P.Dr.V.V.P. Polytechnic, Pravaranagar",structured_field
GIAN-NIDHI-R0515,PRJ-0515,Software Based Digital Training Kit,structured_field
GIAN-NIDHI-R0515,INS-0029,"Government Polytechnic, Jalana",structured_field
GIAN-NIDHI-R0518,PRJ-0518,Remote Operated Magnetic Train,structured_field
GIAN-NIDHI-R0518,INS-0006,"K. J. Somaiya Polytechnic, Mumbai",structured_field
GIAN-NIDHI-R0519,PRJ-0519,Control Flood Save City,structured_field
GIAN-NIDHI-R0519,INS-0008,"Govt. Polytechnic, Aurangabad",structured_field
GIAN-NIDHI-R0520,PRJ-0520,Green Building Design,structured_field
GIAN-NIDHI-R0520,INS-0004,"K. K. Wagh Polytechnic, Nashik",structured_field
GIAN-NIDHI-R0521,PRJ-0521,Working Model Of Pollution Control And Generation Of Electricity From Speed Breakers At Junction Of Road Squire,structured_field
GIAN-NIDHI-R0521,INS-0018,"Govt. Polytechnic, Nanded",structured_field
GIAN-NIDHI-R0523,PRJ-0523,Plc Based Automatic Dam Gate Controller,structured_field
GIAN-NIDHI-R0523,INS-0014,"G. H. Raisoni polytechnic, Nagpur",structured_field
GIAN-NIDHI-R0525,PRJ-0525,Bio-diesel From Jatropha,structured_field
GIAN-NIDHI-R0525,INS-0012,"Govt. Polytechnic, Arvi",structured_field
GIAN-NIDHI-R0526,PRJ-0526,Coating Powder Wastage Reducing Machine Cyclone Separator,structured_field
GIAN-NIDHI-R0526,INS-0003,"K.B.P. Polytechnic, Kopargaon",structured_field
GIAN-NIDHI-R0528,PRJ-0528,Home Establishment 's Advanced Rescue Technology,structured_field
GIAN-NIDHI-R0528,INS-0010,"Premlila Vithaldas Polytechnic, SNDT Women's University",structured_field
GIAN-NIDHI-R0529,PRJ-0529,Mini Biodiesel Processor,structured_field
GIAN-NIDHI-R0529,INS-0016,"Govt. Polytechnic, Khamgaon",structured_field
GIAN-NIDHI-R0530,PRJ-0530,Sewage Water Treatment Using Plc,structured_field
GIAN-NIDHI-R0530,INS-0017,Government polytechnic Mumbai,structured_field
GIAN-NIDHI-R0531,PRJ-0531,Electric Bus Transist System With Anticollision Technology,structured_field
GIAN-NIDHI-R0531,INS-0061,"K. J. Somaiya polytechnic, Vidyanagar, Mumbai",structured_field
GIAN-NIDHI-R0532,PRJ-0532,Ozone Generator,structured_field
GIAN-NIDHI-R0532,INS-0020,"Govt. Residential Women's Polytechnic, Latur",structured_field
GIAN-NIDHI-R0533,PRJ-0533,Flour Mill Operated By Bull Power,structured_field
GIAN-NIDHI-R0533,INS-0090,"SMES Institute of Tech., Polytechnic, Nashik",structured_field
GIAN-NIDHI-R0534,PRJ-0534,Water Turbine And Disaster Management System,structured_field
GIAN-NIDHI-R0534,INS-0038,"Thakur Polytechnic, Mumbai",structured_field
GIAN-NIDHI-R0536,PRJ-0536,Microprocessor Based Solar Concentrator Using D C Motor Microprocessor Based Solar Concentrator Using D C Motor,structured_field
GIAN-NIDHI-R0536,INS-0012,"Govt. Polytechnic, Arvi",structured_field
GIAN-NIDHI-R0537,PRJ-0537,Empowering India Through Bio-diesel,structured_field
GIAN-NIDHI-R0537,INS-0004,"K. K. Wagh Polytechnic, Nashik",structured_field
GIAN-NIDHI-R0538,PRJ-0538,Electricity Generation By Using Human Pressure,structured_field
GIAN-NIDHI-R0538,INS-0008,"Govt. Polytechnic, Aurangabad",structured_field
GIAN-NIDHI-R0539,PRJ-0539,Biogas As Alternate Fuel For Automobile,structured_field
GIAN-NIDHI-R0539,INS-0045,"Amrutvahini Polytechnic, Automobile dept., A. Nagar",structured_field
GIAN-NIDHI-R0542,PRJ-0542,Solar Based Inverter,structured_field
GIAN-NIDHI-R0542,INS-0085,"Shri Bhagubhai Mafatlal Polytechnic, Mumbai",structured_field
GIAN-NIDHI-R0543,PRJ-0543,Portable Ozone Generator,structured_field
GIAN-NIDHI-R0543,INS-0007,"Priyadarshini Polytechnic, Nagpur",structured_field
GIAN-NIDHI-R0546,PRJ-0546,Agriculture Seeds Drier,structured_field
GIAN-NIDHI-R0546,INS-0016,"Govt. Polytechnic, Khamgaon",structured_field
GIAN-NIDHI-R0548,PRJ-0548,Two Row Seed Cum Fertilizer Planter,structured_field
GIAN-NIDHI-R0548,INS-0039,D.Y. Patil Pratisthan's Y. B. Patil polytechnic,structured_field
GIAN-NIDHI-R0549,PRJ-0549,Agro Seed Flow Controlle,structured_field
GIAN-NIDHI-R0549,INS-0010,"Premlila Vithaldas Polytechnic, SNDT Women's University",structured_field
GIAN-NIDHI-R0550,PRJ-0550,Watershed Development,structured_field
GIAN-NIDHI-R0550,INS-0004,"K. K. Wagh Polytechnic, Nashik",structured_field
GIAN-NIDHI-R0551,PRJ-0551,Multipurpose Tillage Impliment,structured_field
GIAN-NIDHI-R0551,INS-0012,"Govt. Polytechnic, Arvi",structured_field
GIAN-NIDHI-R0552,PRJ-0552,Agro Mech Weed Collecting Harrow,structured_field
GIAN-NIDHI-R0552,INS-0025,"Govt. Polytechnic, Osmanabad",structured_field
GIAN-NIDHI-R0555,PRJ-0555,Multipurpose Grass Cutt,structured_field
GIAN-NIDHI-R0555,INS-0033,"Government Polytechnic, Solapur",structured_field
GIAN-NIDHI-R0556,PRJ-0556,Sugarcane Planter,structured_field
GIAN-NIDHI-R0556,INS-0003,"K.B.P. Polytechnic, Kopargaon",structured_field
GIAN-NIDHI-R0557,PRJ-0557,Computer Controlled Electrical System,structured_field
GIAN-NIDHI-R0557,INS-0019,"Government Polytechnic, Nashik",structured_field
GIAN-NIDHI-R0559,PRJ-0559,An Experimental Performance Evolution Of Vortex Tube,structured_field
GIAN-NIDHI-R0559,INS-0007,"Priyadarshini Polytechnic, Nagpur",structured_field
GIAN-NIDHI-R0560,PRJ-0560,Smart Irrigation System,structured_field
GIAN-NIDHI-R0560,INS-0003,"K.B.P. Polytechnic, Kopargaon",structured_field
GIAN-NIDHI-R0561,PRJ-0561,Electricity From Noise Polution,structured_field
GIAN-NIDHI-R0561,INS-0006,"K. J. Somaiya Polytechnic, Mumbai",structured_field
GIAN-NIDHI-R0562,PRJ-0562,Embedded Coin Operated From Vending,structured_field
GIAN-NIDHI-R0562,INS-0008,"Govt. Polytechnic, Aurangabad",structured_field
GIAN-NIDHI-R0563,PRJ-0563,Physician's Chair,structured_field
GIAN-NIDHI-R0563,INS-0010,"Premlila Vithaldas Polytechnic, SNDT Women's University",structured_field
GIAN-NIDHI-R0564,PRJ-0564,Rf Id Based Position Locatory System,structured_field
GIAN-NIDHI-R0564,INS-0010,"Premlila Vithaldas Polytechnic, SNDT Women's University",structured_field
GIAN-NIDHI-R0565,PRJ-0565,Sprash A Touch Of Help,structured_field
GIAN-NIDHI-R0565,INS-0010,"Premlila Vithaldas Polytechnic, SNDT Women's University",structured_field
GIAN-NIDHI-R0566,PRJ-0566,Power Genration From Biogas Using Bike,structured_field
GIAN-NIDHI-R0566,INS-0004,"K. K. Wagh Polytechnic, Nashik",structured_field
GIAN-NIDHI-R0567,PRJ-0567,Chainless Bicycle,structured_field
GIAN-NIDHI-R0567,INS-0038,"Thakur Polytechnic, Mumbai",structured_field
GIAN-NIDHI-R0568,PRJ-0568,Folding Car,structured_field
GIAN-NIDHI-R0568,INS-0013,Thakur Polytechnic,structured_field
GIAN-NIDHI-R0570,PRJ-0570,Advanced Pneumatic Rivef Manufacturing M C,structured_field
GIAN-NIDHI-R0570,INS-0059,K.B.P. Polytechnic,structured_field
GIAN-NIDHI-R0574,PRJ-0574,Oil Charcoal Silencer,structured_field
GIAN-NIDHI-R0574,INS-0003,"K.B.P. Polytechnic, Kopargaon",structured_field
GIAN-NIDHI-R0576,PRJ-0576,Wireless Temperature Sensing Controlling,structured_field
GIAN-NIDHI-R0576,INS-0023,Sardar Vallabhbhai Patel Polytechnic,structured_field
GIAN-NIDHI-R0578,PRJ-0578,Betel Nut Grinding Machine,structured_field
GIAN-NIDHI-R0578,INS-0003,"K.B.P. Polytechnic, Kopargaon",structured_field
GIAN-NIDHI-R0579,PRJ-0579,Spring Jack,structured_field
GIAN-NIDHI-R0579,INS-0003,"K.B.P. Polytechnic, Kopargaon",structured_field
GIAN-NIDHI-R0581,PRJ-0581,Microcontroller Based Weighing Machine,structured_field
GIAN-NIDHI-R0581,INS-0083,"Sardar Vallabhbhai patel Polytechnic, Boriwali West, Mumbai",structured_field
GIAN-NIDHI-R0582,PRJ-0582,A Study Of Work-culture In Polytechnic Environment,structured_field
GIAN-NIDHI-R0582,INS-0028,Andhra University,structured_field
GIAN-NIDHI-R0583,PRJ-0583,Student S Workculture In Polytechnic Environment,structured_field
GIAN-NIDHI-R0583,INS-0028,Andhra University,structured_field
GIAN-NIDHI-R0584,PRJ-0584,Polytechnic Education An Appraisal,structured_field
GIAN-NIDHI-R0584,INS-0028,Andhra University,structured_field
GIAN-NIDHI-R0585,PRJ-0585,Study Of Work Culture Of Polytechnic Teachers,structured_field
GIAN-NIDHI-R0585,INS-0028,Andhra University,structured_field
GIAN-NIDHI-R0586,PRJ-0586,Relational Management In Polytechnics,structured_field
GIAN-NIDHI-R0586,INS-0028,Andhra University,structured_field
GIAN-NIDHI-R0587,PRJ-0587,Wireless Telemetry,structured_field
GIAN-NIDHI-R0587,INS-0153,Shri Bagubhai Mafatlal Polytechnic,structured_field
GIAN-NIDHI-R0588,PRJ-0588,Earthquake Engineering Curriculum For Polytechnics Of Up And Uttaranchal,structured_field
GIAN-NIDHI-R0588,INS-0116,IIT-K,structured_field
GIAN-NIDHI-R0589,PRJ-0589,Gsm Based Electrical Billing And Cut-off System,structured_field
GIAN-NIDHI-R0589,INS-0099,"ACHARYA POLYTECHNIC, SOLADEVANAHALLI, BANGALORE",structured_field
GIAN-NIDHI-R0590,PRJ-0590,A Study On The Development Of Appropriate Strategies For Effective Functioning Of CommunityPolytechnic In Jharkhand,structured_field
GIAN-NIDHI-R0591,PRJ-0591,Effect Of Oxygenated Fuel With Diesel On Diesel Engine Performance And Emission,structured_field
GIAN-NIDHI-R0591,INS-0111,"Government Polytechnic, Bhuj",structured_field
GIAN-NIDHI-R0592,PRJ-0592,Planning Of Automatic Multilevel Parking In Urban Area,structured_field
GIAN-NIDHI-R0592,INS-0051,"Govt. Polytechnic, Himmatnagar",structured_field
GIAN-NIDHI-R0593,PRJ-0593,Study And Development Of Compressed Air Engine Single Cylinder,structured_field
GIAN-NIDHI-R0593,INS-0093,"Vidyabharti Trust Polytechnic, Umrakh, Bardoli, Surat",structured_field
GIAN-NIDHI-R0594,PRJ-0594,Performance And Emissoin Analysis Of Diesel Engine Using Different Fuel Additives Blend,structured_field
GIAN-NIDHI-R0594,INS-0093,"Vidyabharti Trust Polytechnic, Umrakh, Bardoli, Surat",structured_field
GIAN-NIDHI-R0595,PRJ-0595,Cost Analysis Of Sub Base And Base In Flexible Pavement Using Geosynthetic Material On Poor Sub Grade Soil,structured_field
GIAN-NIDHI-R0595,INS-0051,"Govt. Polytechnic, Himmatnagar",structured_field
GIAN-NIDHI-R0596,PRJ-0596,3-phase Mesurement Protection Monitering Equipment Using M,structured_field
GIAN-NIDHI-R0596,INS-0001,Bhagvan Mahavir Polytechnic,structured_field
GIAN-NIDHI-R0597,PRJ-0597,Attendace Recording System,structured_field
GIAN-NIDHI-R0597,INS-0001,Bhagvan Mahavir Polytechnic,structured_field
GIAN-NIDHI-R0598,PRJ-0598,Cell Phone Base Industrialapplience,structured_field
GIAN-NIDHI-R0598,INS-0001,Bhagvan Mahavir Polytechnic,structured_field
GIAN-NIDHI-R0599,PRJ-0599,Industrial Safety Using Gsm System,structured_field
GIAN-NIDHI-R0599,INS-0001,Bhagvan Mahavir Polytechnic,structured_field
GIAN-NIDHI-R0600,PRJ-0600,Automatic Room Light Control,structured_field
GIAN-NIDHI-R0600,INS-0001,Bhagvan Mahavir Polytechnic,structured_field
GIAN-NIDHI-R0601,PRJ-0601,Microcontroller Based Industrial Street Light Control,structured_field
GIAN-NIDHI-R0601,INS-0001,Bhagvan Mahavir Polytechnic,structured_field
GIAN-NIDHI-R0602,PRJ-0602,Sms Base Devise Controlling Using Gsm,structured_field
GIAN-NIDHI-R0602,INS-0001,Bhagvan Mahavir Polytechnic,structured_field
GIAN-NIDHI-R0603,PRJ-0603,Tunnel Breakage Indication System,structured_field
GIAN-NIDHI-R0603,INS-0001,Bhagvan Mahavir Polytechnic,structured_field
GIAN-NIDHI-R0604,PRJ-0604,Variable Frequency Drive,structured_field
GIAN-NIDHI-R0604,INS-0001,Bhagvan Mahavir Polytechnic,structured_field
GIAN-NIDHI-R0605,PRJ-0605,66kv Substation Model,structured_field
GIAN-NIDHI-R0605,INS-0001,Bhagvan Mahavir Polytechnic,structured_field
GIAN-NIDHI-R0606,PRJ-0606,Protection Panel Of Alternator,structured_field
GIAN-NIDHI-R0606,INS-0001,Bhagvan Mahavir Polytechnic,structured_field
GIAN-NIDHI-R0607,PRJ-0607,Automatic Powe Factor Controller Apfc Panel,structured_field
GIAN-NIDHI-R0607,INS-0001,Bhagvan Mahavir Polytechnic,structured_field
GIAN-NIDHI-R0608,PRJ-0608,Speed Control Of Bldc Motor,structured_field
GIAN-NIDHI-R0608,INS-0149,Semi Panwala Aruna Pate,structured_field
GIAN-NIDHI-R0609,PRJ-0609,Wireless Fire Extinguisher Vehicle With Water Jet Spray,structured_field
GIAN-NIDHI-R0609,INS-0001,Bhagvan Mahavir Polytechnic,structured_field
GIAN-NIDHI-R0610,PRJ-0610,Thermo-electric Generator,structured_field
GIAN-NIDHI-R0610,INS-0001,Bhagvan Mahavir Polytechnic,structured_field
GIAN-NIDHI-R0611,PRJ-0611,Permanent Magnet D C Motorspeed Control Using Scr,structured_field
GIAN-NIDHI-R0611,INS-0001,Bhagvan Mahavir Polytechnic,structured_field
GIAN-NIDHI-R0612,PRJ-0612,Online Banking System Bob,structured_field
GIAN-NIDHI-R0612,INS-0001,Bhagvan Mahavir Polytechnic,structured_field
GIAN-NIDHI-R0613,PRJ-0613,Online Shopping Cart,structured_field
GIAN-NIDHI-R0613,INS-0001,Bhagvan Mahavir Polytechnic,structured_field
GIAN-NIDHI-R0614,PRJ-0614,Online Help Desk,structured_field
GIAN-NIDHI-R0614,INS-0001,Bhagvan Mahavir Polytechnic,structured_field
GIAN-NIDHI-R0615,PRJ-0615,Online Jewellary Store,structured_field
GIAN-NIDHI-R0615,INS-0001,Bhagvan Mahavir Polytechnic,structured_field
GIAN-NIDHI-R0616,PRJ-0616,Job Management Printing System,structured_field
GIAN-NIDHI-R0616,INS-0001,Bhagvan Mahavir Polytechnic,structured_field
GIAN-NIDHI-R0617,PRJ-0617,List Claasified,structured_field
GIAN-NIDHI-R0617,INS-0001,Bhagvan Mahavir Polytechnic,structured_field
GIAN-NIDHI-R0618,PRJ-0618,Yellow Pages,structured_field
GIAN-NIDHI-R0618,INS-0001,Bhagvan Mahavir Polytechnic,structured_field
GIAN-NIDHI-R0619,PRJ-0619,Pc Integrated Gsm Model Based Ballot Voting System With Auto Reply,structured_field
GIAN-NIDHI-R0619,INS-0001,Bhagvan Mahavir Polytechnic,structured_field
GIAN-NIDHI-R0620,PRJ-0620,Construction Mamagment,structured_field
GIAN-NIDHI-R0620,INS-0001,Bhagvan Mahavir Polytechnic,structured_field
GIAN-NIDHI-R0621,PRJ-0621,Online (shopping) With Action,structured_field
GIAN-NIDHI-R0621,INS-0001,Bhagvan Mahavir Polytechnic,structured_field
GIAN-NIDHI-R0622,PRJ-0622,Rfid,structured_field
GIAN-NIDHI-R0622,INS-0001,Bhagvan Mahavir Polytechnic,structured_field
GIAN-NIDHI-R0623,PRJ-0623,Not available,structured_field
GIAN-NIDHI-R0623,INS-0001,Bhagvan Mahavir Polytechnic,structured_field
GIAN-NIDHI-R0624,PRJ-0624,Exduation Management,structured_field
GIAN-NIDHI-R0624,INS-0001,Bhagvan Mahavir Polytechnic,structured_field
GIAN-NIDHI-R0625,PRJ-0625,Goods And Transport Management,structured_field
GIAN-NIDHI-R0625,INS-0001,Bhagvan Mahavir Polytechnic,structured_field
GIAN-NIDHI-R0626,PRJ-0626,Help Desk,structured_field
GIAN-NIDHI-R0626,INS-0001,Bhagvan Mahavir Polytechnic,structured_field
GIAN-NIDHI-R0627,PRJ-0627,Not available,structured_field
GIAN-NIDHI-R0627,INS-0001,Bhagvan Mahavir Polytechnic,structured_field
GIAN-NIDHI-R0628,PRJ-0628,Not available,structured_field
GIAN-NIDHI-R0628,INS-0001,Bhagvan Mahavir Polytechnic,structured_field
GIAN-NIDHI-R0629,PRJ-0629,Not available,structured_field
GIAN-NIDHI-R0629,INS-0001,Bhagvan Mahavir Polytechnic,structured_field
GIAN-NIDHI-R0630,PRJ-0630,Not available,structured_field
GIAN-NIDHI-R0630,INS-0001,Bhagvan Mahavir Polytechnic,structured_field
GIAN-NIDHI-R0631,PRJ-0631,Not available,structured_field
GIAN-NIDHI-R0631,INS-0001,Bhagvan Mahavir Polytechnic,structured_field
GIAN-NIDHI-R0632,PRJ-0632,Not available,structured_field
GIAN-NIDHI-R0632,INS-0001,Bhagvan Mahavir Polytechnic,structured_field
GIAN-NIDHI-R0633,PRJ-0633,Not available,structured_field
GIAN-NIDHI-R0633,INS-0001,Bhagvan Mahavir Polytechnic,structured_field
GIAN-NIDHI-R0634,PRJ-0634,Inventary Management System,structured_field
GIAN-NIDHI-R0634,INS-0001,Bhagvan Mahavir Polytechnic,structured_field
GIAN-NIDHI-R0635,PRJ-0635,Geo Fencing,structured_field
GIAN-NIDHI-R0635,INS-0001,Bhagvan Mahavir Polytechnic,structured_field
GIAN-NIDHI-R0636,PRJ-0636,The Online Stock Marketing,structured_field
GIAN-NIDHI-R0636,INS-0001,Bhagvan Mahavir Polytechnic,structured_field
GIAN-NIDHI-R0637,PRJ-0637,not available,structured_field
GIAN-NIDHI-R0637,INS-0001,Bhagvan Mahavir Polytechnic,structured_field
GIAN-NIDHI-R0638,PRJ-0638,not available,structured_field
GIAN-NIDHI-R0638,INS-0001,Bhagvan Mahavir Polytechnic,structured_field
GIAN-NIDHI-R0639,PRJ-0639,Pedal Power Hacksaw,structured_field
GIAN-NIDHI-R0639,INS-0001,Bhagvan Mahavir Polytechnic,structured_field
GIAN-NIDHI-R0640,PRJ-0640,Induced Draft Pulling Tower System,structured_field
GIAN-NIDHI-R0640,INS-0001,Bhagvan Mahavir Polytechnic,structured_field
GIAN-NIDHI-R0001,PER-GN-00001,Mr. kolekar Maruti,structured_field
GIAN-NIDHI-R0001,PER-GN-00002,DhargudeMahesh Mahadev,structured_field
GIAN-NIDHI-R0001,PER-GN-00003,Ritund Sagar Vijay,structured_field
GIAN-NIDHI-R0001,PER-GN-00004,Chavare Rajkumar Laxman,structured_field
GIAN-NIDHI-R0002,PER-GN-00005,Sameer Manohar Mute,structured_field
GIAN-NIDHI-R0002,PER-GN-00006,prajwal Ramesh Nagpurkar,structured_field
GIAN-NIDHI-R0002,PER-GN-00007,Kunal Gajanan tople,structured_field
GIAN-NIDHI-R0003,PER-GN-00008,Sagaresh Tukaram Haram,structured_field
GIAN-NIDHI-R0003,PER-GN-00009,Aaksh Suresh Mahanubhav,structured_field
GIAN-NIDHI-R0003,PER-GN-00010,Darshan Sunil Chaudhari,structured_field
GIAN-NIDHI-R0003,PER-GN-00011,Saurabh Dattatray Kumbhar,structured_field
GIAN-NIDHI-R0004,PER-GN-00012,Belgi Akanksha Manoj,structured_field
GIAN-NIDHI-R0004,PER-GN-00013,Chandavale Saurabh Jalindar,structured_field
GIAN-NIDHI-R0004,PER-GN-00014,Keripale Shruti Rajkumar,structured_field
GIAN-NIDHI-R0004,PER-GN-00015,Pawar Shubhangi Vilas,structured_field
GIAN-NIDHI-R0005,PER-GN-00016,Ganesh Rajaram Khutwad,structured_field
GIAN-NIDHI-R0005,PER-GN-00017,Gaurav Nandkumar Sawant,structured_field
GIAN-NIDHI-R0005,PER-GN-00018,Chpade Vaibhav Dhanyakumar,structured_field
GIAN-NIDHI-R0005,PER-GN-00019,Rutvik Anil Dangche,structured_field
GIAN-NIDHI-R0006,PER-GN-00020,Yash Vijay Sonavane,structured_field
GIAN-NIDHI-R0006,PER-GN-00021,Ahtesham Dilawar Pathrvat,structured_field
GIAN-NIDHI-R0006,PER-GN-00022,Siddharth Sanjay Kurane,structured_field
GIAN-NIDHI-R0006,PER-GN-00023,Amit Ishwarlal Gundecha,structured_field
GIAN-NIDHI-R0007,PER-GN-00024,Lad Vishal Vasant,structured_field
GIAN-NIDHI-R0007,PER-GN-00025,Mane Omkar Satish,structured_field
GIAN-NIDHI-R0007,PER-GN-00026,Jedhe Virendra Suresh,structured_field
GIAN-NIDHI-R0007,PER-GN-00027,Dixit Ganesh Hrudaynath,structured_field
GIAN-NIDHI-R0008,PER-GN-00028,Sagar Vijay Chavan,structured_field
GIAN-NIDHI-R0008,PER-GN-00029,Karan Jitendra Mane,structured_field
GIAN-NIDHI-R0008,PER-GN-00030,Babgonda Satgonda Patil,structured_field
GIAN-NIDHI-R0008,PER-GN-00031,Rushikesh Pravin Thanedar,structured_field
GIAN-NIDHI-R0009,PER-GN-00032,Ingole Dinesh Tulshiram,structured_field
GIAN-NIDHI-R0009,PER-GN-00033,Shubham Gyanoba Khodke,structured_field
GIAN-NIDHI-R0009,PER-GN-00034,Mane Ramdas,structured_field
GIAN-NIDHI-R0009,PER-GN-00035,Ghonse Datta,structured_field
GIAN-NIDHI-R0010,PER-GN-00036,Pratiksha rangnath Tarde,structured_field
GIAN-NIDHI-R0010,PER-GN-00037,Bhagyashree Raghunath Tonpe,structured_field
GIAN-NIDHI-R0010,PER-GN-00038,Laxmi Suresh Pathrud,structured_field
GIAN-NIDHI-R0010,PER-GN-00039,Ankita Vinayak Pande,structured_field
GIAN-NIDHI-R0011,PER-GN-00040,Sayyad Yasmin Ismail,structured_field
GIAN-NIDHI-R0011,PER-GN-00041,Avhad Harshada M,structured_field
GIAN-NIDHI-R0011,PER-GN-00042,Ganjekar Reena,structured_field
GIAN-NIDHI-R0012,PER-GN-00043,Shreyas Pramod Manure,structured_field
GIAN-NIDHI-R0012,PER-GN-00044,Tukaram Kamgonda Kalkile,structured_field
GIAN-NIDHI-R0012,PER-GN-00045,Avinash Chandrakant Baigalalu,structured_field
GIAN-NIDHI-R0012,PER-GN-00046,Mahesh Yamunappa Pawar,structured_field
GIAN-NIDHI-R0013,PER-GN-00047,Rohit Sandip Patil,structured_field
GIAN-NIDHI-R0013,PER-GN-00048,Ranveer Ranjay Patil,structured_field
GIAN-NIDHI-R0013,PER-GN-00049,Amol Ravindra Mestry,structured_field
GIAN-NIDHI-R0013,PER-GN-00050,Mahesh Hindurao Padalkar,structured_field
GIAN-NIDHI-R0014,PER-GN-00051,Prasad Dilip Sanvatsarkar,structured_field
GIAN-NIDHI-R0014,PER-GN-00052,Bhagyashri Dilpi Sanvatsarkar,structured_field
GIAN-NIDHI-R0014,PER-GN-00053,Rohan Ravindra Takate,structured_field
GIAN-NIDHI-R0014,PER-GN-00054,Vishal Ramesh Wagh,structured_field
GIAN-NIDHI-R0015,PER-GN-00055,Mulani Rahim Shafi,structured_field
GIAN-NIDHI-R0015,PER-GN-00056,Bhagwat Swanand Sanjay,structured_field
GIAN-NIDHI-R0015,PER-GN-00057,Chavan Mahesh Rajendra,structured_field
GIAN-NIDHI-R0015,PER-GN-00058,Vajale Amol Ramhari,structured_field
GIAN-NIDHI-R0016,PER-GN-00059,Shubham Sanjay Throat,structured_field
GIAN-NIDHI-R0016,PER-GN-00060,Shubham Umesh Takawale,structured_field
GIAN-NIDHI-R0016,PER-GN-00061,Mohit Sanjay Sonawane,structured_field
GIAN-NIDHI-R0016,PER-GN-00062,Aditya Rajshekhar Pingle,structured_field
GIAN-NIDHI-R0017,PER-GN-00063,Sourabh Prakash Chougule,structured_field
GIAN-NIDHI-R0017,PER-GN-00064,Robin William khade,structured_field
GIAN-NIDHI-R0017,PER-GN-00065,Akash Anil Harale,structured_field
GIAN-NIDHI-R0018,PER-GN-00066,prathamesh Prasanna Bhole,structured_field
GIAN-NIDHI-R0018,PER-GN-00067,Vikas Sunil Palte,structured_field
GIAN-NIDHI-R0018,PER-GN-00068,shubham Sanjay Jadhav,structured_field
GIAN-NIDHI-R0018,PER-GN-00069,Akshay Vilas Sawant,structured_field
GIAN-NIDHI-R0019,PER-GN-00070,Mandar RavIndra Divekar,structured_field
GIAN-NIDHI-R0019,PER-GN-00071,Akash Rajendra Jagdale,structured_field
GIAN-NIDHI-R0019,PER-GN-00072,Abuzar sheikh Badam,structured_field
GIAN-NIDHI-R0019,PER-GN-00073,Avinash Changdeo Tambe,structured_field
GIAN-NIDHI-R0020,PER-GN-00074,Ajay Samadhan Jadhav,structured_field
GIAN-NIDHI-R0020,PER-GN-00075,Pavan Narayan Bhagve,structured_field
GIAN-NIDHI-R0020,PER-GN-00076,Prathmesh Manoj Kulkarni,structured_field
GIAN-NIDHI-R0020,PER-GN-00077,Pandurang Dyaneshwar Nikam,structured_field
GIAN-NIDHI-R0021,PER-GN-00078,Dube Onkar Balasaheb,structured_field
GIAN-NIDHI-R0021,PER-GN-00079,Deshmukh Rutvik Sandip,structured_field
GIAN-NIDHI-R0021,PER-GN-00080,Gaikwad Krushna Laxman,structured_field
GIAN-NIDHI-R0021,PER-GN-00081,Gajhans Sumit Bharat,structured_field
GIAN-NIDHI-R0022,PER-GN-00082,Suryawanshi Jaydeep Bhimrao,structured_field
GIAN-NIDHI-R0023,PER-GN-00083,Yogesh Pakhle,structured_field
GIAN-NIDHI-R0023,PER-GN-00084,Vaibhav Dhanawde,structured_field
GIAN-NIDHI-R0023,PER-GN-00085,Vijay MANE,structured_field
GIAN-NIDHI-R0023,PER-GN-00086,Saurabh Kulkarni,structured_field
GIAN-NIDHI-R0024,PER-GN-00087,Yash Shinde,structured_field
GIAN-NIDHI-R0024,PER-GN-00088,Meet Limbachia,structured_field
GIAN-NIDHI-R0025,PER-GN-00089,Marewar Mithul Vishnu,structured_field
GIAN-NIDHI-R0025,PER-GN-00090,Kulkarni Prashant Pralhadrao,structured_field
GIAN-NIDHI-R0025,PER-GN-00091,Jondhale Abhishek Chandrakant,structured_field
GIAN-NIDHI-R0026,PER-GN-00092,Ganesh Shrikant khanvilkar,structured_field
GIAN-NIDHI-R0026,PER-GN-00093,Ashriwad Mahesh Jogale,structured_field
GIAN-NIDHI-R0026,PER-GN-00094,Rohit Ravinder More,structured_field
GIAN-NIDHI-R0026,PER-GN-00095,Vrushabh Vilas Kadu,structured_field
GIAN-NIDHI-R0027,PER-GN-00096,Bibrale Priti Ramakant,structured_field
GIAN-NIDHI-R0028,PER-GN-00097,Rishikesh Kulkarni,structured_field
GIAN-NIDHI-R0028,PER-GN-00098,Abhinav Harichandan,structured_field
GIAN-NIDHI-R0028,PER-GN-00099,Rohit Sandeep Shirbhayye,structured_field
GIAN-NIDHI-R0028,PER-GN-00100,Prteek Bhaurao Vaidya,structured_field
GIAN-NIDHI-R0029,PER-GN-00101,Aditya Janardhan Gajmal,structured_field
GIAN-NIDHI-R0029,PER-GN-00102,Shiv prasad Devidas Kure,structured_field
GIAN-NIDHI-R0029,PER-GN-00103,Sagar Suryakant Siddheshware,structured_field
GIAN-NIDHI-R0029,PER-GN-00104,Suyash Sainath Pampatwar,structured_field
GIAN-NIDHI-R0030,PER-GN-00105,Chaitanya Prakash Shinde,structured_field
GIAN-NIDHI-R0030,PER-GN-00106,Raj Vilas kolekar,structured_field
GIAN-NIDHI-R0030,PER-GN-00107,Basappa kantappa Pujari,structured_field
GIAN-NIDHI-R0030,PER-GN-00108,Pratik bapusaheb more,structured_field
GIAN-NIDHI-R0031,PER-GN-00109,Avishkar Navnath Jambhale,structured_field
GIAN-NIDHI-R0031,PER-GN-00110,Krishna Narsu Mule,structured_field
GIAN-NIDHI-R0031,PER-GN-00111,Sandip Bansi Chandanshiv,structured_field
GIAN-NIDHI-R0031,PER-GN-00112,Ravindra Ramdas Kadam,structured_field
GIAN-NIDHI-R0032,PER-GN-00113,Ponde Mahesh,structured_field
GIAN-NIDHI-R0032,PER-GN-00114,Shinde Akshada,structured_field
GIAN-NIDHI-R0033,PER-GN-00115,Devendra S. SawantHarshal,structured_field
GIAN-NIDHI-R0033,PER-GN-00116,B. ValviSiddheshwar,structured_field
GIAN-NIDHI-R0033,PER-GN-00117,V. Madhey Mitesh,structured_field
GIAN-NIDHI-R0033,PER-GN-00118,C. Patil,structured_field
GIAN-NIDHI-R0034,PER-GN-00119,Sanket Shrikant Warudkar,structured_field
GIAN-NIDHI-R0034,PER-GN-00120,Sakharam Sharadra Deshmukhk,structured_field
GIAN-NIDHI-R0034,PER-GN-00121,Sanket Dongaonkar,structured_field
GIAN-NIDHI-R0034,PER-GN-00122,Nilesh Vasantrao Wankhede,structured_field
GIAN-NIDHI-R0034,PER-GN-00123,Ganesh Kale,structured_field
GIAN-NIDHI-R0035,PER-GN-00124,Salve Priyanka Suryakant,structured_field
GIAN-NIDHI-R0035,PER-GN-00125,Bhise Manjushree Anurath,structured_field
GIAN-NIDHI-R0035,PER-GN-00126,Sadekar Dipali Gangadhar,structured_field
GIAN-NIDHI-R0035,PER-GN-00127,Reddy Sailee Sudhakar,structured_field
GIAN-NIDHI-R0036,PER-GN-00128,Shaikh Ubaid,structured_field
GIAN-NIDHI-R0036,PER-GN-00129,Shaikh Hussain,structured_field
GIAN-NIDHI-R0036,PER-GN-00130,Palaskar Ravikiran D,structured_field
GIAN-NIDHI-R0036,PER-GN-00131,Prayag Niraj Kumar,structured_field
GIAN-NIDHI-R0036,PER-GN-00132,Shaikh Abdul Saeed,structured_field
GIAN-NIDHI-R0036,PER-GN-00133,Trimbake Mahesh,structured_field
GIAN-NIDHI-R0037,PER-GN-00134,Amol Nandlal Bedmutha,structured_field
GIAN-NIDHI-R0037,PER-GN-00135,Tarang Mahesh Gharpure,structured_field
GIAN-NIDHI-R0037,PER-GN-00136,Pratik Kantilalji Bhandari,structured_field
GIAN-NIDHI-R0037,PER-GN-00137,Amit Prakash Baraskar,structured_field
GIAN-NIDHI-R0038,PER-GN-00138,S. K. Chikane,structured_field
GIAN-NIDHI-R0038,PER-GN-00139,D. S. Sakhare,structured_field
GIAN-NIDHI-R0038,PER-GN-00140,P. S. Kawarkhe,structured_field
GIAN-NIDHI-R0038,PER-GN-00141,G. S. Joshi,structured_field
GIAN-NIDHI-R0039,PER-GN-00142,Sangramsingh F. Chouhan,structured_field
GIAN-NIDHI-R0039,PER-GN-00143,Jaykumar S. Bhattad,structured_field
GIAN-NIDHI-R0039,PER-GN-00144,Bharat Bhutada,structured_field
GIAN-NIDHI-R0039,PER-GN-00145,Nachiket N. Joshi,structured_field
GIAN-NIDHI-R0039,PER-GN-00146,Gururaj A. Utage,structured_field
GIAN-NIDHI-R0040,PER-GN-00147,Amey Sawant,structured_field
GIAN-NIDHI-R0040,PER-GN-00148,Rupesh D. Nathe,structured_field
GIAN-NIDHI-R0040,PER-GN-00149,Pawan Painjane,structured_field
GIAN-NIDHI-R0040,PER-GN-00150,Tushar Mokal,structured_field
GIAN-NIDHI-R0041,PER-GN-00151,Nitu Ramdas Khedekar,structured_field
GIAN-NIDHI-R0041,PER-GN-00152,Jyoti Gopinath Anap,structured_field
GIAN-NIDHI-R0041,PER-GN-00153,Kavita Baban Gunjal,structured_field
GIAN-NIDHI-R0041,PER-GN-00154,Archana Jaishing Rajbhoj,structured_field
GIAN-NIDHI-R0042,PER-GN-00155,Yogesh Shantaram Shanbhag,structured_field
GIAN-NIDHI-R0042,PER-GN-00156,Sujit Acchelal Sharma,structured_field
GIAN-NIDHI-R0042,PER-GN-00157,Jiten Rameshbhai,structured_field
GIAN-NIDHI-R0043,PER-GN-00158,Chetan Thakre,structured_field
GIAN-NIDHI-R0043,PER-GN-00159,Ganesh Palatkar,structured_field
GIAN-NIDHI-R0043,PER-GN-00160,Kalpak Onkar,structured_field
GIAN-NIDHI-R0043,PER-GN-00161,Amar Kathwate,structured_field
GIAN-NIDHI-R0044,PER-GN-00162,Sagar Krishna Dhande,structured_field
GIAN-NIDHI-R0044,PER-GN-00163,Prashant R. Chavare,structured_field
GIAN-NIDHI-R0044,PER-GN-00164,Sandesh Kathawate,structured_field
GIAN-NIDHI-R0044,PER-GN-00165,Abhijit Nagare,structured_field
GIAN-NIDHI-R0044,PER-GN-00166,Yuvraj Pavale,structured_field
GIAN-NIDHI-R0045,PER-GN-00167,Kapil Tupkar,structured_field
GIAN-NIDHI-R0045,PER-GN-00168,Rushikesh Kubitkar,structured_field
GIAN-NIDHI-R0045,PER-GN-00169,Swapnil Nandanwar,structured_field
GIAN-NIDHI-R0045,PER-GN-00170,Pratik Barhe,structured_field
GIAN-NIDHI-R0045,PER-GN-00171,Sagar Jichkar,structured_field
GIAN-NIDHI-R0046,PER-GN-00172,Sanket Vivek Phalak,structured_field
GIAN-NIDHI-R0046,PER-GN-00173,Sagar Subhashrao Raut,structured_field
GIAN-NIDHI-R0046,PER-GN-00174,Hemchandra Ashok Rane,structured_field
GIAN-NIDHI-R0046,PER-GN-00175,Amol Shridhar Nagpure,structured_field
GIAN-NIDHI-R0046,PER-GN-00176,Vinit Kashinath Kolte,structured_field
GIAN-NIDHI-R0047,PER-GN-00177,Shrikant Purushottam Kulkarni,structured_field
GIAN-NIDHI-R0047,PER-GN-00178,Rakesh Bhaskarrao Jagtap,structured_field
GIAN-NIDHI-R0047,PER-GN-00179,Sanjay Ashok More,structured_field
GIAN-NIDHI-R0047,PER-GN-00180,Sumeet B. Kunkari,structured_field
GIAN-NIDHI-R0047,PER-GN-00181,Virendra Brijlal Lohar,structured_field
GIAN-NIDHI-R0048,PER-GN-00182,Somnath Trimbak Sathe,structured_field
GIAN-NIDHI-R0048,PER-GN-00183,Saurabh Dattatray Kute,structured_field
GIAN-NIDHI-R0048,PER-GN-00184,Sameer Prahlad Katote,structured_field
GIAN-NIDHI-R0048,PER-GN-00185,Dinesh kumar Singh,structured_field
GIAN-NIDHI-R0048,PER-GN-00186,Atul Tukaram Shilimkar,structured_field
GIAN-NIDHI-R0048,PER-GN-00187,Sagar Sanas,structured_field
GIAN-NIDHI-R0049,PER-GN-00188,Sagar Shrirant Shewale,structured_field
GIAN-NIDHI-R0049,PER-GN-00189,Mahendra,structured_field
GIAN-NIDHI-R0049,PER-GN-00190,Shrikant Baban Chinchkar,structured_field
GIAN-NIDHI-R0049,PER-GN-00191,Pankaj Hanmantrao Mali,structured_field
GIAN-NIDHI-R0050,PER-GN-00192,Aniket M. Anavkar,structured_field
GIAN-NIDHI-R0050,PER-GN-00193,Apoorva V. Aathwale,structured_field
GIAN-NIDHI-R0050,PER-GN-00194,Kirti L. Saka,structured_field
GIAN-NIDHI-R0051,PER-GN-00195,Harsh B. Kansara,structured_field
GIAN-NIDHI-R0051,PER-GN-00196,Shantanu S. Walavalkar,structured_field
GIAN-NIDHI-R0051,PER-GN-00197,Nabil A. Solanki,structured_field
GIAN-NIDHI-R0051,PER-GN-00198,Abhishek Waruskar,structured_field
GIAN-NIDHI-R0052,PER-GN-00199,Anjali R. Dhiware,structured_field
GIAN-NIDHI-R0052,PER-GN-00200,Madhuri C. Pardhe,structured_field
GIAN-NIDHI-R0052,PER-GN-00201,Mohini N. Sakpal,structured_field
GIAN-NIDHI-R0052,PER-GN-00202,Jyoti B. Sonawane,structured_field
GIAN-NIDHI-R0053,PER-GN-00203,Shishendu S. Chakraborty,structured_field
GIAN-NIDHI-R0053,PER-GN-00204,Anand S. Chamachi,structured_field
GIAN-NIDHI-R0053,PER-GN-00205,Manoj M. Borde,structured_field
GIAN-NIDHI-R0053,PER-GN-00206,Pradeep M. Borkar,structured_field
GIAN-NIDHI-R0054,PER-GN-00207,Pooja Rajan Tanawade,structured_field
GIAN-NIDHI-R0054,PER-GN-00208,Shweta Sanjay Panwalkar,structured_field
GIAN-NIDHI-R0054,PER-GN-00209,Geetanjali Pramod,structured_field
GIAN-NIDHI-R0055,PER-GN-00210,Tosif Iqbal Mulla,structured_field
GIAN-NIDHI-R0055,PER-GN-00211,Abhinandan Shantinath Galatage,structured_field
GIAN-NIDHI-R0055,PER-GN-00212,Harish Raghunath,structured_field
GIAN-NIDHI-R0055,PER-GN-00213,Sagar Shankar Patekar,structured_field
GIAN-NIDHI-R0056,PER-GN-00214,More Yogesh Sampat,structured_field
GIAN-NIDHI-R0056,PER-GN-00215,Shirrsath Chetan Pandurang,structured_field
GIAN-NIDHI-R0056,PER-GN-00216,Kothwade Bhushan,structured_field
GIAN-NIDHI-R0057,PER-GN-00217,Bhagavat Suraj Shrikant,structured_field
GIAN-NIDHI-R0057,PER-GN-00218,Rathod Vipul Ramprasad,structured_field
GIAN-NIDHI-R0058,PER-GN-00219,Kamlesh V. Narnaware,structured_field
GIAN-NIDHI-R0058,PER-GN-00220,Hrudainath P.Raut,structured_field
GIAN-NIDHI-R0058,PER-GN-00221,Tushar P. Nagpure,structured_field
GIAN-NIDHI-R0058,PER-GN-00222,Vivek,structured_field
GIAN-NIDHI-R0059,PER-GN-00223,Shirsath Shivaji Bhagavat,structured_field
GIAN-NIDHI-R0059,PER-GN-00224,Darkunde Ganesh Ashok,structured_field
GIAN-NIDHI-R0059,PER-GN-00225,Gade Tushar,structured_field
GIAN-NIDHI-R0060,PER-GN-00226,Shinde Amit,structured_field
GIAN-NIDHI-R0060,PER-GN-00227,Yargitkar Prasad,structured_field
GIAN-NIDHI-R0060,PER-GN-00228,Pathak Rohan,structured_field
GIAN-NIDHI-R0060,PER-GN-00229,Ravi Prashant,structured_field
GIAN-NIDHI-R0061,PER-GN-00230,Gaddamwar Sagar Suryakant,structured_field
GIAN-NIDHI-R0061,PER-GN-00231,Sahasrabuddhe Sanket Anil,structured_field
GIAN-NIDHI-R0061,PER-GN-00232,Jadhao Ravikant Babarao,structured_field
GIAN-NIDHI-R0062,PER-GN-00233,Girish S. Padshetti,structured_field
GIAN-NIDHI-R0062,PER-GN-00234,Nitin S. Motgi,structured_field
GIAN-NIDHI-R0062,PER-GN-00235,Mahnish R. Chandele,structured_field
GIAN-NIDHI-R0062,PER-GN-00236,Tushar A. Shingade,structured_field
GIAN-NIDHI-R0063,PER-GN-00237,Sachin Pandurang Ingle,structured_field
GIAN-NIDHI-R0063,PER-GN-00238,Vikas Shivaji Matkar,structured_field
GIAN-NIDHI-R0063,PER-GN-00239,Jitesh Gajananrao,structured_field
GIAN-NIDHI-R0063,PER-GN-00240,S. K. Khan,structured_field
GIAN-NIDHI-R0064,PER-GN-00241,Vinayak Yeshwant,structured_field
GIAN-NIDHI-R0064,PER-GN-00242,Vikas Narayan Landge,structured_field
GIAN-NIDHI-R0064,PER-GN-00243,Nilesh Nivrutti,structured_field
GIAN-NIDHI-R0065,PER-GN-00244,Sudhir Chandrakant Maid,structured_field
GIAN-NIDHI-R0065,PER-GN-00245,Jayant Ashokrao Lasinkar,structured_field
GIAN-NIDHI-R0065,PER-GN-00246,Rahul Dwarkadas,structured_field
GIAN-NIDHI-R0065,PER-GN-00247,Abhijit Purushottam Parsewar,structured_field
GIAN-NIDHI-R0066,PER-GN-00248,Swapnil Govind Kulkarni,structured_field
GIAN-NIDHI-R0066,PER-GN-00249,Dinehs Mohan Zunjarrao,structured_field
GIAN-NIDHI-R0066,PER-GN-00250,Atul Madhukar Khairnar,structured_field
GIAN-NIDHI-R0067,PER-GN-00251,Ankit Padhey,structured_field
GIAN-NIDHI-R0067,PER-GN-00252,Deepika Vhanmarate,structured_field
GIAN-NIDHI-R0067,PER-GN-00253,Nikhil Kharode,structured_field
GIAN-NIDHI-R0067,PER-GN-00254,Nikhil Kale,structured_field
GIAN-NIDHI-R0068,PER-GN-00255,Mandar Sanjay Arwade,structured_field
GIAN-NIDHI-R0068,PER-GN-00256,Abhishek Chandrakant Mahajan,structured_field
GIAN-NIDHI-R0068,PER-GN-00257,Swapnil Shamrao Lohar,structured_field
GIAN-NIDHI-R0069,PER-GN-00258,Kiran Tukaram Devkar,structured_field
GIAN-NIDHI-R0069,PER-GN-00259,Anil Balu Bute,structured_field
GIAN-NIDHI-R0069,PER-GN-00260,Nilesh Sampatrao Devkar,structured_field
GIAN-NIDHI-R0069,PER-GN-00261,Chandrabhan Jalinder Mule,structured_field
GIAN-NIDHI-R0069,PER-GN-00262,Milind Suryabhan Game,structured_field
GIAN-NIDHI-R0070,PER-GN-00263,Joseph Shevan,structured_field
GIAN-NIDHI-R0070,PER-GN-00264,Kevin Sequera,structured_field
GIAN-NIDHI-R0070,PER-GN-00265,Kiran Balsing,structured_field
GIAN-NIDHI-R0070,PER-GN-00266,Nachiket Marathe,structured_field
GIAN-NIDHI-R0070,PER-GN-00267,Ram Kolte,structured_field
GIAN-NIDHI-R0071,PER-GN-00268,G. T. Pawar,structured_field
GIAN-NIDHI-R0071,PER-GN-00269,P. S. Vibhute,structured_field
GIAN-NIDHI-R0071,PER-GN-00270,V. B. Wargat,structured_field
GIAN-NIDHI-R0071,PER-GN-00271,S. A. Thakare,structured_field
GIAN-NIDHI-R0072,PER-GN-00272,C. L. Honwadajkar,structured_field
GIAN-NIDHI-R0072,PER-GN-00273,M.D.Irfan Lulaniya,structured_field
GIAN-NIDHI-R0072,PER-GN-00274,John Love Thomas,structured_field
GIAN-NIDHI-R0072,PER-GN-00275,Bhakti Aade,structured_field
GIAN-NIDHI-R0072,PER-GN-00276,Komal Vaidya,structured_field
GIAN-NIDHI-R0073,PER-GN-00277,Rohit S. Kadam,structured_field
GIAN-NIDHI-R0073,PER-GN-00278,Anup R. Nair,structured_field
GIAN-NIDHI-R0073,PER-GN-00279,Zameer I. Pathan,structured_field
GIAN-NIDHI-R0073,PER-GN-00280,Chetan Borse,structured_field
GIAN-NIDHI-R0074,PER-GN-00281,Grishma V. Devatar,structured_field
GIAN-NIDHI-R0074,PER-GN-00282,Krishna B. Bhavsar,structured_field
GIAN-NIDHI-R0074,PER-GN-00283,Bhranti B. Mehta,structured_field
GIAN-NIDHI-R0074,PER-GN-00284,Komal V. Modi,structured_field
GIAN-NIDHI-R0075,PER-GN-00285,Nitin Dawange,structured_field
GIAN-NIDHI-R0075,PER-GN-00286,Kuber Bhusal,structured_field
GIAN-NIDHI-R0075,PER-GN-00287,Bhushan Pawar,structured_field
GIAN-NIDHI-R0075,PER-GN-00288,Ashish Khode,structured_field
GIAN-NIDHI-R0075,PER-GN-00289,Gaurang Patel,structured_field
GIAN-NIDHI-R0076,PER-GN-00290,Dharmapal Ashokkumar Baitule,structured_field
GIAN-NIDHI-R0076,PER-GN-00291,Kalpak Sureshrao Dagwar,structured_field
GIAN-NIDHI-R0076,PER-GN-00292,Sachin Madhukarrao neware,structured_field
GIAN-NIDHI-R0076,PER-GN-00293,Devanand Vijayrao Ghate,structured_field
GIAN-NIDHI-R0076,PER-GN-00294,Gavrav Vinodrao Deshmukh,structured_field
GIAN-NIDHI-R0076,PER-GN-00295,Nilesh Marotrao Tiwaskar,structured_field
GIAN-NIDHI-R0077,PER-GN-00296,Saramad Sayyed,structured_field
GIAN-NIDHI-R0077,PER-GN-00297,Swapnil Sawant,structured_field
GIAN-NIDHI-R0077,PER-GN-00298,Dubey Vinod,structured_field
GIAN-NIDHI-R0077,PER-GN-00299,Ghadge Sushma,structured_field
GIAN-NIDHI-R0078,PER-GN-00300,D. R. Garad,structured_field
GIAN-NIDHI-R0078,PER-GN-00301,M. A. Salunke,structured_field
GIAN-NIDHI-R0078,PER-GN-00302,P. L. Kutade,structured_field
GIAN-NIDHI-R0078,PER-GN-00303,S.K. Kutade,structured_field
GIAN-NIDHI-R0078,PER-GN-00304,S. M. Patil,structured_field
GIAN-NIDHI-R0079,PER-GN-00305,Vismay V. Panchal,structured_field
GIAN-NIDHI-R0079,PER-GN-00306,shantanu Kulkarni,structured_field
GIAN-NIDHI-R0079,PER-GN-00307,Shailesh Mhatre,structured_field
GIAN-NIDHI-R0079,PER-GN-00308,Alpesh Rawal,structured_field
GIAN-NIDHI-R0080,PER-GN-00309,Gedekar Vipin,structured_field
GIAN-NIDHI-R0080,PER-GN-00310,Dhole Atul,structured_field
GIAN-NIDHI-R0080,PER-GN-00311,Yewatkar Vivek,structured_field
GIAN-NIDHI-R0080,PER-GN-00312,Naranje Rohit,structured_field
GIAN-NIDHI-R0080,PER-GN-00313,Boragamwar Nitin,structured_field
GIAN-NIDHI-R0080,PER-GN-00314,Titarmare Sandip,structured_field
GIAN-NIDHI-R0081,PER-GN-00315,Shaikh Rehan Abdul Sattar,structured_field
GIAN-NIDHI-R0081,PER-GN-00316,Salunke Yashraj Jaywant,structured_field
GIAN-NIDHI-R0081,PER-GN-00317,Shaikh Kasim Saipan,structured_field
GIAN-NIDHI-R0081,PER-GN-00318,Patil Yogesh Raman,structured_field
GIAN-NIDHI-R0082,PER-GN-00319,Shah Namarata,structured_field
GIAN-NIDHI-R0082,PER-GN-00320,Patel Pritesh,structured_field
GIAN-NIDHI-R0082,PER-GN-00321,Patel Manish,structured_field
GIAN-NIDHI-R0082,PER-GN-00322,Patel Hiren,structured_field
GIAN-NIDHI-R0083,PER-GN-00323,Bhawar Nilesh A,structured_field
GIAN-NIDHI-R0083,PER-GN-00324,Dhere Vivek V,structured_field
GIAN-NIDHI-R0083,PER-GN-00325,Gadhe Ganesh B,structured_field
GIAN-NIDHI-R0083,PER-GN-00326,Kapre Avinash S,structured_field
GIAN-NIDHI-R0083,PER-GN-00327,Deshmukh Sandip S,structured_field
GIAN-NIDHI-R0084,PER-GN-00328,Rakate Abhijit,structured_field
GIAN-NIDHI-R0084,PER-GN-00329,tamboli Abgulgani,structured_field
GIAN-NIDHI-R0084,PER-GN-00330,Patanakara Amit,structured_field
GIAN-NIDHI-R0084,PER-GN-00331,Patil Nitin,structured_field
GIAN-NIDHI-R0085,PER-GN-00332,Surani Tausif,structured_field
GIAN-NIDHI-R0085,PER-GN-00333,Singadiya Samar,structured_field
GIAN-NIDHI-R0085,PER-GN-00334,Vishwakarma Shyamasundar,structured_field
GIAN-NIDHI-R0085,PER-GN-00335,Ramdhani,structured_field
GIAN-NIDHI-R0086,PER-GN-00336,Ringe Harish,structured_field
GIAN-NIDHI-R0086,PER-GN-00337,Shingavi chetan,structured_field
GIAN-NIDHI-R0086,PER-GN-00338,joshi Dhanashree,structured_field
GIAN-NIDHI-R0086,PER-GN-00339,Arshiya njum,structured_field
GIAN-NIDHI-R0087,PER-GN-00340,Bafana Ashish,structured_field
GIAN-NIDHI-R0087,PER-GN-00341,Aher Priteh,structured_field
GIAN-NIDHI-R0087,PER-GN-00342,Gulawe Kiran,structured_field
GIAN-NIDHI-R0087,PER-GN-00343,Motakari Myur,structured_field
GIAN-NIDHI-R0087,PER-GN-00344,Patil Rohit,structured_field
GIAN-NIDHI-R0088,PER-GN-00345,Adam S,structured_field
GIAN-NIDHI-R0088,PER-GN-00346,Nagarkar A,structured_field
GIAN-NIDHI-R0088,PER-GN-00347,Dussa P,structured_field
GIAN-NIDHI-R0088,PER-GN-00348,Gaajul,structured_field
GIAN-NIDHI-R0088,PER-GN-00349,Kapase Y,structured_field
GIAN-NIDHI-R0089,PER-GN-00350,Balaji Bhalerao,structured_field
GIAN-NIDHI-R0089,PER-GN-00351,Santosh Chanchalwad,structured_field
GIAN-NIDHI-R0090,PER-GN-00352,Ashish Parmar,structured_field
GIAN-NIDHI-R0090,PER-GN-00353,Monik Shah,structured_field
GIAN-NIDHI-R0090,PER-GN-00354,Sameer Lotalikar,structured_field
GIAN-NIDHI-R0091,PER-GN-00355,Neha Shinde,structured_field
GIAN-NIDHI-R0091,PER-GN-00356,Khodankar Neha,structured_field
GIAN-NIDHI-R0091,PER-GN-00357,Moharir Harshada,structured_field
GIAN-NIDHI-R0091,PER-GN-00358,Roy Abhinav,structured_field
GIAN-NIDHI-R0092,PER-GN-00359,Pande C,structured_field
GIAN-NIDHI-R0092,PER-GN-00360,Jadhav S,structured_field
GIAN-NIDHI-R0092,PER-GN-00361,Vyas P,structured_field
GIAN-NIDHI-R0092,PER-GN-00362,Chavan V,structured_field
GIAN-NIDHI-R0092,PER-GN-00363,Sakore N,structured_field
GIAN-NIDHI-R0092,PER-GN-00364,Masne N,structured_field
GIAN-NIDHI-R0070,PER-GN-00263,Joseph Shevan,structured_field
GIAN-NIDHI-R0070,PER-GN-00264,Kevin Sequera,structured_field
GIAN-NIDHI-R0070,PER-GN-00265,Kiran Balsing,structured_field
GIAN-NIDHI-R0070,PER-GN-00266,Nachiket Marathe,structured_field
GIAN-NIDHI-R0070,PER-GN-00267,Ram Kolte,structured_field
GIAN-NIDHI-R0094,PER-GN-00268,G. T. Pawar,structured_field
GIAN-NIDHI-R0094,PER-GN-00269,P. S. Vibhute,structured_field
GIAN-NIDHI-R0094,PER-GN-00270,V. B. Wargat,structured_field
GIAN-NIDHI-R0094,PER-GN-00271,S. A. Thakare,structured_field
GIAN-NIDHI-R0072,PER-GN-00272,C. L. Honwadajkar,structured_field
GIAN-NIDHI-R0072,PER-GN-00273,M.D.Irfan Lulaniya,structured_field
GIAN-NIDHI-R0072,PER-GN-00274,John Love Thomas,structured_field
GIAN-NIDHI-R0072,PER-GN-00275,Bhakti Aade,structured_field
GIAN-NIDHI-R0072,PER-GN-00276,Komal Vaidya,structured_field
GIAN-NIDHI-R0096,PER-GN-00277,Rohit S. Kadam,structured_field
GIAN-NIDHI-R0096,PER-GN-00278,Anup R. Nair,structured_field
GIAN-NIDHI-R0096,PER-GN-00279,Zameer I. Pathan,structured_field
GIAN-NIDHI-R0096,PER-GN-00280,Chetan Borse,structured_field
GIAN-NIDHI-R0074,PER-GN-00281,Grishma V. Devatar,structured_field
GIAN-NIDHI-R0074,PER-GN-00282,Krishna B. Bhavsar,structured_field
GIAN-NIDHI-R0074,PER-GN-00283,Bhranti B. Mehta,structured_field
GIAN-NIDHI-R0074,PER-GN-00284,Komal V. Modi,structured_field
GIAN-NIDHI-R0075,PER-GN-00285,Nitin Dawange,structured_field
GIAN-NIDHI-R0075,PER-GN-00286,Kuber Bhusal,structured_field
GIAN-NIDHI-R0075,PER-GN-00287,Bhushan Pawar,structured_field
GIAN-NIDHI-R0075,PER-GN-00288,Ashish Khode,structured_field
GIAN-NIDHI-R0075,PER-GN-00289,Gaurang Patel,structured_field
GIAN-NIDHI-R0076,PER-GN-00290,Dharmapal Ashokkumar Baitule,structured_field
GIAN-NIDHI-R0076,PER-GN-00291,Kalpak Sureshrao Dagwar,structured_field
GIAN-NIDHI-R0076,PER-GN-00292,Sachin Madhukarrao neware,structured_field
GIAN-NIDHI-R0076,PER-GN-00293,Devanand Vijayrao Ghate,structured_field
GIAN-NIDHI-R0076,PER-GN-00294,Gavrav Vinodrao Deshmukh,structured_field
GIAN-NIDHI-R0076,PER-GN-00295,Nilesh Marotrao Tiwaskar,structured_field
GIAN-NIDHI-R0077,PER-GN-00296,Saramad Sayyed,structured_field
GIAN-NIDHI-R0077,PER-GN-00297,Swapnil Sawant,structured_field
GIAN-NIDHI-R0077,PER-GN-00298,Dubey Vinod,structured_field
GIAN-NIDHI-R0077,PER-GN-00299,Ghadge Sushma,structured_field
GIAN-NIDHI-R0101,PER-GN-00300,D. R. Garad,structured_field
GIAN-NIDHI-R0101,PER-GN-00301,M. A. Salunke,structured_field
GIAN-NIDHI-R0101,PER-GN-00302,P. L. Kutade,structured_field
GIAN-NIDHI-R0101,PER-GN-00303,S.K. Kutade,structured_field
GIAN-NIDHI-R0101,PER-GN-00304,S. M. Patil,structured_field
GIAN-NIDHI-R0079,PER-GN-00305,Vismay V. Panchal,structured_field
GIAN-NIDHI-R0079,PER-GN-00306,shantanu Kulkarni,structured_field
GIAN-NIDHI-R0079,PER-GN-00307,Shailesh Mhatre,structured_field
GIAN-NIDHI-R0079,PER-GN-00308,Alpesh Rawal,structured_field
GIAN-NIDHI-R0080,PER-GN-00309,Gedekar Vipin,structured_field
GIAN-NIDHI-R0080,PER-GN-00310,Dhole Atul,structured_field
GIAN-NIDHI-R0080,PER-GN-00311,Yewatkar Vivek,structured_field
GIAN-NIDHI-R0080,PER-GN-00312,Naranje Rohit,structured_field
GIAN-NIDHI-R0080,PER-GN-00313,Boragamwar Nitin,structured_field
GIAN-NIDHI-R0080,PER-GN-00314,Titarmare Sandip,structured_field
GIAN-NIDHI-R0081,PER-GN-00315,Shaikh Rehan Abdul Sattar,structured_field
GIAN-NIDHI-R0081,PER-GN-00316,Salunke Yashraj Jaywant,structured_field
GIAN-NIDHI-R0081,PER-GN-00317,Shaikh Kasim Saipan,structured_field
GIAN-NIDHI-R0081,PER-GN-00318,Patil Yogesh Raman,structured_field
GIAN-NIDHI-R0082,PER-GN-00365,Shah Namarata,structured_field
GIAN-NIDHI-R0082,PER-GN-00366,Patel Pritesh,structured_field
GIAN-NIDHI-R0082,PER-GN-00367,Patel Manish,structured_field
GIAN-NIDHI-R0082,PER-GN-00368,Patel Hiren,structured_field
GIAN-NIDHI-R0106,PER-GN-00323,Bhawar Nilesh A,structured_field
GIAN-NIDHI-R0106,PER-GN-00324,Dhere Vivek V,structured_field
GIAN-NIDHI-R0106,PER-GN-00325,Gadhe Ganesh B,structured_field
GIAN-NIDHI-R0106,PER-GN-00326,Kapre Avinash S,structured_field
GIAN-NIDHI-R0106,PER-GN-00327,Deshmukh Sandip S,structured_field
GIAN-NIDHI-R0107,PER-GN-00369,Mr. Mulay Prathamesh S,structured_field
GIAN-NIDHI-R0114,PER-GN-00370,1.Jiwanwal Abhijeet 2. Joshi Shubham,structured_field
GIAN-NIDHI-R0115,PER-GN-00371,1. Swapnil Jumbad 2. Lav Mhaske 3. Pratik Katke,structured_field
GIAN-NIDHI-R0116,PER-GN-00372,Shaikh Sameer,structured_field
GIAN-NIDHI-R0116,PER-GN-00373,Shaikh Yunus,structured_field
GIAN-NIDHI-R0116,PER-GN-00374,Shaikh Nawaj,structured_field
GIAN-NIDHI-R0116,PER-GN-00375,Shaikh Musavir,structured_field
GIAN-NIDHI-R0117,PER-GN-00376,Badgire Dhananjay,structured_field
GIAN-NIDHI-R0117,PER-GN-00377,Pathak Omkar,structured_field
GIAN-NIDHI-R0117,PER-GN-00378,Shejul Sanket,structured_field
GIAN-NIDHI-R0117,PER-GN-00379,Dhamale Nilesh,structured_field
GIAN-NIDHI-R0118,PER-GN-00380,Aakash Dhakne,structured_field
GIAN-NIDHI-R0118,PER-GN-00381,Sachin Alewad,structured_field
GIAN-NIDHI-R0118,PER-GN-00382,Kiran Kole,structured_field
GIAN-NIDHI-R0118,PER-GN-00383,Mahesh Bansode,structured_field
GIAN-NIDHI-R0119,PER-GN-00384,SHREEKRUSHAN PATIL,structured_field
GIAN-NIDHI-R0119,PER-GN-00385,SWAPNIL PAWAR,structured_field
GIAN-NIDHI-R0119,PER-GN-00386,VAIBHAV JADHAV,structured_field
GIAN-NIDHI-R0119,PER-GN-00387,SACHIN RAUT,structured_field
GIAN-NIDHI-R0120,PER-GN-00388,DUKARE GAJANAN,structured_field
GIAN-NIDHI-R0120,PER-GN-00389,YOGESH JADHAV,structured_field
GIAN-NIDHI-R0120,PER-GN-00390,YOGESH GAWANDE,structured_field
GIAN-NIDHI-R0120,PER-GN-00391,ABHIJEET KULKARNI,structured_field
GIAN-NIDHI-R0121,PER-GN-00392,Chandwade Balasaheb,structured_field
GIAN-NIDHI-R0121,PER-GN-00393,Shinde Nikita,structured_field
GIAN-NIDHI-R0121,PER-GN-00394,Pale Saurabh,structured_field
GIAN-NIDHI-R0121,PER-GN-00395,Abhijeet Khodwe,structured_field
GIAN-NIDHI-R0122,PER-GN-00396,Chinmay Deshmukh,structured_field
GIAN-NIDHI-R0122,PER-GN-00397,Balaji Gapat,structured_field
GIAN-NIDHI-R0122,PER-GN-00398,Shivraj Deshmukh,structured_field
GIAN-NIDHI-R0122,PER-GN-00399,Chaitanya Watane,structured_field
GIAN-NIDHI-R0123,PER-GN-00400,Kharat Amol,structured_field
GIAN-NIDHI-R0123,PER-GN-00401,Mule Sunil,structured_field
GIAN-NIDHI-R0123,PER-GN-00402,Mourya Navin,structured_field
GIAN-NIDHI-R0123,PER-GN-00403,Khandkhale Dipak,structured_field
GIAN-NIDHI-R0124,PER-GN-00404,MAKWANA RUSHYANG GOPALBHAI,structured_field
GIAN-NIDHI-R0124,PER-GN-00405,VAGHELA DHRUVKUMAR BHARATBHAI,structured_field
GIAN-NIDHI-R0124,PER-GN-00406,PANCHAL BHADRESHKUMAR RAMESHBHAI,structured_field
GIAN-NIDHI-R0124,PER-GN-00407,MISTRY MALAV BHAVESHKUMAR,structured_field
GIAN-NIDHI-R0125,PER-GN-00408,MORI MANOHARSINH BHARATBHAI,structured_field
GIAN-NIDHI-R0126,PER-GN-00409,Surati Ankitkumar Rameshbhai,structured_field
GIAN-NIDHI-R0127,PER-GN-00410,Patel Sneha Kalidas,structured_field
GIAN-NIDHI-R0127,PER-GN-00411,Patel Sonalben Dilipkumar,structured_field
GIAN-NIDHI-R0127,PER-GN-00412,Patel Jinaliben Ashokbhai,structured_field
GIAN-NIDHI-R0127,PER-GN-00413,Patel Vandanakumari Dilipbhai,structured_field
GIAN-NIDHI-R0128,PER-GN-00414,Potla Nisharg Manojkumar,structured_field
GIAN-NIDHI-R0128,PER-GN-00415,Amboria Ankitkumar Jayantibhai,structured_field
GIAN-NIDHI-R0128,PER-GN-00416,Patel Hemal Mayurbhai,structured_field
GIAN-NIDHI-R0129,PER-GN-00417,Sojitra Mayur Chaturbhai,structured_field
GIAN-NIDHI-R0130,PER-GN-00418,Khakhariya Divyang Chunibhai,structured_field
GIAN-NIDHI-R0131,PER-GN-00419,Sonani Nikhil Himmatbhai,structured_field
GIAN-NIDHI-R0131,PER-GN-00420,Patel Ashish Somabhai,structured_field
GIAN-NIDHI-R0131,PER-GN-00421,Prajapati Prashant Rameshbhai,structured_field
GIAN-NIDHI-R0132,PER-GN-00422,Patel Divyesh Bhikhubhai,structured_field
GIAN-NIDHI-R0132,PER-GN-00423,Solanki Hardik Ranjitsinh,structured_field
GIAN-NIDHI-R0133,PER-GN-00424,Shubham S. More,structured_field
GIAN-NIDHI-R0133,PER-GN-00425,Nilay A. Ingle,structured_field
GIAN-NIDHI-R0133,PER-GN-00426,Gajendra s. Patke,structured_field
GIAN-NIDHI-R0133,PER-GN-00427,Shyam Pradhan,structured_field
GIAN-NIDHI-R0134,PER-GN-00424,Shubham S. More,structured_field
GIAN-NIDHI-R0135,PER-GN-00428,Injulkar Prakash Ragunath,structured_field
GIAN-NIDHI-R0135,PER-GN-00429,Methe Amol Prakash,structured_field
GIAN-NIDHI-R0135,PER-GN-00430,Haval Vaijayanti Deepak,structured_field
GIAN-NIDHI-R0135,PER-GN-00431,Shah Kuntal Rajendra,structured_field
GIAN-NIDHI-R0135,PER-GN-00432,Mulla Jilani Mustak,structured_field
GIAN-NIDHI-R0136,PER-GN-00433,S.K.Shashanka,structured_field
GIAN-NIDHI-R0136,PER-GN-00434,Anurag S.Suryawanshi,structured_field
GIAN-NIDHI-R0136,PER-GN-00435,Praveen P. Satyam,structured_field
GIAN-NIDHI-R0137,PER-GN-00436,Trinetre Vineet Vijay,structured_field
GIAN-NIDHI-R0137,PER-GN-00437,Balwant Vinod Shahaji,structured_field
GIAN-NIDHI-R0137,PER-GN-00438,Rawte Sandip M,structured_field
GIAN-NIDHI-R0137,PER-GN-00439,Dhait Vishnu Asaram,structured_field
GIAN-NIDHI-R0138,PER-GN-00440,Nilesh M. Wadile,structured_field
GIAN-NIDHI-R0138,PER-GN-00441,Satyajeet R. Kapadane,structured_field
GIAN-NIDHI-R0138,PER-GN-00442,Rekha P. Thorat,structured_field
GIAN-NIDHI-R0138,PER-GN-00443,Girish d. Bramhe,structured_field
GIAN-NIDHI-R0139,PER-GN-00444,Dabhilkar Kalpesh P,structured_field
GIAN-NIDHI-R0139,PER-GN-00445,Reju Raju,structured_field
GIAN-NIDHI-R0139,PER-GN-00446,Dhanavade Amit V,structured_field
GIAN-NIDHI-R0139,PER-GN-00447,Joshi Gautam N,structured_field
GIAN-NIDHI-R0139,PER-GN-00448,Kotekgar Sudhirrao D,structured_field
GIAN-NIDHI-R0140,PER-GN-00449,Kamble Anjali Shivajirao,structured_field
GIAN-NIDHI-R0140,PER-GN-00450,Joshi Amruta Bhaskar,structured_field
GIAN-NIDHI-R0140,PER-GN-00451,Khan Tarana Taher,structured_field
GIAN-NIDHI-R0141,PER-GN-00452,Uttam Bandgar,structured_field
GIAN-NIDHI-R0141,PER-GN-00453,Vikrant V. Phatak,structured_field
GIAN-NIDHI-R0141,PER-GN-00454,Pravin V. Shirke,structured_field
GIAN-NIDHI-R0141,PER-GN-00455,Sandesh Nirbhavne,structured_field
GIAN-NIDHI-R0142,PER-GN-00456,Kottawar Neha B,structured_field
GIAN-NIDHI-R0142,PER-GN-00457,Chavan Surekha D,structured_field
GIAN-NIDHI-R0142,PER-GN-00458,Pingalkar Deepali,structured_field
GIAN-NIDHI-R0142,PER-GN-00459,S.More Sujata,structured_field
GIAN-NIDHI-R0143,PER-GN-00460,Krunal Jagdish Gajjar,structured_field
GIAN-NIDHI-R0143,PER-GN-00461,Shrikant Rangnath Gangurde,structured_field
GIAN-NIDHI-R0144,PER-GN-00462,Kamble Varsha S,structured_field
GIAN-NIDHI-R0144,PER-GN-00463,Pardeshi Arti V,structured_field
GIAN-NIDHI-R0144,PER-GN-00464,Pagire Chaitali R,structured_field
GIAN-NIDHI-R0144,PER-GN-00465,Savekar Vijaya,structured_field
GIAN-NIDHI-R0144,PER-GN-00466,Sambare Priyanka,structured_field
GIAN-NIDHI-R0145,PER-GN-00467,Sonar Hemant Vasudev,structured_field
GIAN-NIDHI-R0145,PER-GN-00468,Shimpi Amol Dharmdas,structured_field
GIAN-NIDHI-R0145,PER-GN-00469,Kurkarni Bhupendra,structured_field
GIAN-NIDHI-R0145,PER-GN-00470,Tames Varsala,structured_field
GIAN-NIDHI-R0146,PER-GN-00471,Mangaonkar Nandkishor Dyandeo,structured_field
GIAN-NIDHI-R0146,PER-GN-00472,Mulla Suhel Mohammad,structured_field
GIAN-NIDHI-R0146,PER-GN-00473,Patil Amol Hindurao,structured_field
GIAN-NIDHI-R0146,PER-GN-00474,Shinde Shrinivas Suresh,structured_field
GIAN-NIDHI-R0146,PER-GN-00475,Desai Vaibhav Vilas,structured_field
GIAN-NIDHI-R0147,PER-GN-00476,Dixit Ramesh Yogesh,structured_field
GIAN-NIDHI-R0147,PER-GN-00477,Moghe Adwait R,structured_field
GIAN-NIDHI-R0147,PER-GN-00478,Kher Savrabh R,structured_field
GIAN-NIDHI-R0147,PER-GN-00479,Vaidya Kedar V,structured_field
GIAN-NIDHI-R0147,PER-GN-00480,Pise Janhvi A,structured_field
GIAN-NIDHI-R0148,PER-GN-00481,Chillal Rohit.G,structured_field
GIAN-NIDHI-R0148,PER-GN-00482,Mehta Nikhil.M,structured_field
GIAN-NIDHI-R0148,PER-GN-00483,Hulgeri Mayuri.M,structured_field
GIAN-NIDHI-R0148,PER-GN-00484,Patil Anuja.A,structured_field
GIAN-NIDHI-R0149,PER-GN-00485,Yashwant Deshmukh,structured_field
GIAN-NIDHI-R0149,PER-GN-00486,Pratik Gohel,structured_field
GIAN-NIDHI-R0149,PER-GN-00487,Mukund Motwani,structured_field
GIAN-NIDHI-R0149,PER-GN-00488,Ankush Jangam,structured_field
GIAN-NIDHI-R0150,PER-GN-00489,Kushal Makwana,structured_field
GIAN-NIDHI-R0150,PER-GN-00490,Monil Bhat,structured_field
GIAN-NIDHI-R0150,PER-GN-00491,Palak Desai,structured_field
GIAN-NIDHI-R0151,PER-GN-00492,Vyawahare Baban,structured_field
GIAN-NIDHI-R0151,PER-GN-00493,Syed Arshad,structured_field
GIAN-NIDHI-R0151,PER-GN-00494,Bhushan .Patil,structured_field
GIAN-NIDHI-R0148,PER-GN-00481,Chillal Rohit.G,structured_field
GIAN-NIDHI-R0148,PER-GN-00482,Mehta Nikhil.M,structured_field
GIAN-NIDHI-R0148,PER-GN-00483,Hulgeri Mayuri.M,structured_field
GIAN-NIDHI-R0148,PER-GN-00484,Patil Anuja.A,structured_field
GIAN-NIDHI-R0148,PER-GN-00495,Phutane Preety.S,structured_field
GIAN-NIDHI-R0153,PER-GN-00485,Yashwant Deshmukh,structured_field
GIAN-NIDHI-R0153,PER-GN-00486,Pratik Gohel,structured_field
GIAN-NIDHI-R0153,PER-GN-00487,Mukund Motwani,structured_field
GIAN-NIDHI-R0153,PER-GN-00488,Ankush Jangam,structured_field
GIAN-NIDHI-R0154,PER-GN-00489,Kushal Makwana,structured_field
GIAN-NIDHI-R0154,PER-GN-00490,Monil Bhat,structured_field
GIAN-NIDHI-R0154,PER-GN-00491,Palak Desai,structured_field
GIAN-NIDHI-R0155,PER-GN-00492,Vyawahare Baban,structured_field
GIAN-NIDHI-R0155,PER-GN-00493,Syed Arshad,structured_field
GIAN-NIDHI-R0155,PER-GN-00494,Bhushan .Patil,structured_field
GIAN-NIDHI-R0155,PER-GN-00496,Sachin Shukla,structured_field
GIAN-NIDHI-R0156,PER-GN-00497,Hussain Khan,structured_field
GIAN-NIDHI-R0156,PER-GN-00498,Sanket Sarwad,structured_field
GIAN-NIDHI-R0156,PER-GN-00499,Raviraj Banswan,structured_field
GIAN-NIDHI-R0156,PER-GN-00500,Sharad Devare,structured_field
GIAN-NIDHI-R0156,PER-GN-00501,Mohammad Taher,structured_field
GIAN-NIDHI-R0157,PER-GN-00502,Waghmare Swati,structured_field
GIAN-NIDHI-R0157,PER-GN-00503,Tokle Shetal,structured_field
GIAN-NIDHI-R0157,PER-GN-00504,Varsha Sagar,structured_field
GIAN-NIDHI-R0157,PER-GN-00505,Yelikar Madhuri,structured_field
GIAN-NIDHI-R0158,PER-GN-00506,Rajput Virendra,structured_field
GIAN-NIDHI-R0158,PER-GN-00507,Pradep Shinde,structured_field
GIAN-NIDHI-R0159,PER-GN-00508,Belekar Apurva,structured_field
GIAN-NIDHI-R0159,PER-GN-00509,Bahirwade Punam,structured_field
GIAN-NIDHI-R0159,PER-GN-00510,Chilwal Pradnya,structured_field
GIAN-NIDHI-R0159,PER-GN-00511,Bhujbal Nita,structured_field
GIAN-NIDHI-R0159,PER-GN-00512,Wasani Sneha,structured_field
GIAN-NIDHI-R0159,PER-GN-00513,Kashid Shradha,structured_field
GIAN-NIDHI-R0160,PER-GN-00514,Kamal Singh,structured_field
GIAN-NIDHI-R0160,PER-GN-00515,Amrut Vyas,structured_field
GIAN-NIDHI-R0160,PER-GN-00516,Manoj Patil,structured_field
GIAN-NIDHI-R0160,PER-GN-00517,Monim Fatehaali,structured_field
GIAN-NIDHI-R0160,PER-GN-00518,Patel Alok,structured_field
GIAN-NIDHI-R0161,PER-GN-00519,Patel Dhavalkumar,structured_field
GIAN-NIDHI-R0161,PER-GN-00520,Pravin Rathod,structured_field
GIAN-NIDHI-R0161,PER-GN-00521,Vinit Gajendragadkar,structured_field
GIAN-NIDHI-R0161,PER-GN-00522,Rahul panes,structured_field
GIAN-NIDHI-R0161,PER-GN-00523,Prashant Dargopatil,structured_field
GIAN-NIDHI-R0161,PER-GN-00524,Shreekant Dhamdere,structured_field
GIAN-NIDHI-R0162,PER-GN-00525,Sudipto Manna,structured_field
GIAN-NIDHI-R0162,PER-GN-00526,Ripan Shah,structured_field
GIAN-NIDHI-R0162,PER-GN-00527,Ganesh Lotekar,structured_field
GIAN-NIDHI-R0162,PER-GN-00528,Swapnil Mandhre,structured_field
GIAN-NIDHI-R0163,PER-GN-00529,Kirve Swapnil,structured_field
GIAN-NIDHI-R0163,PER-GN-00530,Chandan Rao,structured_field
GIAN-NIDHI-R0163,PER-GN-00531,Mangesh Shirude,structured_field
GIAN-NIDHI-R0163,PER-GN-00532,Vaibhav Waghmare,structured_field
GIAN-NIDHI-R0163,PER-GN-00533,Ganesh Bhokse,structured_field
GIAN-NIDHI-R0164,PER-GN-00534,Agarwal Vishalkumar,structured_field
GIAN-NIDHI-R0164,PER-GN-00535,Kaustaubh Dhamankar,structured_field
GIAN-NIDHI-R0164,PER-GN-00536,NItin Kukade,structured_field
GIAN-NIDHI-R0164,PER-GN-00537,Sandip Gaikwad,structured_field
GIAN-NIDHI-R0165,PER-GN-00538,Shaheri Karan,structured_field
GIAN-NIDHI-R0165,PER-GN-00539,Mangukia Viral,structured_field
GIAN-NIDHI-R0165,PER-GN-00540,Kotecha harshil,structured_field
GIAN-NIDHI-R0165,PER-GN-00541,Vartik Akhil,structured_field
GIAN-NIDHI-R0166,PER-GN-00542,Gosaliya Pooja,structured_field
GIAN-NIDHI-R0166,PER-GN-00543,Karmokar Puja,structured_field
GIAN-NIDHI-R0166,PER-GN-00544,Borole Komal,structured_field
GIAN-NIDHI-R0166,PER-GN-00545,Naskar Momita,structured_field
GIAN-NIDHI-R0167,PER-GN-00546,Sartape Niyati,structured_field
GIAN-NIDHI-R0167,PER-GN-00547,Warke Bharti,structured_field
GIAN-NIDHI-R0167,PER-GN-00548,Piyush Deo,structured_field
GIAN-NIDHI-R0167,PER-GN-00549,Vinod Gupta,structured_field
GIAN-NIDHI-R0167,PER-GN-00550,Rupalin Mane,structured_field
GIAN-NIDHI-R0168,PER-GN-00551,Krupal Tarun,structured_field
GIAN-NIDHI-R0168,PER-GN-00552,Sachin Datir,structured_field
GIAN-NIDHI-R0168,PER-GN-00553,Aditya Rambole,structured_field
GIAN-NIDHI-R0168,PER-GN-00554,Rupesh Dhake,structured_field
GIAN-NIDHI-R0169,PER-GN-00555,Kalaspurkar Gayatri,structured_field
GIAN-NIDHI-R0169,PER-GN-00556,Dipali Giri,structured_field
GIAN-NIDHI-R0169,PER-GN-00557,Chandak Swaroop,structured_field
GIAN-NIDHI-R0169,PER-GN-00558,Nilesh Pardakhe,structured_field
GIAN-NIDHI-R0169,PER-GN-00559,Chetan Kalmegh,structured_field
GIAN-NIDHI-R0169,PER-GN-00560,Mohammad Imran,structured_field
GIAN-NIDHI-R0170,PER-GN-00561,Shah Priyank,structured_field
GIAN-NIDHI-R0170,PER-GN-00562,Rathod Snajay,structured_field
GIAN-NIDHI-R0170,PER-GN-00563,Varma Rambabu,structured_field
GIAN-NIDHI-R0171,PER-GN-00564,Aher Sachin,structured_field
GIAN-NIDHI-R0171,PER-GN-00565,Joshi Urmit,structured_field
GIAN-NIDHI-R0171,PER-GN-00566,Wale Ajit,structured_field
GIAN-NIDHI-R0172,PER-GN-00567,Rawani Aashish,structured_field
GIAN-NIDHI-R0172,PER-GN-00568,Neha Rathod,structured_field
GIAN-NIDHI-R0172,PER-GN-00569,Kshitija Tiwari,structured_field
GIAN-NIDHI-R0172,PER-GN-00570,Rahul Pande,structured_field
GIAN-NIDHI-R0173,PER-GN-00571,Kulkarni Girish,structured_field
GIAN-NIDHI-R0173,PER-GN-00572,Vinayak Shastri,structured_field
GIAN-NIDHI-R0174,PER-GN-00573,Shah Hardik,structured_field
GIAN-NIDHI-R0174,PER-GN-00574,Amita Yenji,structured_field
GIAN-NIDHI-R0174,PER-GN-00575,Dipali Gosawi,structured_field
GIAN-NIDHI-R0174,PER-GN-00576,Tushar Sartape,structured_field
GIAN-NIDHI-R0175,PER-GN-00577,Patil Rakesh,structured_field
GIAN-NIDHI-R0175,PER-GN-00578,Sunil Bhagart,structured_field
GIAN-NIDHI-R0175,PER-GN-00579,Kartavya CHirde,structured_field
GIAN-NIDHI-R0175,PER-GN-00580,Nitesh lahitkar,structured_field
GIAN-NIDHI-R0176,PER-GN-00581,Sohil Dilip Beniwal,structured_field
GIAN-NIDHI-R0176,PER-GN-00582,Sudarshan N.Bachchav,structured_field
GIAN-NIDHI-R0176,PER-GN-00583,Umesh R. Jachak,structured_field
GIAN-NIDHI-R0176,PER-GN-00584,Pavan U. Pagar,structured_field
GIAN-NIDHI-R0176,PER-GN-00585,Vipul G. Chaudhari,structured_field
GIAN-NIDHI-R0177,PER-GN-00586,Kalsi Taranjit Kaur A,structured_field
GIAN-NIDHI-R0177,PER-GN-00587,Desai Kalyani N,structured_field
GIAN-NIDHI-R0178,PER-GN-00588,Satish kumar ravi,structured_field
GIAN-NIDHI-R0178,PER-GN-00589,Dharmoji Vinayak,structured_field
GIAN-NIDHI-R0178,PER-GN-00590,Sacin Patil,structured_field
GIAN-NIDHI-R0178,PER-GN-00591,Ravi Pandey,structured_field
GIAN-NIDHI-R0179,PER-GN-00592,Mungale Abhay,structured_field
GIAN-NIDHI-R0179,PER-GN-00593,Vitonde Pratik,structured_field
GIAN-NIDHI-R0179,PER-GN-00594,Dhoble Pravin,structured_field
GIAN-NIDHI-R0179,PER-GN-00595,Dhakite Pravin,structured_field
GIAN-NIDHI-R0179,PER-GN-00596,Dhote Nitin,structured_field
GIAN-NIDHI-R0179,PER-GN-00597,Chaple Rahul,structured_field
GIAN-NIDHI-R0180,PER-GN-00598,Gaiwad Dilip Prakash,structured_field
GIAN-NIDHI-R0180,PER-GN-00599,Pangavhane Prmod Dinkar,structured_field
GIAN-NIDHI-R0180,PER-GN-00600,Gadekar Pravin Rangnath,structured_field
GIAN-NIDHI-R0180,PER-GN-00601,Pathade Amit Sunil,structured_field
GIAN-NIDHI-R0181,PER-GN-00602,Vispute Kunal,structured_field
GIAN-NIDHI-R0181,PER-GN-00603,Edake Anup,structured_field
GIAN-NIDHI-R0181,PER-GN-00604,Borse Dhiraj,structured_field
GIAN-NIDHI-R0181,PER-GN-00605,Gosavi Sujit,structured_field
GIAN-NIDHI-R0181,PER-GN-00606,Dhadwal Karan,structured_field
GIAN-NIDHI-R0181,PER-GN-00607,Angu Bomken,structured_field
GIAN-NIDHI-R0182,PER-GN-00608,Rajnish S. Zha,structured_field
GIAN-NIDHI-R0182,PER-GN-00609,Hemant N. Rampuriya,structured_field
GIAN-NIDHI-R0182,PER-GN-00610,Bharat M.Kansara,structured_field
GIAN-NIDHI-R0183,PER-GN-00611,Patil Umesh Kisan,structured_field
GIAN-NIDHI-R0183,PER-GN-00612,Patil Chandrashekhar Devidas,structured_field
GIAN-NIDHI-R0183,PER-GN-00613,Mahajan Sagar Ramdas,structured_field
GIAN-NIDHI-R0183,PER-GN-00614,Bhandarkar Hemant Kedar,structured_field
GIAN-NIDHI-R0183,PER-GN-00615,Tonge Dipak Ramdas,structured_field
GIAN-NIDHI-R0183,PER-GN-00616,Deshpande Mandar Sham,structured_field
GIAN-NIDHI-R0184,PER-GN-00617,Vayavhare Susheel Somnath,structured_field
GIAN-NIDHI-R0184,PER-GN-00618,Rajput Karnsing Jaysing,structured_field
GIAN-NIDHI-R0184,PER-GN-00619,Muley Tushar Mukund,structured_field
GIAN-NIDHI-R0184,PER-GN-00620,Kokate swati Bananarao,structured_field
GIAN-NIDHI-R0184,PER-GN-00621,Deval Anirudha Anant,structured_field
GIAN-NIDHI-R0184,PER-GN-00622,Patel Safiya Nasar,structured_field
GIAN-NIDHI-R0185,PER-GN-00623,Sagar Chandrakant Gadkar,structured_field
GIAN-NIDHI-R0185,PER-GN-00624,Amol Raghunath Kachare,structured_field
GIAN-NIDHI-R0185,PER-GN-00625,Sanjay Shivaji Kachare,structured_field
GIAN-NIDHI-R0185,PER-GN-00626,Suyog Hanmant Jadhav,structured_field
GIAN-NIDHI-R0186,PER-GN-00627,Kanabar Bansari B,structured_field
GIAN-NIDHI-R0186,PER-GN-00628,Chauhan Indu S,structured_field
GIAN-NIDHI-R0186,PER-GN-00629,Shimpi Kalpila G,structured_field
GIAN-NIDHI-R0187,PER-GN-00630,Parmar Unnati Manohar,structured_field
GIAN-NIDHI-R0187,PER-GN-00631,Parab Shilpa Rajendra,structured_field
GIAN-NIDHI-R0187,PER-GN-00632,Tajav Shital Kisan,structured_field
GIAN-NIDHI-R0187,PER-GN-00633,Qabageh Amal Yousif,structured_field
GIAN-NIDHI-R0188,PER-GN-00634,Kudav Mithila J,structured_field
GIAN-NIDHI-R0188,PER-GN-00635,Patil Deepali M,structured_field
GIAN-NIDHI-R0188,PER-GN-00636,Oza Prachi H,structured_field
GIAN-NIDHI-R0189,PER-GN-00637,Sonawne Rajesh Sopan,structured_field
GIAN-NIDHI-R0189,PER-GN-00638,Surwade Kiran Bhagwat,structured_field
GIAN-NIDHI-R0189,PER-GN-00639,Thete Nitin Ramdas,structured_field
GIAN-NIDHI-R0189,PER-GN-00640,Shinde Shrinivas Rajan,structured_field
GIAN-NIDHI-R0189,PER-GN-00641,Padhi Debasis Govardhan,structured_field
GIAN-NIDHI-R0190,PER-GN-00642,Gunatit Patel,structured_field
GIAN-NIDHI-R0190,PER-GN-00643,Vikram Sarma,structured_field
GIAN-NIDHI-R0190,PER-GN-00644,Kaustubh deshmukh,structured_field
GIAN-NIDHI-R0190,PER-GN-00645,Yash Shah,structured_field
GIAN-NIDHI-R0191,PER-GN-00646,Pratik Mistri,structured_field
GIAN-NIDHI-R0191,PER-GN-00647,Tanay Navelkar,structured_field
GIAN-NIDHI-R0191,PER-GN-00648,Prem Tiwari,structured_field
GIAN-NIDHI-R0192,PER-GN-00649,Prithviraj A. Chavan,structured_field
GIAN-NIDHI-R0192,PER-GN-00650,Krishna Yadav,structured_field
GIAN-NIDHI-R0192,PER-GN-00651,Dhananjay Sawant,structured_field
GIAN-NIDHI-R0193,PER-GN-00652,Shrikant Anna Vispute,structured_field
GIAN-NIDHI-R0193,PER-GN-00653,Pravin Pandurang Navarkar,structured_field
GIAN-NIDHI-R0193,PER-GN-00654,Pankaj Ramesh Nere,structured_field
GIAN-NIDHI-R0193,PER-GN-00655,Sangram Jabbulal Gupta,structured_field
GIAN-NIDHI-R0193,PER-GN-00656,Manoj V. Patil,structured_field
GIAN-NIDHI-R0194,PER-GN-00657,S.G. Thombre,structured_field
GIAN-NIDHI-R0194,PER-GN-00658,S.B. Swami,structured_field
GIAN-NIDHI-R0194,PER-GN-00659,P.S. Futane,structured_field
GIAN-NIDHI-R0194,PER-GN-00660,V. R. Purchunde,structured_field
GIAN-NIDHI-R0195,PER-GN-00661,Yogesh Kumar Kognole,structured_field
GIAN-NIDHI-R0195,PER-GN-00662,Swagat Vinod Kelkar,structured_field
GIAN-NIDHI-R0195,PER-GN-00663,Pravin Anil Sutar,structured_field
GIAN-NIDHI-R0195,PER-GN-00664,Kaustubh Nitin Ghodke,structured_field
GIAN-NIDHI-R0196,PER-GN-00665,Rakesh Sakharwade,structured_field
GIAN-NIDHI-R0196,PER-GN-00666,Parish Khobragade,structured_field
GIAN-NIDHI-R0196,PER-GN-00667,Abhijit GajbhiyeAniket Khandar,structured_field
GIAN-NIDHI-R0196,PER-GN-00668,Pranal Patil,structured_field
GIAN-NIDHI-R0196,PER-GN-00669,Sushant Rawale,structured_field
GIAN-NIDHI-R0197,PER-GN-00670,Hol Sagar Bhaskar,structured_field
GIAN-NIDHI-R0197,PER-GN-00671,Vaidya Samir Milind,structured_field
GIAN-NIDHI-R0197,PER-GN-00672,Pawar Bhavna Aanand,structured_field
GIAN-NIDHI-R0197,PER-GN-00673,Pakhare Neelam Dilip,structured_field
GIAN-NIDHI-R0197,PER-GN-00674,Pandit Nisha Prahlad,structured_field
GIAN-NIDHI-R0197,PER-GN-00675,Kumthekar Shruti Dilip,structured_field
GIAN-NIDHI-R0198,PER-GN-00676,Kunal A. Deshmukh,structured_field
GIAN-NIDHI-R0198,PER-GN-00677,Durgesh A. Lokhande,structured_field
GIAN-NIDHI-R0198,PER-GN-00678,Bhavik K. Tank,structured_field
GIAN-NIDHI-R0199,PER-GN-00679,Khule Praveen Jaggnath,structured_field
GIAN-NIDHI-R0199,PER-GN-00680,Jadhav manoj Vinod,structured_field
GIAN-NIDHI-R0199,PER-GN-00681,Jadhav Sachin Gorakhnath,structured_field
GIAN-NIDHI-R0199,PER-GN-00682,Salunke Jagdish Anilrao,structured_field
GIAN-NIDHI-R0199,PER-GN-00683,Kaklij Manish Madhukar,structured_field
GIAN-NIDHI-R0200,PER-GN-00684,Vishwanath M. Longani,structured_field
GIAN-NIDHI-R0200,PER-GN-00685,Madanlal R. Longani,structured_field
GIAN-NIDHI-R0200,PER-GN-00686,Shrvankumar N. Pusala,structured_field
GIAN-NIDHI-R0200,PER-GN-00687,Yogesh Y. Nimse,structured_field
GIAN-NIDHI-R0200,PER-GN-00688,Anil R. Sonwane,structured_field
GIAN-NIDHI-R0201,PER-GN-00689,Amey J. Keshkamat,structured_field
GIAN-NIDHI-R0201,PER-GN-00690,Pankaj P. Badhe,structured_field
GIAN-NIDHI-R0201,PER-GN-00691,Vishal Doshi,structured_field
GIAN-NIDHI-R0201,PER-GN-00692,Viraj Khedekar,structured_field
GIAN-NIDHI-R0202,PER-GN-00693,Manas M. Kapoor,structured_field
GIAN-NIDHI-R0202,PER-GN-00694,Ashwin M. Panikkar,structured_field
GIAN-NIDHI-R0202,PER-GN-00695,Prathamesh P. Shirwadkar,structured_field
GIAN-NIDHI-R0202,PER-GN-00696,Sahaj Dharmaraj,structured_field
GIAN-NIDHI-R0203,PER-GN-00697,Mistri Samir Bhailalbhai,structured_field
GIAN-NIDHI-R0203,PER-GN-00698,Mistri Rahul Bhailalbhai,structured_field
GIAN-NIDHI-R0203,PER-GN-00699,Patel Divyesh Chandrakant,structured_field
GIAN-NIDHI-R0203,PER-GN-00700,Mistri Chintan Maheshbhai,structured_field
GIAN-NIDHI-R0203,PER-GN-00701,Tandel Jignesh Maganbhai,structured_field
GIAN-NIDHI-R0203,PER-GN-00702,Karbhari Harshad Panditrao,structured_field
GIAN-NIDHI-R0204,PER-GN-00703,Gawali Ajit Ramesh,structured_field
GIAN-NIDHI-R0204,PER-GN-00704,Devkar Rajendra Dadasaheb,structured_field
GIAN-NIDHI-R0204,PER-GN-00705,Chandgude Amol Shriram,structured_field
GIAN-NIDHI-R0204,PER-GN-00706,Deshmukh Rahul Ashokrao,structured_field
GIAN-NIDHI-R0204,PER-GN-00707,Pawar Sagar Vijay,structured_field
GIAN-NIDHI-R0204,PER-GN-00708,Dhakane Shrikant Ambadas,structured_field
GIAN-NIDHI-R0205,PER-GN-00709,Undirwadkar Harshal Avinash,structured_field
GIAN-NIDHI-R0205,PER-GN-00710,Patil Nilendra Bharat,structured_field
GIAN-NIDHI-R0205,PER-GN-00711,Jijurkar Viresh Babanrao,structured_field
GIAN-NIDHI-R0205,PER-GN-00712,Patil Neelam Jibhau,structured_field
GIAN-NIDHI-R0206,PER-GN-00713,Tejas N.Varsekar,structured_field
GIAN-NIDHI-R0206,PER-GN-00714,Nitin D. Shetty,structured_field
GIAN-NIDHI-R0206,PER-GN-00715,Amit C. Shukla,structured_field
GIAN-NIDHI-R0206,PER-GN-00716,Sudhanshu A. Upadhay,structured_field
GIAN-NIDHI-R0207,PER-GN-00717,Imram Patel,structured_field
GIAN-NIDHI-R0207,PER-GN-00718,Deepah Chandagude,structured_field
GIAN-NIDHI-R0207,PER-GN-00719,Mosin g. shekh,structured_field
GIAN-NIDHI-R0207,PER-GN-00720,Kedar Dalavi,structured_field
GIAN-NIDHI-R0208,PER-GN-00721,Jadhav Surekha,structured_field
GIAN-NIDHI-R0208,PER-GN-00722,hinde anita,structured_field
GIAN-NIDHI-R0208,PER-GN-00723,Kalyanakar Ashvini,structured_field
GIAN-NIDHI-R0208,PER-GN-00724,Birajadar Deepali,structured_field
GIAN-NIDHI-R0208,PER-GN-00721,Jadhav Surekha,structured_field
GIAN-NIDHI-R0208,PER-GN-00722,hinde anita,structured_field
GIAN-NIDHI-R0208,PER-GN-00723,Kalyanakar Ashvini,structured_field
GIAN-NIDHI-R0208,PER-GN-00724,Birajadar Deepali,structured_field
GIAN-NIDHI-R0210,PER-GN-00725,Gaidhankar Deepak,structured_field
GIAN-NIDHI-R0210,PER-GN-00726,Deshmukh Vijay,structured_field
GIAN-NIDHI-R0210,PER-GN-00727,Mohole tejas,structured_field
GIAN-NIDHI-R0210,PER-GN-00728,Upare Amrut,structured_field
GIAN-NIDHI-R0210,PER-GN-00729,Tengale,structured_field
GIAN-NIDHI-R0210,PER-GN-00730,Sidheshwar,structured_field
GIAN-NIDHI-R0210,PER-GN-00731,Madiwal Shreenivas,structured_field
GIAN-NIDHI-R0211,PER-GN-00732,Mali Santshkumar,structured_field
GIAN-NIDHI-R0211,PER-GN-00733,Dushing Rahul,structured_field
GIAN-NIDHI-R0211,PER-GN-00734,Lokhande Ratan,structured_field
GIAN-NIDHI-R0211,PER-GN-00735,Shete Shivaprasad,structured_field
GIAN-NIDHI-R0211,PER-GN-00736,Kulakarni Akshay,structured_field
GIAN-NIDHI-R0211,PER-GN-00737,Dharmadhikari Saurabh,structured_field
GIAN-NIDHI-R0212,PER-GN-00738,Kadam Vaibhav,structured_field
GIAN-NIDHI-R0212,PER-GN-00739,Sujit Chaudhari,structured_field
GIAN-NIDHI-R0213,PER-GN-00740,Vanakar Roshani,structured_field
GIAN-NIDHI-R0213,PER-GN-00741,Patel Alapi,structured_field
GIAN-NIDHI-R0213,PER-GN-00742,Patel Ami,structured_field
GIAN-NIDHI-R0213,PER-GN-00743,Patil Rashmi,structured_field
GIAN-NIDHI-R0213,PER-GN-00744,Sanghavi Sidhi,structured_field
GIAN-NIDHI-R0214,PER-GN-00745,Rana Viraj,structured_field
GIAN-NIDHI-R0214,PER-GN-00746,Bagmar Kushal,structured_field
GIAN-NIDHI-R0214,PER-GN-00747,Salanke Yogesh,structured_field
GIAN-NIDHI-R0214,PER-GN-00748,Boraste Abhijit,structured_field
GIAN-NIDHI-R0215,PER-GN-00749,Bhujabal Aboli,structured_field
GIAN-NIDHI-R0216,PER-GN-00750,Ajay Kumar Garg,structured_field
GIAN-NIDHI-R0217,PER-GN-00751,Bildikar Amruta,structured_field
GIAN-NIDHI-R0218,PER-GN-00752,Vanaskar Vinay,structured_field
GIAN-NIDHI-R0218,PER-GN-00753,Bhagat Harish,structured_field
GIAN-NIDHI-R0218,PER-GN-00754,Waghmare Sneha,structured_field
GIAN-NIDHI-R0218,PER-GN-00755,Munne CharuShila,structured_field
GIAN-NIDHI-R0219,PER-GN-00756,Dev Devang,structured_field
GIAN-NIDHI-R0219,PER-GN-00757,Hiral Patel,structured_field
GIAN-NIDHI-R0219,PER-GN-00758,Jigar Pandya,structured_field
GIAN-NIDHI-R0219,PER-GN-00759,Ankit Nandu,structured_field
GIAN-NIDHI-R0220,PER-GN-00760,Shah Savita,structured_field
GIAN-NIDHI-R0220,PER-GN-00761,Jaju Snehal,structured_field
GIAN-NIDHI-R0220,PER-GN-00762,Runawal Pratiksha,structured_field
GIAN-NIDHI-R0220,PER-GN-00763,Tapkir Supriya,structured_field
GIAN-NIDHI-R0221,PER-GN-00764,Nehe Kiran,structured_field
GIAN-NIDHI-R0221,PER-GN-00765,Mandalik Sachin,structured_field
GIAN-NIDHI-R0221,PER-GN-00766,Shelake Tanhaji,structured_field
GIAN-NIDHI-R0222,PER-GN-00767,Pwara Kent,structured_field
GIAN-NIDHI-R0222,PER-GN-00768,Mamidi Naresh,structured_field
GIAN-NIDHI-R0223,PER-GN-00769,Patel Mihir,structured_field
GIAN-NIDHI-R0223,PER-GN-00770,Patel Rajan,structured_field
GIAN-NIDHI-R0223,PER-GN-00771,hemali Desai,structured_field
GIAN-NIDHI-R0223,PER-GN-00772,Khokhari Peeyush,structured_field
GIAN-NIDHI-R0224,PER-GN-00773,Mukharji Manzil,structured_field
GIAN-NIDHI-R0224,PER-GN-00774,Ali Afasar,structured_field
GIAN-NIDHI-R0224,PER-GN-00775,Rathi Kushal,structured_field
GIAN-NIDHI-R0224,PER-GN-00776,Sinh Pushpendra,structured_field
GIAN-NIDHI-R0225,PER-GN-00777,Rahate Nikhil,structured_field
GIAN-NIDHI-R0225,PER-GN-00778,Khanorakar Ashutosh,structured_field
GIAN-NIDHI-R0225,PER-GN-00779,Bhardwaj Utkarsh,structured_field
GIAN-NIDHI-R0225,PER-GN-00780,Kumar Vikas,structured_field
GIAN-NIDHI-R0225,PER-GN-00781,Dadawal Harvindar,structured_field
GIAN-NIDHI-R0226,PER-GN-00782,Chaugule Harshad Annaso,structured_field
GIAN-NIDHI-R0226,PER-GN-00783,Bhatter Paritosh Shankar,structured_field
GIAN-NIDHI-R0226,PER-GN-00784,Jadhav Manojkumar Mohan,structured_field
GIAN-NIDHI-R0226,PER-GN-00785,Latwade Chetan Appasaheb,structured_field
GIAN-NIDHI-R0226,PER-GN-00786,Pawar Smita Nivrutti,structured_field
GIAN-NIDHI-R0227,PER-GN-00787,Powar Ranjeet D,structured_field
GIAN-NIDHI-R0227,PER-GN-00788,Wadekar Manoj S,structured_field
GIAN-NIDHI-R0227,PER-GN-00789,Yewale Sopan B,structured_field
GIAN-NIDHI-R0228,PER-GN-00790,Atul Kanade,structured_field
GIAN-NIDHI-R0228,PER-GN-00791,Vipul Tiwari,structured_field
GIAN-NIDHI-R0228,PER-GN-00792,Vijay Jain,structured_field
GIAN-NIDHI-R0228,PER-GN-00793,Niladri Roy,structured_field
GIAN-NIDHI-R0229,PER-GN-00794,Mhatre Hitesh,structured_field
GIAN-NIDHI-R0229,PER-GN-00795,Panchal Bhavesh,structured_field
GIAN-NIDHI-R0230,PER-GN-00796,Agrawal Vishal Kishor,structured_field
GIAN-NIDHI-R0231,PER-GN-00797,Gohil Ruchi,structured_field
GIAN-NIDHI-R0231,PER-GN-00798,Patel Hital,structured_field
GIAN-NIDHI-R0231,PER-GN-00799,Hire Dipika,structured_field
GIAN-NIDHI-R0232,PER-GN-00800,Vaktana Hemagi,structured_field
GIAN-NIDHI-R0232,PER-GN-00801,Sagvekar Akshata,structured_field
GIAN-NIDHI-R0232,PER-GN-00802,Patil Rashmi,structured_field
GIAN-NIDHI-R0232,PER-GN-00803,Mathe Jashree,structured_field
GIAN-NIDHI-R0232,PER-GN-00804,Pagdhre Revati,structured_field
GIAN-NIDHI-R0233,PER-GN-00805,Neurgaonkar Kapil,structured_field
GIAN-NIDHI-R0233,PER-GN-00806,Rakade Rahul,structured_field
GIAN-NIDHI-R0233,PER-GN-00807,Dharmadhikari Kanchan,structured_field
GIAN-NIDHI-R0234,PER-GN-00808,Hole shubhangi,structured_field
GIAN-NIDHI-R0234,PER-GN-00809,Shinde Asha,structured_field
GIAN-NIDHI-R0234,PER-GN-00810,Sambhudas Aparajita,structured_field
GIAN-NIDHI-R0234,PER-GN-00811,Shekh Parveen,structured_field
GIAN-NIDHI-R0235,PER-GN-00812,Patil Nkul,structured_field
GIAN-NIDHI-R0235,PER-GN-00813,Sinalkar Swanand,structured_field
GIAN-NIDHI-R0235,PER-GN-00814,Bora Pritesh,structured_field
GIAN-NIDHI-R0235,PER-GN-00815,Hwaldar Samir,structured_field
GIAN-NIDHI-R0235,PER-GN-00816,Nikam Vinayak,structured_field
GIAN-NIDHI-R0235,PER-GN-00817,Suryavanshi Sachin,structured_field
GIAN-NIDHI-R0236,PER-GN-00818,Late Kailas,structured_field
GIAN-NIDHI-R0236,PER-GN-00819,Bodade Bharat,structured_field
GIAN-NIDHI-R0236,PER-GN-00820,Disale Sushant,structured_field
GIAN-NIDHI-R0236,PER-GN-00821,Thakare Shivaji,structured_field
GIAN-NIDHI-R0237,PER-GN-00822,Pedanekar Sakent,structured_field
GIAN-NIDHI-R0237,PER-GN-00823,Dhandhukai Davesh,structured_field
GIAN-NIDHI-R0237,PER-GN-00824,Sayed Mamoon,structured_field
GIAN-NIDHI-R0237,PER-GN-00825,Ansari Farid,structured_field
GIAN-NIDHI-R0238,PER-GN-00826,Thakare Ashwini,structured_field
GIAN-NIDHI-R0238,PER-GN-00827,Nimodiya Radhika,structured_field
GIAN-NIDHI-R0238,PER-GN-00828,Kharbade Hemant,structured_field
GIAN-NIDHI-R0238,PER-GN-00829,Lokhande Yogesh,structured_field
GIAN-NIDHI-R0239,PER-GN-00830,Kale Amruta Ramesh,structured_field
GIAN-NIDHI-R0239,PER-GN-00831,Ghonge Mangesh Manikrao,structured_field
GIAN-NIDHI-R0239,PER-GN-00832,Lodha Sandesh Sumatilalji,structured_field
GIAN-NIDHI-R0239,PER-GN-00833,Tone Namarata,structured_field
GIAN-NIDHI-R0240,PER-GN-00834,Chandak Komal Dilip,structured_field
GIAN-NIDHI-R0240,PER-GN-00835,Pathak Priyanka M,structured_field
GIAN-NIDHI-R0240,PER-GN-00836,Pande Rutuja P,structured_field
GIAN-NIDHI-R0240,PER-GN-00837,Tantarpale Nilesh Y,structured_field
GIAN-NIDHI-R0241,PER-GN-00838,Ketki Nandkishore Kalaspurkar,structured_field
GIAN-NIDHI-R0241,PER-GN-00839,Gaurav Sharma,structured_field
GIAN-NIDHI-R0241,PER-GN-00840,Suchita R. Wankhede,structured_field
GIAN-NIDHI-R0241,PER-GN-00841,Sonal Vijayrao Borkar,structured_field
GIAN-NIDHI-R0242,PER-GN-00842,Kedarnath Chaudhary,structured_field
GIAN-NIDHI-R0242,PER-GN-00843,Hemang Patel,structured_field
GIAN-NIDHI-R0242,PER-GN-00844,Tushar V.Amrutia,structured_field
GIAN-NIDHI-R0242,PER-GN-00845,Ravindra Bagal,structured_field
GIAN-NIDHI-R0243,PER-GN-00846,Guatam Deepak Lele,structured_field
GIAN-NIDHI-R0243,PER-GN-00847,Sagar Sudhindra Patil,structured_field
GIAN-NIDHI-R0243,PER-GN-00848,Krushnakant Rajaram Sarda,structured_field
GIAN-NIDHI-R0243,PER-GN-00849,Amarsingh RAmsing Rajput,structured_field
GIAN-NIDHI-R0243,PER-GN-00850,Saket Umesh Bongale,structured_field
GIAN-NIDHI-R0243,PER-GN-00851,Kishore Subhash Sutar,structured_field
GIAN-NIDHI-R0244,PER-GN-00852,Amruta C. Khot,structured_field
GIAN-NIDHI-R0244,PER-GN-00853,Amruta A. Patil,structured_field
GIAN-NIDHI-R0244,PER-GN-00854,Bhagyashri K. Jagtap,structured_field
GIAN-NIDHI-R0244,PER-GN-00855,Aparna S. Kulkarni,structured_field
GIAN-NIDHI-R0244,PER-GN-00856,Prajakta P. Deshmane,structured_field
GIAN-NIDHI-R0244,PER-GN-00857,Manisha M. Magdum,structured_field
GIAN-NIDHI-R0245,PER-GN-00858,Ravindra Dattatray Mhetre,structured_field
GIAN-NIDHI-R0245,PER-GN-00859,Samish N. Kamble,structured_field
GIAN-NIDHI-R0245,PER-GN-00860,Sheetal Kumar O. Hanchate,structured_field
GIAN-NIDHI-R0246,PER-GN-00861,Sneha Nagorao Nadurkar,structured_field
GIAN-NIDHI-R0246,PER-GN-00862,Anusha Shrinivas Kaushik,structured_field
GIAN-NIDHI-R0246,PER-GN-00863,Sagar Rajendra Tawlare,structured_field
GIAN-NIDHI-R0246,PER-GN-00864,Mayank Shrikant Panke,structured_field
GIAN-NIDHI-R0246,PER-GN-00865,Kunal Vijay Khadase,structured_field
GIAN-NIDHI-R0247,PER-GN-00866,Sonam Shyamsunder Agrawal,structured_field
GIAN-NIDHI-R0247,PER-GN-00867,Swapnil Wamanrao Kude,structured_field
GIAN-NIDHI-R0247,PER-GN-00868,Pramod Dhondiba Khandare,structured_field
GIAN-NIDHI-R0248,PER-GN-00869,Amruta Gajanan Chakkarwar,structured_field
GIAN-NIDHI-R0248,PER-GN-00870,Yogesh Virendra Keshawowar,structured_field
GIAN-NIDHI-R0248,PER-GN-00871,Pradip Shriram Chavan,structured_field
GIAN-NIDHI-R0249,PER-GN-00872,Mahesh Revan Ghadge,structured_field
GIAN-NIDHI-R0249,PER-GN-00873,Mahesh Chandrakant Khulage,structured_field
GIAN-NIDHI-R0249,PER-GN-00874,Sudhir Prabhakar Ubale,structured_field
GIAN-NIDHI-R0249,PER-GN-00875,Ashish Arvind Bele,structured_field
GIAN-NIDHI-R0249,PER-GN-00876,Romesh Rai Nigam,structured_field
GIAN-NIDHI-R0250,PER-GN-00877,Minal K. Pande,structured_field
GIAN-NIDHI-R0250,PER-GN-00878,Tejashree B. Wahane,structured_field
GIAN-NIDHI-R0250,PER-GN-00879,Abhijit M. Kaypalwad,structured_field
GIAN-NIDHI-R0250,PER-GN-00880,Gaurav C. Padmawar,structured_field
GIAN-NIDHI-R0250,PER-GN-00881,Aashutosh Parate,structured_field
GIAN-NIDHI-R0251,PER-GN-00882,Pankaj Haribhau Chandankhede,structured_field
GIAN-NIDHI-R0251,PER-GN-00883,Rahul Jaswant Kariya,structured_field
GIAN-NIDHI-R0251,PER-GN-00884,Aalok Marotrao Bhute,structured_field
GIAN-NIDHI-R0251,PER-GN-00885,Komal Ghanshyam Purohit,structured_field
GIAN-NIDHI-R0251,PER-GN-00886,Manzoor Khan Pathan,structured_field
GIAN-NIDHI-R0251,PER-GN-00887,Rahul Bajpai,structured_field
GIAN-NIDHI-R0252,PER-GN-00888,Priti Deshmukh,structured_field
GIAN-NIDHI-R0252,PER-GN-00889,Shahin A. Mamdani,structured_field
GIAN-NIDHI-R0252,PER-GN-00890,Shabina R. Hirani,structured_field
GIAN-NIDHI-R0252,PER-GN-00891,lokesh R. Chawale,structured_field
GIAN-NIDHI-R0252,PER-GN-00892,Narendra D. Chandore,structured_field
GIAN-NIDHI-R0252,PER-GN-00893,Mohmad Imran Khan,structured_field
GIAN-NIDHI-R0253,PER-GN-00894,Jainab B. Bijaliwala,structured_field
GIAN-NIDHI-R0253,PER-GN-00895,Prachi P. Saynekar,structured_field
GIAN-NIDHI-R0253,PER-GN-00896,Rashmi Lokhande,structured_field
GIAN-NIDHI-R0253,PER-GN-00897,Pankaj Mehetre,structured_field
GIAN-NIDHI-R0253,PER-GN-00898,Amol S. Dullarwar,structured_field
GIAN-NIDHI-R0254,PER-GN-00899,Nikhil Gosavi,structured_field
GIAN-NIDHI-R0254,PER-GN-00900,Abhishek Gulwade,structured_field
GIAN-NIDHI-R0254,PER-GN-00901,Raju Walokar,structured_field
GIAN-NIDHI-R0254,PER-GN-00902,Vipul Dambhare,structured_field
GIAN-NIDHI-R0254,PER-GN-00903,Rahul Bahekar,structured_field
GIAN-NIDHI-R0254,PER-GN-00904,Samir Aashtikar,structured_field
GIAN-NIDHI-R0255,PER-GN-00905,Priya Zade,structured_field
GIAN-NIDHI-R0255,PER-GN-00906,Shradha S. Hinge,structured_field
GIAN-NIDHI-R0255,PER-GN-00907,Shital R. Hajare,structured_field
GIAN-NIDHI-R0255,PER-GN-00908,Harshad V. Deshmukh,structured_field
GIAN-NIDHI-R0255,PER-GN-00909,Swapnil S. Kothal,structured_field
GIAN-NIDHI-R0255,PER-GN-00910,Vishal P. Lalwani,structured_field
GIAN-NIDHI-R0256,PER-GN-00911,Pranay Prakash Jaiswal,structured_field
GIAN-NIDHI-R0256,PER-GN-00912,Tejas Dilip Kadu,structured_field
GIAN-NIDHI-R0256,PER-GN-00913,Ahatesham N. Kazi,structured_field
GIAN-NIDHI-R0256,PER-GN-00914,Ashlesha Gade,structured_field
GIAN-NIDHI-R0257,PER-GN-00915,Gedekar Priyanka P,structured_field
GIAN-NIDHI-R0257,PER-GN-00916,Meshram Sheetal H,structured_field
GIAN-NIDHI-R0257,PER-GN-00917,Kuturmare Dilip V,structured_field
GIAN-NIDHI-R0258,PER-GN-00918,Ashwini Y. Gudadhe,structured_field
GIAN-NIDHI-R0259,PER-GN-00919,Prachi Arun Walke,structured_field
GIAN-NIDHI-R0260,PER-GN-00920,Mr. Dhiraj Rajurkar,structured_field
GIAN-NIDHI-R0260,PER-GN-00921,Mr. Akash Lanjewar,structured_field
GIAN-NIDHI-R0260,PER-GN-00922,Ms. Shabda Deshmukh,structured_field
GIAN-NIDHI-R0260,PER-GN-00923,Prof. Anup Gade,structured_field
GIAN-NIDHI-R0261,PER-GN-00924,Ms. Pranali Nandanwar,structured_field
GIAN-NIDHI-R0261,PER-GN-00925,Mr. Mangesh Choudhari,structured_field
GIAN-NIDHI-R0261,PER-GN-00926,Mr.Shubham Bhadke,structured_field
GIAN-NIDHI-R0261,PER-GN-00927,Mr.Akash Kulkarni,structured_field
GIAN-NIDHI-R0261,PER-GN-00923,Prof. Anup Gade,structured_field
GIAN-NIDHI-R0262,PER-GN-00928,Miss. Sayali R. Anfat,structured_field
GIAN-NIDHI-R0263,PER-GN-00929,Ms.Ruchika Wankhede,structured_field
GIAN-NIDHI-R0263,PER-GN-00930,Mr.A.H.Gade,structured_field
GIAN-NIDHI-R0264,PER-GN-00931,Chaitali N. Surkar,structured_field
GIAN-NIDHI-R0264,PER-GN-00932,Prof. Amit Welekar,structured_field
GIAN-NIDHI-R0265,PER-GN-00933,Madhuri R. Shende,structured_field
GIAN-NIDHI-R0265,PER-GN-00932,Prof. Amit Welekar,structured_field
GIAN-NIDHI-R0266,PER-GN-00934,Monali R. Dahapute,structured_field
GIAN-NIDHI-R0266,PER-GN-00932,Prof. Amit Welekar,structured_field
GIAN-NIDHI-R0267,PER-GN-00935,Namrata M Gaurkar,structured_field
GIAN-NIDHI-R0267,PER-GN-00936,Prof. Parul Bhanarkar,structured_field
GIAN-NIDHI-R0268,PER-GN-00937,Namrata Naik,structured_field
GIAN-NIDHI-R0268,PER-GN-00938,Prof. Jayant Rohankar,structured_field
GIAN-NIDHI-R0269,PER-GN-00939,Nikita Hiwase,structured_field
GIAN-NIDHI-R0269,PER-GN-00938,Prof. Jayant Rohankar,structured_field
GIAN-NIDHI-R0270,PER-GN-00940,SHILPA A. SATONE,structured_field
GIAN-NIDHI-R0270,PER-GN-00938,Prof. Jayant Rohankar,structured_field
GIAN-NIDHI-R0271,PER-GN-00941,Roshan Sawarkar,structured_field
GIAN-NIDHI-R0271,PER-GN-00942,Shubham Bhagat,structured_field
GIAN-NIDHI-R0271,PER-GN-00943,Shubham Gedam,structured_field
GIAN-NIDHI-R0271,PER-GN-00944,Karan Shrivar,structured_field
GIAN-NIDHI-R0271,PER-GN-00945,Suryakant Todase,structured_field
GIAN-NIDHI-R0272,PER-GN-00946,Ranashashitej Pawar,structured_field
GIAN-NIDHI-R0273,PER-GN-00947,Miss Priyanka Hallale,structured_field
GIAN-NIDHI-R0274,PER-GN-00948,Snehal Mangulakar,structured_field
GIAN-NIDHI-R0274,PER-GN-00949,Shweta Munde,structured_field
GIAN-NIDHI-R0274,PER-GN-00950,Deepali Thorat,structured_field
GIAN-NIDHI-R0274,PER-GN-00951,Sheetal Tupe,structured_field
GIAN-NIDHI-R0275,PER-GN-00952,: Sneha Rajendra Patil,structured_field
GIAN-NIDHI-R0275,PER-GN-00953,Renuka Tirthraj Domale,structured_field
GIAN-NIDHI-R0275,PER-GN-00954,Supriya Laxman nandrekar Roshani Gangadhar Bansode,structured_field
GIAN-NIDHI-R0276,PER-GN-00955,Mansub S. Walekar,structured_field
GIAN-NIDHI-R0276,PER-GN-00956,Mahesh Nyayadhish,structured_field
GIAN-NIDHI-R0276,PER-GN-00957,Kanchan Chaudhari,structured_field
GIAN-NIDHI-R0277,PER-GN-00958,Deshmukh Shweta,structured_field
GIAN-NIDHI-R0277,PER-GN-00959,Pachpol Kalyani,structured_field
GIAN-NIDHI-R0277,PER-GN-00960,Raagi Prabhjyotkaur,structured_field
GIAN-NIDHI-R0277,PER-GN-00961,Talekar Tejas,structured_field
GIAN-NIDHI-R0278,PER-GN-00962,Gauri Phatate,structured_field
GIAN-NIDHI-R0278,PER-GN-00963,Divya Kabra,structured_field
GIAN-NIDHI-R0278,PER-GN-00964,Rashmi Kulkarni,structured_field
GIAN-NIDHI-R0278,PER-GN-00965,Shraddha Naik,structured_field
GIAN-NIDHI-R0279,PER-GN-00966,Kanchan U. Chungade,structured_field
GIAN-NIDHI-R0279,PER-GN-00967,Sneha J. Waghmare,structured_field
GIAN-NIDHI-R0279,PER-GN-00968,Swati V. Zendewale,structured_field
GIAN-NIDHI-R0279,PER-GN-00969,Aboli A. Ambekar,structured_field
GIAN-NIDHI-R0280,PER-GN-00970,Diksha Banswal,structured_field
GIAN-NIDHI-R0280,PER-GN-00971,Aarti dhole,structured_field
GIAN-NIDHI-R0280,PER-GN-00972,Prasanna Jadhav,structured_field
GIAN-NIDHI-R0280,PER-GN-00973,Lukesha Ferwani,structured_field
GIAN-NIDHI-R0281,PER-GN-00974,Takalkar gauri kiran,structured_field
GIAN-NIDHI-R0281,PER-GN-00975,Shelke aarti sudhakar,structured_field
GIAN-NIDHI-R0281,PER-GN-00976,Gauri nita dhananjay,structured_field
GIAN-NIDHI-R0282,PER-GN-00977,Madhuri V,structured_field
GIAN-NIDHI-R0282,PER-GN-00978,Kulkarni,structured_field
GIAN-NIDHI-R0282,PER-GN-00979,Shubhangi S. Pathade,structured_field
GIAN-NIDHI-R0282,PER-GN-00980,Vaishali M. Garje,structured_field
GIAN-NIDHI-R0283,PER-GN-00981,Aaliya Naeem Ahmed Shaikh,structured_field
GIAN-NIDHI-R0283,PER-GN-00982,Prachi Pradip Lavekar,structured_field
GIAN-NIDHI-R0283,PER-GN-00983,Priya Rajendrasingh Pardeshi,structured_field
GIAN-NIDHI-R0284,PER-GN-00984,Kishor S. Joshi,structured_field
GIAN-NIDHI-R0284,PER-GN-00985,Shubham V. Salunkhe,structured_field
GIAN-NIDHI-R0284,PER-GN-00986,Ajay D. Sirsat,structured_field
GIAN-NIDHI-R0284,PER-GN-00987,Prasanna S. Akkewar,structured_field
GIAN-NIDHI-R0285,PER-GN-00988,:- Shivani Banswal,structured_field
GIAN-NIDHI-R0285,PER-GN-00989,Ganesh Ghonsikar,structured_field
GIAN-NIDHI-R0285,PER-GN-00990,Snehal Sonwane,structured_field
GIAN-NIDHI-R0286,PER-GN-00991,Shradha S. Chaudhari,structured_field
GIAN-NIDHI-R0286,PER-GN-00992,Namrata Y. Mugdal,structured_field
GIAN-NIDHI-R0286,PER-GN-00993,Shweta A. Bagul,structured_field
GIAN-NIDHI-R0286,PER-GN-00994,Neha S. Dhongde,structured_field
GIAN-NIDHI-R0287,PER-GN-00995,Priya Harale,structured_field
GIAN-NIDHI-R0287,PER-GN-00996,Kiran Deshmukh,structured_field
GIAN-NIDHI-R0287,PER-GN-00997,Ankita Wankhede,structured_field
GIAN-NIDHI-R0288,PER-GN-00998,Akshanda Bhavasar,structured_field
GIAN-NIDHI-R0288,PER-GN-00999,Yogeshwari Bulbule,structured_field
GIAN-NIDHI-R0288,PER-GN-01000,Sonali Pawar,structured_field
GIAN-NIDHI-R0288,PER-GN-01001,Radha Waghmare,structured_field
GIAN-NIDHI-R0289,PER-GN-01002,Solanki Krunal Vijaybhai,structured_field
GIAN-NIDHI-R0289,PER-GN-01003,Patel Abhi Nareshchandra,structured_field
GIAN-NIDHI-R0290,PER-GN-01004,Kanthariya Hirenkumar Poonamchand,structured_field
GIAN-NIDHI-R0291,PER-GN-01005,Bhesaniya Jayesh Ramjibhai,structured_field
GIAN-NIDHI-R0291,PER-GN-01006,Mistry Vijal Keshavbhai,structured_field
GIAN-NIDHI-R0291,PER-GN-01007,Bharti Jay Subhashchandra,structured_field
GIAN-NIDHI-R0292,PER-GN-01008,Jadeja Beejrajsinh Hasubha,structured_field
GIAN-NIDHI-R0292,PER-GN-01009,Tilala Haresh Mansukhbhai,structured_field
GIAN-NIDHI-R0292,PER-GN-01010,Shah Karan Vijaybhai,structured_field
GIAN-NIDHI-R0292,PER-GN-01011,Bhagat Jay Anilbhai,structured_field
GIAN-NIDHI-R0293,PER-GN-01012,Patel Sonikkumar Kishorbhai,structured_field
GIAN-NIDHI-R0293,PER-GN-01013,Shaikh MohammadAeman Faizahemad,structured_field
GIAN-NIDHI-R0293,PER-GN-01014,Tandel Viral Pravinbhai,structured_field
GIAN-NIDHI-R0293,PER-GN-01015,Patel Jigar Chimanbhai,structured_field
GIAN-NIDHI-R0293,PER-GN-01016,Machhwa Taiyeb Mohammadali,structured_field
GIAN-NIDHI-R0293,PER-GN-01017,Patel Mitinkumar Muke,structured_field
GIAN-NIDHI-R0294,PER-GN-01018,Patel Roshniben Pramodbhai,structured_field
GIAN-NIDHI-R0294,PER-GN-01019,Vaidya Urvashi Amitkumar,structured_field
GIAN-NIDHI-R0294,PER-GN-01020,Barot Jayalben Sureshbhai,structured_field
GIAN-NIDHI-R0295,PER-GN-01021,Mujawar Paigamber Mahammad,structured_field
GIAN-NIDHI-R0295,PER-GN-01022,Gulavani Swapnil Ramakant,structured_field
GIAN-NIDHI-R0295,PER-GN-01023,Kulkarni Amey Krishna,structured_field
GIAN-NIDHI-R0295,PER-GN-01024,Gaikwad Prasad Mhahadeo,structured_field
GIAN-NIDHI-R0296,PER-GN-01025,Sunil Sawarbandhe,structured_field
GIAN-NIDHI-R0296,PER-GN-01026,Surendra Rawate,structured_field
GIAN-NIDHI-R0296,PER-GN-01027,Sarang Gosewade,structured_field
GIAN-NIDHI-R0296,PER-GN-01028,Roshan Jangam,structured_field
GIAN-NIDHI-R0297,PER-GN-01029,Avinash Atmaram Deshmukh,structured_field
GIAN-NIDHI-R0297,PER-GN-01030,Rajesh Mansaram Jadhav,structured_field
GIAN-NIDHI-R0297,PER-GN-01031,Sachin Ramchandra Kangane,structured_field
GIAN-NIDHI-R0298,PER-GN-01032,Shashikant Zinjan,structured_field
GIAN-NIDHI-R0298,PER-GN-01033,Ravindra Kanchale,structured_field
GIAN-NIDHI-R0298,PER-GN-01034,Sumit Yewankar,structured_field
GIAN-NIDHI-R0298,PER-GN-01035,Kalleshwar Valle,structured_field
GIAN-NIDHI-R0299,PER-GN-01036,Siddharth Suhas Sawant,structured_field
GIAN-NIDHI-R0299,PER-GN-01037,Pankaj Ravindra Wadkar,structured_field
GIAN-NIDHI-R0299,PER-GN-01038,Pratik Parag Naik,structured_field
GIAN-NIDHI-R0300,PER-GN-01039,Shirole Goraksha Nivrutti,structured_field
GIAN-NIDHI-R0300,PER-GN-01040,Rahane Santosh Prabhakar,structured_field
GIAN-NIDHI-R0300,PER-GN-01041,Walwe Mangesh Ramesh,structured_field
GIAN-NIDHI-R0301,PER-GN-01042,Chaudhari Ajit Popat,structured_field
GIAN-NIDHI-R0301,PER-GN-01043,Kherodkar Abhishek,structured_field
GIAN-NIDHI-R0301,PER-GN-01044,Warkar Sagar,structured_field
GIAN-NIDHI-R0302,PER-GN-01045,Lohar sadanand G,structured_field
GIAN-NIDHI-R0302,PER-GN-01046,Bagwan Nadim I,structured_field
GIAN-NIDHI-R0302,PER-GN-01047,Bhokare Arshad F,structured_field
GIAN-NIDHI-R0303,PER-GN-01048,Pratik Mehta,structured_field
GIAN-NIDHI-R0303,PER-GN-01049,Swapnil Borgaonkar,structured_field
GIAN-NIDHI-R0303,PER-GN-01050,Ajaykumar Ray,structured_field
GIAN-NIDHI-R0303,PER-GN-01051,Kirti Godbole,structured_field
GIAN-NIDHI-R0304,PER-GN-01052,Prasad D. Vatni,structured_field
GIAN-NIDHI-R0304,PER-GN-01053,Md. Ibrar Kazi,structured_field
GIAN-NIDHI-R0304,PER-GN-01054,Shahenawaj Kazi,structured_field
GIAN-NIDHI-R0304,PER-GN-01055,Pradeep Kamble,structured_field
GIAN-NIDHI-R0305,PER-GN-01056,Pawar Mayuri Dilip,structured_field
GIAN-NIDHI-R0305,PER-GN-01057,Halle Priyanka Dhondiraj,structured_field
GIAN-NIDHI-R0305,PER-GN-01058,Shitole Vidya Shreerang,structured_field
GIAN-NIDHI-R0305,PER-GN-01059,Khadake Mrunal Rangnath,structured_field
GIAN-NIDHI-R0306,PER-GN-01060,Harge Mahesh Rajendra,structured_field
GIAN-NIDHI-R0306,PER-GN-01061,Dixit Mandar Dattatray,structured_field
GIAN-NIDHI-R0306,PER-GN-01062,Patil Sagar Subrao,structured_field
GIAN-NIDHI-R0307,PER-GN-01063,Yewale Pradip Namedeorao,structured_field
GIAN-NIDHI-R0307,PER-GN-01064,Diware Amol Moreshwarrao,structured_field
GIAN-NIDHI-R0307,PER-GN-01065,Komalwar Tushar K,structured_field
GIAN-NIDHI-R0307,PER-GN-01066,Kakde Pavan Sadashivrao,structured_field
GIAN-NIDHI-R0307,PER-GN-01067,Zilpe Anup Ashokrao,structured_field
GIAN-NIDHI-R0307,PER-GN-01068,Bagde Manish Rameshrao,structured_field
GIAN-NIDHI-R0308,PER-GN-01069,Mali Hitendra Moreshwar,structured_field
GIAN-NIDHI-R0308,PER-GN-01070,Dhake Dipak Vasudev,structured_field
GIAN-NIDHI-R0308,PER-GN-01071,Baviskar Amit Suresh,structured_field
GIAN-NIDHI-R0308,PER-GN-01072,Nale Vishal Shalik,structured_field
GIAN-NIDHI-R0308,PER-GN-01073,Chaudhari Lokesh Kamlakar,structured_field
GIAN-NIDHI-R0309,PER-GN-01074,Agrawal Deepti Vinod,structured_field
GIAN-NIDHI-R0309,PER-GN-01075,Patel Mittal Babubhai,structured_field
GIAN-NIDHI-R0309,PER-GN-01076,Patel Sachin Bipinbhai,structured_field
GIAN-NIDHI-R0310,PER-GN-01077,Chavan Harshal C,structured_field
GIAN-NIDHI-R0310,PER-GN-01078,Chaudhari Smita M,structured_field
GIAN-NIDHI-R0310,PER-GN-01079,Patil Rohini U,structured_field
GIAN-NIDHI-R0310,PER-GN-01080,Dharmashale Vaishali B,structured_field
GIAN-NIDHI-R0310,PER-GN-01081,Ahire Kanchan H,structured_field
GIAN-NIDHI-R0311,PER-GN-01082,Yaligar Snehalata Shivanand,structured_field
GIAN-NIDHI-R0311,PER-GN-01083,Mali Madhuri Balasaheb,structured_field
GIAN-NIDHI-R0311,PER-GN-01084,Waghamare Rohan Bhupal,structured_field
GIAN-NIDHI-R0312,PER-GN-01085,Sumeet Meharchandani,structured_field
GIAN-NIDHI-R0312,PER-GN-01086,Abhishek Malvankar,structured_field
GIAN-NIDHI-R0312,PER-GN-01087,Akshay Jadhav,structured_field
GIAN-NIDHI-R0313,PER-GN-01088,Adivarekar Ashwini Ashok,structured_field
GIAN-NIDHI-R0313,PER-GN-01089,Bendre Vibha Vijay,structured_field
GIAN-NIDHI-R0313,PER-GN-01090,Desale Vishakha V,structured_field
GIAN-NIDHI-R0313,PER-GN-01091,Ingole Aarti Sudhakar,structured_field
GIAN-NIDHI-R0314,PER-GN-01092,Thakare Dhanashree Santosh,structured_field
GIAN-NIDHI-R0314,PER-GN-01093,Thube Rohini Balkrishna,structured_field
GIAN-NIDHI-R0314,PER-GN-01094,Pawar Sunil Ukhardu,structured_field
GIAN-NIDHI-R0314,PER-GN-01095,Gosavi Deepak,structured_field
GIAN-NIDHI-R0314,PER-GN-01096,Kapse Sarika Uttamrao,structured_field
GIAN-NIDHI-R0314,PER-GN-01097,Watwe Gayatri Deepak,structured_field
GIAN-NIDHI-R0315,PER-GN-01098,Dhamdhere Sachin Kundlic,structured_field
GIAN-NIDHI-R0315,PER-GN-01099,Giri Pawan Ranjit,structured_field
GIAN-NIDHI-R0315,PER-GN-01100,Shrivat Ganesh Ramchandra,structured_field
GIAN-NIDHI-R0315,PER-GN-01101,Satav Yogesh,structured_field
GIAN-NIDHI-R0316,PER-GN-01102,Thakur Rita R,structured_field
GIAN-NIDHI-R0316,PER-GN-01103,Sonwane Sunita M,structured_field
GIAN-NIDHI-R0316,PER-GN-01104,Pawar Sharmishtha R,structured_field
GIAN-NIDHI-R0316,PER-GN-01105,Chobale Neeta K,structured_field
GIAN-NIDHI-R0317,PER-GN-01106,Lakhapati Kunal,structured_field
GIAN-NIDHI-R0317,PER-GN-01107,Desai Pratik,structured_field
GIAN-NIDHI-R0317,PER-GN-01108,Mistry Paras,structured_field
GIAN-NIDHI-R0317,PER-GN-01109,Pillay Karthika,structured_field
GIAN-NIDHI-R0318,PER-GN-01110,Singh Ganesh Ramprasad,structured_field
GIAN-NIDHI-R0318,PER-GN-01111,Chopade Rahul Vijay,structured_field
GIAN-NIDHI-R0318,PER-GN-01112,Rajnore dilip Chagan,structured_field
GIAN-NIDHI-R0319,PER-GN-01113,Hinge Madhur Jayantrao,structured_field
GIAN-NIDHI-R0319,PER-GN-01114,Deshpande Anand Shripandrao,structured_field
GIAN-NIDHI-R0319,PER-GN-01115,Kale Alankar Arunrao,structured_field
GIAN-NIDHI-R0319,PER-GN-01116,Deshmukh Amol,structured_field
GIAN-NIDHI-R0319,PER-GN-01117,Mane Pradipkumar Mininath,structured_field
GIAN-NIDHI-R0320,PER-GN-01118,Patil Avadhut Pandurang,structured_field
GIAN-NIDHI-R0320,PER-GN-01119,Patil Ranjeet Shahaji,structured_field
GIAN-NIDHI-R0320,PER-GN-01120,Bhat-Shinde Omkar Pandurang,structured_field
GIAN-NIDHI-R0320,PER-GN-01121,Patil Deepak,structured_field
GIAN-NIDHI-R0320,PER-GN-01122,Chougale Nilesh Mahadev,structured_field
GIAN-NIDHI-R0321,PER-GN-01123,Nikhil N. Sonawale,structured_field
GIAN-NIDHI-R0321,PER-GN-01124,udarshan P. Dolli,structured_field
GIAN-NIDHI-R0321,PER-GN-01125,Makrand R. Kadam,structured_field
GIAN-NIDHI-R0321,PER-GN-01126,Atul G. Marathe,structured_field
GIAN-NIDHI-R0321,PER-GN-01127,Ritesh B,structured_field
GIAN-NIDHI-R0322,PER-GN-01128,Shingade Nitin V,structured_field
GIAN-NIDHI-R0322,PER-GN-01129,Kumbhar Ganesh M,structured_field
GIAN-NIDHI-R0322,PER-GN-01130,Jadhav Vijay T,structured_field
GIAN-NIDHI-R0322,PER-GN-01131,Upadhye Vishal A,structured_field
GIAN-NIDHI-R0323,PER-GN-01132,Pawar Kiran Subhash,structured_field
GIAN-NIDHI-R0323,PER-GN-01133,Sharma Vikas Narad,structured_field
GIAN-NIDHI-R0323,PER-GN-01134,Shedge Vaibhav Janardhan,structured_field
GIAN-NIDHI-R0323,PER-GN-01135,Kane Dedar,structured_field
GIAN-NIDHI-R0323,PER-GN-01136,Kulkarni Parag Arvind,structured_field
GIAN-NIDHI-R0324,PER-GN-01137,Rogye Shweta Prakash,structured_field
GIAN-NIDHI-R0324,PER-GN-01138,Pawar Mansi Pradip,structured_field
GIAN-NIDHI-R0324,PER-GN-01139,Sanas Poonam Prakas,structured_field
GIAN-NIDHI-R0324,PER-GN-01140,Rahate Madhavi Balu,structured_field
GIAN-NIDHI-R0325,PER-GN-01141,Vishal Dhamankar,structured_field
GIAN-NIDHI-R0325,PER-GN-01142,Parekh,structured_field
GIAN-NIDHI-R0325,PER-GN-01143,Shreerang Karambelkar,structured_field
GIAN-NIDHI-R0325,PER-GN-01144,Sanket Ghotey,structured_field
GIAN-NIDHI-R0325,PER-GN-01145,Aditya Rao,structured_field
GIAN-NIDHI-R0325,PER-GN-01146,Sagar Ghotey,structured_field
GIAN-NIDHI-R0325,PER-GN-01147,Mohit,structured_field
GIAN-NIDHI-R0326,PER-GN-01148,Zadey Ashish Ankushrao,structured_field
GIAN-NIDHI-R0326,PER-GN-01149,Deshpande Rama Mukundrao,structured_field
GIAN-NIDHI-R0326,PER-GN-01150,Kalode Prashant Babarao,structured_field
GIAN-NIDHI-R0326,PER-GN-01151,Pihul Kanchan,structured_field
GIAN-NIDHI-R0326,PER-GN-01152,Waghade Sarika Krushnrao,structured_field
GIAN-NIDHI-R0327,PER-GN-01153,Awade Prathamesh,structured_field
GIAN-NIDHI-R0327,PER-GN-01154,Hulyalkar Rohan,structured_field
GIAN-NIDHI-R0327,PER-GN-01155,Mujumdar Prasad,structured_field
GIAN-NIDHI-R0328,PER-GN-01156,Ganesh pratap Lagade,structured_field
GIAN-NIDHI-R0328,PER-GN-01157,Shrikant Rajaram Thigale,structured_field
GIAN-NIDHI-R0328,PER-GN-01158,Nitin Kailas Kokate,structured_field
GIAN-NIDHI-R0328,PER-GN-01159,Nikhil Dattatraya Kulkarni,structured_field
GIAN-NIDHI-R0328,PER-GN-01160,Sachin Sanjay Paygude,structured_field
GIAN-NIDHI-R0329,PER-GN-01161,Shastri Balaji Keshvrao,structured_field
GIAN-NIDHI-R0329,PER-GN-01162,Jain Rohit Pramod,structured_field
GIAN-NIDHI-R0329,PER-GN-01163,Mane sudhakar uttamrao,structured_field
GIAN-NIDHI-R0330,PER-GN-01164,Patil Vikas Shahji,structured_field
GIAN-NIDHI-R0330,PER-GN-01165,Narkar Mayur Mahesh,structured_field
GIAN-NIDHI-R0330,PER-GN-01166,Ayare Sagar Vasant,structured_field
GIAN-NIDHI-R0330,PER-GN-01167,Mane Pramod Krishnat,structured_field
GIAN-NIDHI-R0330,PER-GN-01168,Alone Vishal Sudhakar,structured_field
GIAN-NIDHI-R0331,PER-GN-01169,Dhakate Pankaj A,structured_field
GIAN-NIDHI-R0331,PER-GN-01170,Katkar Kunal V,structured_field
GIAN-NIDHI-R0331,PER-GN-01171,Awandekar Sushil Kumar,structured_field
GIAN-NIDHI-R0332,PER-GN-01172,Joshi Swapnil Shrikant,structured_field
GIAN-NIDHI-R0332,PER-GN-01173,Darange Rushikesh Madhukar,structured_field
GIAN-NIDHI-R0332,PER-GN-01174,Langhe Pravin Prakash,structured_field
GIAN-NIDHI-R0332,PER-GN-01175,Bhosale Vaibhav Dattatraya,structured_field
GIAN-NIDHI-R0333,PER-GN-01176,Pachpande Purushottam Ramesh,structured_field
GIAN-NIDHI-R0333,PER-GN-01177,Munde Amol,structured_field
GIAN-NIDHI-R0333,PER-GN-01178,Gayal Umesh Vilas,structured_field
GIAN-NIDHI-R0333,PER-GN-01179,Mamidwar Amit S,structured_field
GIAN-NIDHI-R0333,PER-GN-01180,Lahire Vinod S,structured_field
GIAN-NIDHI-R0334,PER-GN-01181,Salunke Kaveri N,structured_field
GIAN-NIDHI-R0334,PER-GN-01182,Kaustubh S,structured_field
GIAN-NIDHI-R0334,PER-GN-01183,Duraphe Mayur,structured_field
GIAN-NIDHI-R0334,PER-GN-01184,Khadke Abhijit A,structured_field
GIAN-NIDHI-R0334,PER-GN-01185,Kuhrade Shwetarani R,structured_field
GIAN-NIDHI-R0334,PER-GN-01186,Toradmal Deepali S,structured_field
GIAN-NIDHI-R0335,PER-GN-01187,Chandiwala Vali Mohammed,structured_field
GIAN-NIDHI-R0335,PER-GN-01188,Pranav Doshi,structured_field
GIAN-NIDHI-R0335,PER-GN-01189,Chauhan Dhruv,structured_field
GIAN-NIDHI-R0335,PER-GN-01190,Ebrahim Habiya,structured_field
GIAN-NIDHI-R0336,PER-GN-01191,Verma Pramod,structured_field
GIAN-NIDHI-R0336,PER-GN-01192,Prem Prakash,structured_field
GIAN-NIDHI-R0337,PER-GN-01193,Roshan Kumar Tiwari,structured_field
GIAN-NIDHI-R0337,PER-GN-01194,Sugandh Sinha,structured_field
GIAN-NIDHI-R0337,PER-GN-01195,Saket Sinha,structured_field
GIAN-NIDHI-R0337,PER-GN-01196,Chandan Kumar,structured_field
GIAN-NIDHI-R0338,PER-GN-01197,Mihir Prabhaka,structured_field
GIAN-NIDHI-R0338,PER-GN-01198,Kartik Vinod Parmar,structured_field
GIAN-NIDHI-R0338,PER-GN-01199,Shehbaz Aziz Chowgule,structured_field
GIAN-NIDHI-R0339,PER-GN-01200,Khandelwal Atish S,structured_field
GIAN-NIDHI-R0339,PER-GN-01201,Wankhede Pratibha L,structured_field
GIAN-NIDHI-R0339,PER-GN-01202,Bramhpurikar Ganesh B,structured_field
GIAN-NIDHI-R0339,PER-GN-01203,Umathe Khushal P,structured_field
GIAN-NIDHI-R0340,PER-GN-01204,Nair Sreenath Sreeraj,structured_field
GIAN-NIDHI-R0340,PER-GN-01205,Inamdar Mazhar Asad,structured_field
GIAN-NIDHI-R0340,PER-GN-01206,hadange Nilesh Shantaram,structured_field
GIAN-NIDHI-R0340,PER-GN-01207,Chandgude Girish Ganpatrao,structured_field
GIAN-NIDHI-R0341,PER-GN-01208,Lakde Amol Dattatray,structured_field
GIAN-NIDHI-R0341,PER-GN-01209,Garge Uday Vilasrao,structured_field
GIAN-NIDHI-R0342,PER-GN-01210,Shah Dhruval,structured_field
GIAN-NIDHI-R0342,PER-GN-01211,Patel Keyur,structured_field
GIAN-NIDHI-R0342,PER-GN-01212,Thakur Briyan,structured_field
GIAN-NIDHI-R0343,PER-GN-01213,Prashant Chandra,structured_field
GIAN-NIDHI-R0343,PER-GN-01214,Sarkar,structured_field
GIAN-NIDHI-R0343,PER-GN-01215,Vinod,structured_field
GIAN-NIDHI-R0343,PER-GN-01216,Krishne Manaria,structured_field
GIAN-NIDHI-R0343,PER-GN-01217,Pratik Kachalwar,structured_field
GIAN-NIDHI-R0343,PER-GN-01218,Gaurav Lodha,structured_field
GIAN-NIDHI-R0344,PER-GN-01219,Mr. Shirbhate S. S,structured_field
GIAN-NIDHI-R0344,PER-GN-01220,Burnure V.V. Dhake G.P,structured_field
GIAN-NIDHI-R0344,PER-GN-01221,Datar G.S,structured_field
GIAN-NIDHI-R0344,PER-GN-01222,Ihare,structured_field
GIAN-NIDHI-R0345,PER-GN-01223,Mr. Mandar S. Joshi,structured_field
GIAN-NIDHI-R0345,PER-GN-01224,Dinlorkar K. K,structured_field
GIAN-NIDHI-R0345,PER-GN-01225,Kantute S.V,structured_field
GIAN-NIDHI-R0345,PER-GN-01226,Wankhede Abhay U,structured_field
GIAN-NIDHI-R0345,PER-GN-01227,Dandekar Durvesh V,structured_field
GIAN-NIDHI-R0345,PER-GN-01228,Joseph Derick Robert,structured_field
GIAN-NIDHI-R0346,PER-GN-01229,Nirav K. Joshi,structured_field
GIAN-NIDHI-R0346,PER-GN-01230,Utkarsha S.Aukalrhope,structured_field
GIAN-NIDHI-R0346,PER-GN-01231,Someet Rout,structured_field
GIAN-NIDHI-R0346,PER-GN-01232,Amit K. Shetye,structured_field
GIAN-NIDHI-R0346,PER-GN-01233,Siddharth A. Joshi,structured_field
GIAN-NIDHI-R0347,PER-GN-01234,Aanand G. Chambhare,structured_field
GIAN-NIDHI-R0347,PER-GN-01234,Aanand G. Chambhare,structured_field
GIAN-NIDHI-R0347,PER-GN-01235,Swapnil S. Saraf,structured_field
GIAN-NIDHI-R0347,PER-GN-01236,Pankaj G. Bhole,structured_field
GIAN-NIDHI-R0347,PER-GN-01237,Manish V. Shivramwar,structured_field
GIAN-NIDHI-R0348,PER-GN-01238,Narkhede Laxmikant Prabhakar,structured_field
GIAN-NIDHI-R0348,PER-GN-01239,Chhajed Adarsh Lalit,structured_field
GIAN-NIDHI-R0348,PER-GN-01240,Patil Mayor Anil,structured_field
GIAN-NIDHI-R0349,PER-GN-01241,Pankaj D. Junghare,structured_field
GIAN-NIDHI-R0349,PER-GN-01242,Dhundiraj P. Deshpande,structured_field
GIAN-NIDHI-R0349,PER-GN-01243,Alok Khanzode,structured_field
GIAN-NIDHI-R0349,PER-GN-01244,Avinash Belgamwar,structured_field
GIAN-NIDHI-R0349,PER-GN-01245,Sameer Bhore,structured_field
GIAN-NIDHI-R0349,PER-GN-01246,Devidas Mahajan,structured_field
GIAN-NIDHI-R0350,PER-GN-01247,Mehatre Pankaj P,structured_field
GIAN-NIDHI-R0350,PER-GN-01248,Bijliwala Zaainab B,structured_field
GIAN-NIDHI-R0351,PER-GN-01249,Ms.Pratiksha Bhusari,structured_field
GIAN-NIDHI-R0351,PER-GN-01250,Sachet Shambharkar,structured_field
GIAN-NIDHI-R0352,PER-GN-01251,Mr Tanu Mazumdar,structured_field
GIAN-NIDHI-R0352,PER-GN-01252,Sanket Pureddiwar,structured_field
GIAN-NIDHI-R0353,PER-GN-01253,Mr.Kalpesh Seludkar,structured_field
GIAN-NIDHI-R0353,PER-GN-01254,Shubham Dongare,structured_field
GIAN-NIDHI-R0354,PER-GN-01255,Ms. Sana Sheikh,structured_field
GIAN-NIDHI-R0355,PER-GN-01256,Ms.Akshata Bansod,structured_field
GIAN-NIDHI-R0356,PER-GN-01257,Ms. Sarika Pimple,structured_field
GIAN-NIDHI-R0357,PER-GN-01258,Ms. Avanti Pawar,structured_field
GIAN-NIDHI-R0358,PER-GN-01259,Ms. Shweta Mehar,structured_field
GIAN-NIDHI-R0359,PER-GN-01260,Ms. Aboli Moroney,structured_field
GIAN-NIDHI-R0360,PER-GN-01261,Pranjali R. Nirvikar,structured_field
GIAN-NIDHI-R0361,PER-GN-01262,Harsha Gadikar,structured_field
GIAN-NIDHI-R0362,PER-GN-01263,Shurti Hadke,structured_field
GIAN-NIDHI-R0363,PER-GN-01264,Pushpak y. Paunikar,structured_field
GIAN-NIDHI-R0364,PER-GN-01265,Shehal Gondane,structured_field
GIAN-NIDHI-R0360,PER-GN-01261,Pranjali R. Nirvikar,structured_field
GIAN-NIDHI-R0366,PER-GN-01266,Shubham Gomase,structured_field
GIAN-NIDHI-R0367,PER-GN-01267,SHRADDHA RAUT,structured_field
GIAN-NIDHI-R0367,PER-GN-01268,NIKITA BAGUL,structured_field
GIAN-NIDHI-R0367,PER-GN-01269,AARTI SOLANKE,structured_field
GIAN-NIDHI-R0368,PER-GN-01270,DHANASHREE KULKARNI,structured_field
GIAN-NIDHI-R0368,PER-GN-01271,MANJIRI KULKARNI,structured_field
GIAN-NIDHI-R0368,PER-GN-01272,SHIVANI MAHAJAN,structured_field
GIAN-NIDHI-R0369,PER-GN-01273,SUMEET KAKARWAL,structured_field
GIAN-NIDHI-R0369,PER-GN-01274,BHUSHAN JADHAV,structured_field
GIAN-NIDHI-R0369,PER-GN-01275,TEJAS JADHAV,structured_field
GIAN-NIDHI-R0369,PER-GN-01276,KEDAR PATIL,structured_field
GIAN-NIDHI-R0371,PER-GN-01277,SANDESH SINGH,structured_field
GIAN-NIDHI-R0371,PER-GN-01278,YOGESH TAWDE,structured_field
GIAN-NIDHI-R0371,PER-GN-01279,SUNILPAGARE,structured_field
GIAN-NIDHI-R0371,PER-GN-01280,RIZWANA SHAIKH,structured_field
GIAN-NIDHI-R0372,PER-GN-01281,PANKAJ JAMBULKAR,structured_field
GIAN-NIDHI-R0372,PER-GN-01282,DEEPAK KHEDEKAR,structured_field
GIAN-NIDHI-R0373,PER-GN-01283,VAISHALI HALGE,structured_field
GIAN-NIDHI-R0373,PER-GN-01284,NEELAM MESHRAM,structured_field
GIAN-NIDHI-R0374,PER-GN-01285,POOJA R. KANDE,structured_field
GIAN-NIDHI-R0374,PER-GN-01286,RADHA TIWARI,structured_field
GIAN-NIDHI-R0374,PER-GN-01287,RUCHIRAKULKARNI,structured_field
GIAN-NIDHI-R0375,PER-GN-01288,APURVA KULKARNI,structured_field
GIAN-NIDHI-R0375,PER-GN-01289,ASHVINI KUNTEWAD,structured_field
GIAN-NIDHI-R0375,PER-GN-01290,NAMRATA S. LANDE,structured_field
GIAN-NIDHI-R0376,PER-GN-01291,SHINY INGLES,structured_field
GIAN-NIDHI-R0376,PER-GN-01292,SHUBHANGI DIVATE,structured_field
GIAN-NIDHI-R0376,PER-GN-01293,VAISHNAVI CHIDRAVAR,structured_field
GIAN-NIDHI-R0378,PER-GN-01294,SHRUTI LOHADE,structured_field
GIAN-NIDHI-R0378,PER-GN-01295,EKTA BHOJWANI,structured_field
GIAN-NIDHI-R0380,PER-GN-01296,SURENDRA GAYKE,structured_field
GIAN-NIDHI-R0380,PER-GN-01297,AMOL PRADHAN,structured_field
GIAN-NIDHI-R0380,PER-GN-01298,GAJANAN MANE,structured_field
GIAN-NIDHI-R0381,PER-GN-01299,Mhasurnekar Mrunal,structured_field
GIAN-NIDHI-R0381,PER-GN-01300,gala Bhumika,structured_field
GIAN-NIDHI-R0381,PER-GN-01301,Leena Deshmukh,structured_field
GIAN-NIDHI-R0382,PER-GN-01302,Khatik Sultan Bashir,structured_field
GIAN-NIDHI-R0382,PER-GN-01303,Bhtakande Bhushan,structured_field
GIAN-NIDHI-R0382,PER-GN-01304,Charoliya Sakir,structured_field
GIAN-NIDHI-R0382,PER-GN-01305,Hiragude,structured_field
GIAN-NIDHI-R0383,PER-GN-01306,Lakade Chandrashekhar,structured_field
GIAN-NIDHI-R0383,PER-GN-01307,Kanase Pandharinath,structured_field
GIAN-NIDHI-R0383,PER-GN-01308,Karache Ravindra,structured_field
GIAN-NIDHI-R0383,PER-GN-01309,Patil Shradha,structured_field
GIAN-NIDHI-R0384,PER-GN-01310,Joshi Vikrant Anant,structured_field
GIAN-NIDHI-R0384,PER-GN-01311,Date Jayant,structured_field
GIAN-NIDHI-R0384,PER-GN-01312,Varkhede Sandeep,structured_field
GIAN-NIDHI-R0384,PER-GN-01313,Kaka Prakash,structured_field
GIAN-NIDHI-R0384,PER-GN-01314,Mahajan Parag,structured_field
GIAN-NIDHI-R0384,PER-GN-01315,Bhole Nilesh,structured_field
GIAN-NIDHI-R0385,PER-GN-01316,Ptil Mandira,structured_field
GIAN-NIDHI-R0385,PER-GN-01317,Khamakar Sampada,structured_field
GIAN-NIDHI-R0385,PER-GN-01318,jatre Medha,structured_field
GIAN-NIDHI-R0385,PER-GN-01319,Sinalakar Harshada,structured_field
GIAN-NIDHI-R0385,PER-GN-01320,telakhade Sampada,structured_field
GIAN-NIDHI-R0386,PER-GN-01321,Gaikawad amol,structured_field
GIAN-NIDHI-R0386,PER-GN-01322,mishra Sujit,structured_field
GIAN-NIDHI-R0386,PER-GN-01323,Jayesh Shintre,structured_field
GIAN-NIDHI-R0386,PER-GN-01324,Sammit Shukla,structured_field
GIAN-NIDHI-R0386,PER-GN-01325,Raunak Patel,structured_field
GIAN-NIDHI-R0386,PER-GN-01326,Kalpesh Panchal,structured_field
GIAN-NIDHI-R0387,PER-GN-01327,Kumbhakarna Darhsani,structured_field
GIAN-NIDHI-R0387,PER-GN-01328,Dharmadhikari Snehnkita,structured_field
GIAN-NIDHI-R0387,PER-GN-01329,Muske Sangeeta,structured_field
GIAN-NIDHI-R0388,PER-GN-01330,Shinde sunil,structured_field
GIAN-NIDHI-R0388,PER-GN-01331,Godse Sandeep,structured_field
GIAN-NIDHI-R0388,PER-GN-01332,Mirza Tausif,structured_field
GIAN-NIDHI-R0388,PER-GN-01333,Jadhav Sachin,structured_field
GIAN-NIDHI-R0388,PER-GN-01334,Patil Yogesh,structured_field
GIAN-NIDHI-R0388,PER-GN-01335,Dhakane Amol,structured_field
GIAN-NIDHI-R0389,PER-GN-01336,Kothwala,structured_field
GIAN-NIDHI-R0389,PER-GN-01337,Ranjan Ashihs,structured_field
GIAN-NIDHI-R0389,PER-GN-01338,Yadav Ravikumar,structured_field
GIAN-NIDHI-R0390,PER-GN-01339,Birajadar Vishnukant,structured_field
GIAN-NIDHI-R0390,PER-GN-01340,Solanke pndurang,structured_field
GIAN-NIDHI-R0390,PER-GN-01341,Pande wapnil,structured_field
GIAN-NIDHI-R0390,PER-GN-01342,Dudhmal Trushna,structured_field
GIAN-NIDHI-R0390,PER-GN-01343,Waghmare Ganesh,structured_field
GIAN-NIDHI-R0390,PER-GN-01344,Pathak Vishwambhar,structured_field
GIAN-NIDHI-R0391,PER-GN-01345,Antakarane Shreekant,structured_field
GIAN-NIDHI-R0391,PER-GN-01346,Gagade Milind,structured_field
GIAN-NIDHI-R0391,PER-GN-01347,Yengade Shradha,structured_field
GIAN-NIDHI-R0391,PER-GN-01348,Bhujade Priyanka,structured_field
GIAN-NIDHI-R0392,PER-GN-01349,Yogesh Bodar,structured_field
GIAN-NIDHI-R0392,PER-GN-01350,Tushar Patel,structured_field
GIAN-NIDHI-R0392,PER-GN-01351,Deepak Sanap,structured_field
GIAN-NIDHI-R0392,PER-GN-01352,Niashad Baari,structured_field
GIAN-NIDHI-R0393,PER-GN-01353,Akansha Arora,structured_field
GIAN-NIDHI-R0393,PER-GN-01354,Swati Jagadhane,structured_field
GIAN-NIDHI-R0393,PER-GN-01355,Vilas Solanke,structured_field
GIAN-NIDHI-R0393,PER-GN-01356,Vitthal Jonawal,structured_field
GIAN-NIDHI-R0393,PER-GN-01357,Machindra Khandagaure,structured_field
GIAN-NIDHI-R0393,PER-GN-01358,Anil Muliya,structured_field
GIAN-NIDHI-R0394,PER-GN-01359,Knadekar Rahul,structured_field
GIAN-NIDHI-R0394,PER-GN-01360,Mahajan Rohit,structured_field
GIAN-NIDHI-R0394,PER-GN-01361,Raut Yogesh,structured_field
GIAN-NIDHI-R0394,PER-GN-01362,Bhakare Sagar,structured_field
GIAN-NIDHI-R0394,PER-GN-01363,Pawar Daulat,structured_field
GIAN-NIDHI-R0395,PER-GN-01364,R. S. ManeChaugule Vinod,structured_field
GIAN-NIDHI-R0395,PER-GN-01365,Todkar Mahesh,structured_field
GIAN-NIDHI-R0395,PER-GN-01366,Ghutukade sachin,structured_field
GIAN-NIDHI-R0395,PER-GN-01367,Karande Shankar,structured_field
GIAN-NIDHI-R0396,PER-GN-01368,Kulakarni C. P,structured_field
GIAN-NIDHI-R0396,PER-GN-01369,Pujari S. R,structured_field
GIAN-NIDHI-R0396,PER-GN-01370,Pialawan A,structured_field
GIAN-NIDHI-R0396,PER-GN-01371,BIsale S,structured_field
GIAN-NIDHI-R0397,PER-GN-01372,Shahu nirav,structured_field
GIAN-NIDHI-R0397,PER-GN-01373,Vora Chintan,structured_field
GIAN-NIDHI-R0397,PER-GN-01374,Dedhiya Chintan,structured_field
GIAN-NIDHI-R0397,PER-GN-01375,yadav Jyaprakas,structured_field
GIAN-NIDHI-R0398,PER-GN-01376,Sneha Hingankar,structured_field
GIAN-NIDHI-R0398,PER-GN-01377,Suchana Rangari,structured_field
GIAN-NIDHI-R0398,PER-GN-01378,Ashwini Wasnik,structured_field
GIAN-NIDHI-R0398,PER-GN-01379,Ashwini Chavan,structured_field
GIAN-NIDHI-R0399,PER-GN-01380,Bhujad Amit,structured_field
GIAN-NIDHI-R0399,PER-GN-01381,Lote Rahul,structured_field
GIAN-NIDHI-R0399,PER-GN-01382,gupta Prem,structured_field
GIAN-NIDHI-R0399,PER-GN-01383,Motinagare Sumit,structured_field
GIAN-NIDHI-R0400,PER-GN-01384,Lndage Deepali,structured_field
GIAN-NIDHI-R0400,PER-GN-01385,Mohad Amruta,structured_field
GIAN-NIDHI-R0400,PER-GN-01386,kansara Preyas,structured_field
GIAN-NIDHI-R0400,PER-GN-01387,Radadiya Pintul,structured_field
GIAN-NIDHI-R0401,PER-GN-00115,Devendra S. SawantHarshal,structured_field
GIAN-NIDHI-R0401,PER-GN-00116,B. ValviSiddheshwar,structured_field
GIAN-NIDHI-R0401,PER-GN-00117,V. Madhey Mitesh,structured_field
GIAN-NIDHI-R0401,PER-GN-00118,C. Patil,structured_field
GIAN-NIDHI-R0402,PER-GN-00127,Reddy Sailee Sudhakar,structured_field
GIAN-NIDHI-R0402,PER-GN-00124,Salve Priyanka Suryakant,structured_field
GIAN-NIDHI-R0402,PER-GN-00125,Bhise Manjushree Anurath,structured_field
GIAN-NIDHI-R0402,PER-GN-00126,Sadekar Dipali Gangadhar,structured_field
GIAN-NIDHI-R0403,PER-GN-01388,Sanket Shrikant Warudkar,structured_field
GIAN-NIDHI-R0403,PER-GN-01389,Sakharam Sharadra Deshmukhk,structured_field
GIAN-NIDHI-R0403,PER-GN-01390,Sanket Dongaonkar,structured_field
GIAN-NIDHI-R0403,PER-GN-01391,Nilesh Vasantrao Wankhede,structured_field
GIAN-NIDHI-R0403,PER-GN-01392,Ganesh Kale,structured_field
GIAN-NIDHI-R0404,PER-GN-00128,Shaikh Ubaid,structured_field
GIAN-NIDHI-R0404,PER-GN-00129,Shaikh Hussain,structured_field
GIAN-NIDHI-R0404,PER-GN-00130,Palaskar Ravikiran D,structured_field
GIAN-NIDHI-R0404,PER-GN-00131,Prayag Niraj Kumar,structured_field
GIAN-NIDHI-R0404,PER-GN-00132,Shaikh Abdul Saeed,structured_field
GIAN-NIDHI-R0404,PER-GN-01393,Trimbake Mahesh S,structured_field
GIAN-NIDHI-R0037,PER-GN-00134,Amol Nandlal Bedmutha,structured_field
GIAN-NIDHI-R0037,PER-GN-00135,Tarang Mahesh Gharpure,structured_field
GIAN-NIDHI-R0037,PER-GN-00136,Pratik Kantilalji Bhandari,structured_field
GIAN-NIDHI-R0037,PER-GN-00137,Amit Prakash Baraskar,structured_field
GIAN-NIDHI-R0406,PER-GN-01394,S. K. ChikaneD. S. Sakhare,structured_field
GIAN-NIDHI-R0406,PER-GN-00140,P. S. Kawarkhe,structured_field
GIAN-NIDHI-R0406,PER-GN-00141,G. S. Joshi,structured_field
GIAN-NIDHI-R0407,PER-GN-00142,Sangramsingh F. Chouhan,structured_field
GIAN-NIDHI-R0407,PER-GN-00143,Jaykumar S. Bhattad,structured_field
GIAN-NIDHI-R0407,PER-GN-01395,Bharat S. Bhutada,structured_field
GIAN-NIDHI-R0407,PER-GN-01396,Gururaj P. Jamma,structured_field
GIAN-NIDHI-R0407,PER-GN-00145,Nachiket N. Joshi,structured_field
GIAN-NIDHI-R0407,PER-GN-00146,Gururaj A. Utage,structured_field
GIAN-NIDHI-R0408,PER-GN-00147,Amey Sawant,structured_field
GIAN-NIDHI-R0408,PER-GN-00148,Rupesh D. Nathe,structured_field
GIAN-NIDHI-R0408,PER-GN-00149,Pawan Painjane,structured_field
GIAN-NIDHI-R0408,PER-GN-00150,Tushar Mokal,structured_field
GIAN-NIDHI-R0409,PER-GN-01397,Nitu Ramdas Khedekar,structured_field
GIAN-NIDHI-R0409,PER-GN-01398,Jyoti Gopinath Anap,structured_field
GIAN-NIDHI-R0409,PER-GN-01399,Kavita Baban Gunjal,structured_field
GIAN-NIDHI-R0409,PER-GN-01400,Archana Jaishing Rajbhoj,structured_field
GIAN-NIDHI-R0410,PER-GN-00155,Yogesh Shantaram Shanbhag,structured_field
GIAN-NIDHI-R0410,PER-GN-00156,Sujit Acchelal Sharma,structured_field
GIAN-NIDHI-R0410,PER-GN-01401,Jiten Rameshbhai Parmar,structured_field
GIAN-NIDHI-R0411,PER-GN-00158,Chetan Thakre,structured_field
GIAN-NIDHI-R0411,PER-GN-00159,Ganesh Palatkar,structured_field
GIAN-NIDHI-R0411,PER-GN-00160,Kalpak Onkar,structured_field
GIAN-NIDHI-R0411,PER-GN-00161,Amar Kathwate,structured_field
GIAN-NIDHI-R0412,PER-GN-01402,Sagar Krishna Dhande,structured_field
GIAN-NIDHI-R0412,PER-GN-01403,Prashant R. Chavare,structured_field
GIAN-NIDHI-R0412,PER-GN-01404,Sandesh Kathawate,structured_field
GIAN-NIDHI-R0412,PER-GN-01405,Abhijit Nagare,structured_field
GIAN-NIDHI-R0412,PER-GN-01406,Yuvraj Pavale,structured_field
GIAN-NIDHI-R0412,PER-GN-01407,Gaurav Saxena,structured_field
GIAN-NIDHI-R0413,PER-GN-00167,Kapil Tupkar,structured_field
GIAN-NIDHI-R0413,PER-GN-00168,Rushikesh Kubitkar,structured_field
GIAN-NIDHI-R0413,PER-GN-00169,Swapnil Nandanwar,structured_field
GIAN-NIDHI-R0413,PER-GN-00170,Pratik Barhe,structured_field
GIAN-NIDHI-R0413,PER-GN-00171,Sagar Jichkar,structured_field
GIAN-NIDHI-R0413,PER-GN-01408,Anup Tadas,structured_field
GIAN-NIDHI-R0414,PER-GN-00172,Sanket Vivek Phalak,structured_field
GIAN-NIDHI-R0414,PER-GN-00173,Sagar Subhashrao Raut,structured_field
GIAN-NIDHI-R0414,PER-GN-00174,Hemchandra Ashok Rane,structured_field
GIAN-NIDHI-R0414,PER-GN-00175,Amol Shridhar Nagpure,structured_field
GIAN-NIDHI-R0414,PER-GN-00176,Vinit Kashinath Kolte,structured_field
GIAN-NIDHI-R0415,PER-GN-00177,Shrikant Purushottam Kulkarni,structured_field
GIAN-NIDHI-R0415,PER-GN-00178,Rakesh Bhaskarrao Jagtap,structured_field
GIAN-NIDHI-R0415,PER-GN-00179,Sanjay Ashok More,structured_field
GIAN-NIDHI-R0415,PER-GN-00181,Virendra Brijlal Lohar,structured_field
GIAN-NIDHI-R0415,PER-GN-00180,Sumeet B. Kunkari,structured_field
GIAN-NIDHI-R0415,PER-GN-01409,Murtuza Nizarhussain Kothawala,structured_field
GIAN-NIDHI-R0416,PER-GN-00192,Aniket M. Anavkar,structured_field
GIAN-NIDHI-R0416,PER-GN-00193,Apoorva V. Aathwale,structured_field
GIAN-NIDHI-R0416,PER-GN-00194,Kirti L. Saka,structured_field
GIAN-NIDHI-R0417,PER-GN-00195,Harsh B. Kansara,structured_field
GIAN-NIDHI-R0417,PER-GN-00196,Shantanu S. Walavalkar,structured_field
GIAN-NIDHI-R0417,PER-GN-00197,Nabil A. Solanki,structured_field
GIAN-NIDHI-R0417,PER-GN-00198,Abhishek Waruskar,structured_field
GIAN-NIDHI-R0418,PER-GN-00199,Anjali R. Dhiware,structured_field
GIAN-NIDHI-R0418,PER-GN-00200,Madhuri C. Pardhe,structured_field
GIAN-NIDHI-R0418,PER-GN-00201,Mohini N. Sakpal,structured_field
GIAN-NIDHI-R0418,PER-GN-00202,Jyoti B. Sonawane,structured_field
GIAN-NIDHI-R0419,PER-GN-00203,Shishendu S. Chakraborty,structured_field
GIAN-NIDHI-R0419,PER-GN-00204,Anand S. Chamachi,structured_field
GIAN-NIDHI-R0419,PER-GN-00205,Manoj M. Borde,structured_field
GIAN-NIDHI-R0419,PER-GN-00206,Pradeep M. Borkar,structured_field
GIAN-NIDHI-R0420,PER-GN-00207,Pooja Rajan Tanawade,structured_field
GIAN-NIDHI-R0420,PER-GN-00208,Shweta Sanjay Panwalkar,structured_field
GIAN-NIDHI-R0420,PER-GN-01410,Geetanjali Pramod Vengurlekar,structured_field
GIAN-NIDHI-R0421,PER-GN-00214,More Yogesh Sampat,structured_field
GIAN-NIDHI-R0421,PER-GN-00215,Shirrsath Chetan Pandurang,structured_field
GIAN-NIDHI-R0421,PER-GN-01411,Kothwade Bhushan B,structured_field
GIAN-NIDHI-R0421,PER-GN-01412,Yalunj Chetan D,structured_field
GIAN-NIDHI-R0422,PER-GN-00217,Bhagavat Suraj Shrikant,structured_field
GIAN-NIDHI-R0422,PER-GN-00218,Rathod Vipul Ramprasad,structured_field
GIAN-NIDHI-R0423,PER-GN-00219,Kamlesh V. Narnaware,structured_field
GIAN-NIDHI-R0423,PER-GN-00220,Hrudainath P.Raut,structured_field
GIAN-NIDHI-R0423,PER-GN-00221,Tushar P. Nagpure,structured_field
GIAN-NIDHI-R0423,PER-GN-01413,Vivek A.Dhule,structured_field
GIAN-NIDHI-R0424,PER-GN-00223,Shirsath Shivaji Bhagavat,structured_field
GIAN-NIDHI-R0424,PER-GN-00224,Darkunde Ganesh Ashok,structured_field
GIAN-NIDHI-R0424,PER-GN-01414,Gade Tushar Lalasaheb,structured_field
GIAN-NIDHI-R0060,PER-GN-00226,Shinde Amit,structured_field
GIAN-NIDHI-R0060,PER-GN-00227,Yargitkar Prasad,structured_field
GIAN-NIDHI-R0060,PER-GN-00228,Pathak Rohan,structured_field
GIAN-NIDHI-R0060,PER-GN-00229,Ravi Prashant,structured_field
GIAN-NIDHI-R0426,PER-GN-01415,Electromagnetic Machining Process,structured_field
GIAN-NIDHI-R0427,PER-GN-00233,Girish S. Padshetti,structured_field
GIAN-NIDHI-R0427,PER-GN-00234,Nitin S. Motgi,structured_field
GIAN-NIDHI-R0427,PER-GN-00235,Mahnish R. Chandele,structured_field
GIAN-NIDHI-R0427,PER-GN-01416,Yunus M. Shaikh,structured_field
GIAN-NIDHI-R0427,PER-GN-00236,Tushar A. Shingade,structured_field
GIAN-NIDHI-R0427,PER-GN-01417,Niranjan D. Kulkarni,structured_field
GIAN-NIDHI-R0428,PER-GN-00237,Sachin Pandurang Ingle,structured_field
GIAN-NIDHI-R0428,PER-GN-00238,Vikas Shivaji Matkar,structured_field
GIAN-NIDHI-R0428,PER-GN-01418,Jitesh Gajananrao Deshmukh,structured_field
GIAN-NIDHI-R0428,PER-GN-00240,S. K. Khan,structured_field
GIAN-NIDHI-R0428,PER-GN-01419,Mahesh Vithalrao Parankar,structured_field
GIAN-NIDHI-R0429,PER-GN-01420,Vinayak Yeshwant Dr.D.Y.Patil poly.pimpri pune,structured_field
GIAN-NIDHI-R0429,PER-GN-01421,Abhijeet Adhikrao Dr.D.Y.Patil poly.pimpri pune,structured_field
GIAN-NIDHI-R0429,PER-GN-00242,Vikas Narayan Landge,structured_field
GIAN-NIDHI-R0429,PER-GN-01422,Nitin Balaso Dubal,structured_field
GIAN-NIDHI-R0429,PER-GN-00243,Nilesh Nivrutti,structured_field
GIAN-NIDHI-R0430,PER-GN-00244,Sudhir Chandrakant Maid,structured_field
GIAN-NIDHI-R0430,PER-GN-00245,Jayant Ashokrao Lasinkar,structured_field
GIAN-NIDHI-R0430,PER-GN-01423,Rahul Dwarkadas Bajaj,structured_field
GIAN-NIDHI-R0430,PER-GN-00247,Abhijit Purushottam Parsewar,structured_field
GIAN-NIDHI-R0431,PER-GN-00248,Swapnil Govind Kulkarni,structured_field
GIAN-NIDHI-R0431,PER-GN-00249,Dinehs Mohan Zunjarrao,structured_field
GIAN-NIDHI-R0431,PER-GN-01424,Jayesh Shrikant Kothari,structured_field
GIAN-NIDHI-R0431,PER-GN-00250,Atul Madhukar Khairnar,structured_field
GIAN-NIDHI-R0431,PER-GN-01425,Bhushan Subhash Khairnar,structured_field
GIAN-NIDHI-R0432,PER-GN-00255,Mandar Sanjay Arwade,structured_field
GIAN-NIDHI-R0432,PER-GN-00256,Abhishek Chandrakant Mahajan,structured_field
GIAN-NIDHI-R0432,PER-GN-01426,Nikhil Dipak Dr.D.Y.Patil poly.pimpri pune,structured_field
GIAN-NIDHI-R0432,PER-GN-00257,Swapnil Shamrao Lohar,structured_field
GIAN-NIDHI-R0433,PER-GN-01427,Kiran Tukaram Devkar,structured_field
GIAN-NIDHI-R0433,PER-GN-01428,Anil Balu Bute,structured_field
GIAN-NIDHI-R0433,PER-GN-01429,Nilesh Sampatrao Devkar,structured_field
GIAN-NIDHI-R0433,PER-GN-01430,Chandrabhan Jalinder Mule,structured_field
GIAN-NIDHI-R0433,PER-GN-01431,Milind Suryabhan Game,structured_field
GIAN-NIDHI-R0433,PER-GN-01432,Sitaram Radhakrishna Gandole,structured_field
GIAN-NIDHI-R0434,PER-GN-01025,Sunil Sawarbandhe,structured_field
GIAN-NIDHI-R0434,PER-GN-01026,Surendra Rawate,structured_field
GIAN-NIDHI-R0434,PER-GN-01027,Sarang Gosewade,structured_field
GIAN-NIDHI-R0434,PER-GN-01028,Roshan Jangam,structured_field
GIAN-NIDHI-R0434,PER-GN-01433,Satish Mankar,structured_field
GIAN-NIDHI-R0435,PER-GN-01434,Sunil Sawarbandhe,structured_field
GIAN-NIDHI-R0435,PER-GN-01435,Surendra Rawate,structured_field
GIAN-NIDHI-R0435,PER-GN-01436,Sarang Gosewade,structured_field
GIAN-NIDHI-R0435,PER-GN-01437,Roshan Jangam,structured_field
GIAN-NIDHI-R0435,PER-GN-01438,Satish Mankar,structured_field
GIAN-NIDHI-R0298,PER-GN-01032,Shashikant Zinjan,structured_field
GIAN-NIDHI-R0298,PER-GN-01033,Ravindra Kanchale,structured_field
GIAN-NIDHI-R0298,PER-GN-01034,Sumit Yewankar,structured_field
GIAN-NIDHI-R0298,PER-GN-01439,Vijay Indurkar,structured_field
GIAN-NIDHI-R0298,PER-GN-01035,Kalleshwar Valle,structured_field
GIAN-NIDHI-R0437,PER-GN-01036,Siddharth Suhas Sawant,structured_field
GIAN-NIDHI-R0437,PER-GN-01037,Pankaj Ravindra Wadkar,structured_field
GIAN-NIDHI-R0437,PER-GN-01440,Sachin Prahlad Khurpe,structured_field
GIAN-NIDHI-R0437,PER-GN-01038,Pratik Parag Naik,structured_field
GIAN-NIDHI-R0438,PER-GN-01441,Shirole Goraksha Nivrutti,structured_field
GIAN-NIDHI-R0438,PER-GN-01442,Rahane Santosh Prabhakar,structured_field
GIAN-NIDHI-R0438,PER-GN-01443,Sonawane Sanjay Rangnath,structured_field
GIAN-NIDHI-R0438,PER-GN-01444,Walwe Mangesh Ramesh,structured_field
GIAN-NIDHI-R0439,PER-GN-01045,Lohar sadanand G,structured_field
GIAN-NIDHI-R0439,PER-GN-01046,Bagwan Nadim I,structured_field
GIAN-NIDHI-R0439,PER-GN-01047,Bhokare Arshad F,structured_field
GIAN-NIDHI-R0439,PER-GN-01445,Khobare Pratic A,structured_field
GIAN-NIDHI-R0440,PER-GN-01048,Pratik Mehta,structured_field
GIAN-NIDHI-R0440,PER-GN-01049,Swapnil Borgaonkar,structured_field
GIAN-NIDHI-R0440,PER-GN-01050,Ajaykumar Ray,structured_field
GIAN-NIDHI-R0440,PER-GN-01446,Govindkumar,structured_field
GIAN-NIDHI-R0440,PER-GN-01447,Lakhwinder Singh,structured_field
GIAN-NIDHI-R0440,PER-GN-01051,Kirti Godbole,structured_field
GIAN-NIDHI-R0441,PER-GN-01052,Prasad D. Vatni,structured_field
GIAN-NIDHI-R0441,PER-GN-01053,Md. Ibrar Kazi,structured_field
GIAN-NIDHI-R0441,PER-GN-01054,Shahenawaj Kazi,structured_field
GIAN-NIDHI-R0441,PER-GN-01055,Pradeep Kamble,structured_field
GIAN-NIDHI-R0136,PER-GN-00433,S.K.Shashanka,structured_field
GIAN-NIDHI-R0136,PER-GN-00434,Anurag S.Suryawanshi,structured_field
GIAN-NIDHI-R0136,PER-GN-00435,Praveen P. Satyam,structured_field
GIAN-NIDHI-R0443,PER-GN-00436,Trinetre Vineet Vijay,structured_field
GIAN-NIDHI-R0443,PER-GN-00437,Balwant Vinod Shahaji,structured_field
GIAN-NIDHI-R0443,PER-GN-00438,Rawte Sandip M,structured_field
GIAN-NIDHI-R0443,PER-GN-01448,Fiske Ishwar S,structured_field
GIAN-NIDHI-R0443,PER-GN-00439,Dhait Vishnu Asaram,structured_field
GIAN-NIDHI-R0444,PER-GN-00440,Nilesh M. Wadile,structured_field
GIAN-NIDHI-R0444,PER-GN-00441,Satyajeet R. Kapadane,structured_field
GIAN-NIDHI-R0444,PER-GN-01449,Girish d. Bramhe Sagar S. Khambait,structured_field
GIAN-NIDHI-R0444,PER-GN-01450,Prajakta P Ghule,structured_field
GIAN-NIDHI-R0444,PER-GN-00442,Rekha P. Thorat,structured_field
GIAN-NIDHI-R0445,PER-GN-00444,Dabhilkar Kalpesh P,structured_field
GIAN-NIDHI-R0445,PER-GN-00445,Reju Raju,structured_field
GIAN-NIDHI-R0445,PER-GN-00446,Dhanavade Amit V,structured_field
GIAN-NIDHI-R0445,PER-GN-01451,Deshpande Swapnil S,structured_field
GIAN-NIDHI-R0445,PER-GN-00447,Joshi Gautam N,structured_field
GIAN-NIDHI-R0445,PER-GN-00448,Kotekgar Sudhirrao D,structured_field
GIAN-NIDHI-R0140,PER-GN-00449,Kamble Anjali Shivajirao,structured_field
GIAN-NIDHI-R0140,PER-GN-00450,Joshi Amruta Bhaskar,structured_field
GIAN-NIDHI-R0140,PER-GN-01452,Buye Prajakta Manikrao,structured_field
GIAN-NIDHI-R0140,PER-GN-00451,Khan Tarana Taher,structured_field
GIAN-NIDHI-R0447,PER-GN-00456,Kottawar Neha B,structured_field
GIAN-NIDHI-R0447,PER-GN-00457,Chavan Surekha D,structured_field
GIAN-NIDHI-R0447,PER-GN-01453,Pingalkar Deepali S.More Sujata N,structured_field
GIAN-NIDHI-R0447,PER-GN-01454,Manvatkar Sujata S,structured_field
GIAN-NIDHI-R0448,PER-GN-00460,Krunal Jagdish Gajjar,structured_field
GIAN-NIDHI-R0448,PER-GN-00461,Shrikant Rangnath Gangurde,structured_field
GIAN-NIDHI-R0448,PER-GN-01455,Babubhai Baria Dixit,structured_field
GIAN-NIDHI-R0449,PER-GN-00462,Kamble Varsha S,structured_field
GIAN-NIDHI-R0449,PER-GN-00463,Pardeshi Arti V,structured_field
GIAN-NIDHI-R0449,PER-GN-00464,Pagire Chaitali R,structured_field
GIAN-NIDHI-R0449,PER-GN-00465,Savekar Vijaya,structured_field
GIAN-NIDHI-R0449,PER-GN-01456,Prabhune Avantika V,structured_field
GIAN-NIDHI-R0449,PER-GN-01457,Sambare Priyanka B,structured_field
GIAN-NIDHI-R0450,PER-GN-00467,Sonar Hemant Vasudev,structured_field
GIAN-NIDHI-R0450,PER-GN-00468,Shimpi Amol Dharmdas,structured_field
GIAN-NIDHI-R0450,PER-GN-01458,Kurkarni Bhupendra Ramakant,structured_field
GIAN-NIDHI-R0450,PER-GN-01459,Tames VarsalaSonar Hemant Vasudev,structured_field
GIAN-NIDHI-R0450,PER-GN-00468,Shimpi Amol Dharmdas,structured_field
GIAN-NIDHI-R0450,PER-GN-01458,Kurkarni Bhupendra Ramakant,structured_field
GIAN-NIDHI-R0450,PER-GN-00470,Tames Varsala,structured_field
GIAN-NIDHI-R0313,PER-GN-01088,Adivarekar Ashwini Ashok,structured_field
GIAN-NIDHI-R0313,PER-GN-01089,Bendre Vibha Vijay,structured_field
GIAN-NIDHI-R0313,PER-GN-01090,Desale Vishakha V,structured_field
GIAN-NIDHI-R0313,PER-GN-01460,Gawde Veena Manohar,structured_field
GIAN-NIDHI-R0313,PER-GN-01091,Ingole Aarti Sudhakar,structured_field
GIAN-NIDHI-R0452,PER-GN-01092,Thakare Dhanashree Santosh,structured_field
GIAN-NIDHI-R0452,PER-GN-01094,Pawar Sunil Ukhardu,structured_field
GIAN-NIDHI-R0452,PER-GN-01461,Gosavi Deepak Kautik,structured_field
GIAN-NIDHI-R0452,PER-GN-01096,Kapse Sarika Uttamrao,structured_field
GIAN-NIDHI-R0452,PER-GN-01093,Thube Rohini Balkrishna,structured_field
GIAN-NIDHI-R0452,PER-GN-01097,Watwe Gayatri Deepak,structured_field
GIAN-NIDHI-R0316,PER-GN-01102,Thakur Rita R,structured_field
GIAN-NIDHI-R0316,PER-GN-01104,Pawar Sharmishtha R,structured_field
GIAN-NIDHI-R0316,PER-GN-01105,Chobale Neeta K,structured_field
GIAN-NIDHI-R0316,PER-GN-01103,Sonwane Sunita M,structured_field
GIAN-NIDHI-R0317,PER-GN-01106,Lakhapati Kunal,structured_field
GIAN-NIDHI-R0317,PER-GN-01107,Desai Pratik,structured_field
GIAN-NIDHI-R0317,PER-GN-01108,Mistry Paras,structured_field
GIAN-NIDHI-R0317,PER-GN-01109,Pillay Karthika,structured_field
GIAN-NIDHI-R0318,PER-GN-01110,Singh Ganesh Ramprasad,structured_field
GIAN-NIDHI-R0318,PER-GN-01111,Chopade Rahul Vijay,structured_field
GIAN-NIDHI-R0318,PER-GN-01112,Rajnore dilip Chagan,structured_field
GIAN-NIDHI-R0456,PER-GN-01113,Hinge Madhur Jayantrao,structured_field
GIAN-NIDHI-R0456,PER-GN-01115,Kale Alankar Arunrao,structured_field
GIAN-NIDHI-R0456,PER-GN-01462,Deshmukh Amol Arjunrao,structured_field
GIAN-NIDHI-R0456,PER-GN-01114,Deshpande Anand Shripandrao,structured_field
GIAN-NIDHI-R0456,PER-GN-01117,Mane Pradipkumar Mininath,structured_field
GIAN-NIDHI-R0457,PER-GN-01123,Nikhil N. Sonawale,structured_field
GIAN-NIDHI-R0457,PER-GN-01126,Atul G. Marathe,structured_field
GIAN-NIDHI-R0457,PER-GN-01125,Makrand R. Kadam,structured_field
GIAN-NIDHI-R0457,PER-GN-01463,Ritesh B. Parihar,structured_field
GIAN-NIDHI-R0457,PER-GN-01464,Sudarshan P. Dolli,structured_field
GIAN-NIDHI-R0458,PER-GN-01132,Pawar Kiran Subhash,structured_field
GIAN-NIDHI-R0458,PER-GN-01134,Shedge Vaibhav Janardhan,structured_field
GIAN-NIDHI-R0458,PER-GN-01465,Kane Dedar Shrikruhna,structured_field
GIAN-NIDHI-R0458,PER-GN-01133,Sharma Vikas Narad,structured_field
GIAN-NIDHI-R0458,PER-GN-01136,Kulkarni Parag Arvind,structured_field
GIAN-NIDHI-R0459,PER-GN-01148,Zadey Ashish Ankushrao,structured_field
GIAN-NIDHI-R0459,PER-GN-01150,Kalode Prashant Babarao,structured_field
GIAN-NIDHI-R0459,PER-GN-01466,Pihul Kanchan Vinayakrao,structured_field
GIAN-NIDHI-R0459,PER-GN-01149,Deshpande Rama Mukundrao,structured_field
GIAN-NIDHI-R0459,PER-GN-01152,Waghade Sarika Krushnrao,structured_field
GIAN-NIDHI-R0327,PER-GN-01155,Mujumdar Prasad,structured_field
GIAN-NIDHI-R0327,PER-GN-01154,Hulyalkar Rohan,structured_field
GIAN-NIDHI-R0327,PER-GN-01153,Awade Prathamesh,structured_field
GIAN-NIDHI-R0328,PER-GN-01156,Ganesh pratap Lagade,structured_field
GIAN-NIDHI-R0328,PER-GN-01158,Nitin Kailas Kokate,structured_field
GIAN-NIDHI-R0328,PER-GN-01159,Nikhil Dattatraya Kulkarni,structured_field
GIAN-NIDHI-R0328,PER-GN-01157,Shrikant Rajaram Thigale,structured_field
GIAN-NIDHI-R0328,PER-GN-01160,Sachin Sanjay Paygude,structured_field
GIAN-NIDHI-R0462,PER-GN-01163,Mane sudhakar uttamrao,structured_field
GIAN-NIDHI-R0462,PER-GN-01162,Jain Rohit Pramod,structured_field
GIAN-NIDHI-R0462,PER-GN-01161,Shastri Balaji Keshvrao,structured_field
GIAN-NIDHI-R0462,PER-GN-01467,Kapde Amod Atmaramrao,structured_field
GIAN-NIDHI-R0462,PER-GN-01468,Aglave Kuldeep Rustumrao,structured_field
GIAN-NIDHI-R0462,PER-GN-01469,Nadarge Prashant Venkatrao,structured_field
GIAN-NIDHI-R0330,PER-GN-01164,Patil Vikas Shahji,structured_field
GIAN-NIDHI-R0330,PER-GN-01166,Ayare Sagar Vasant,structured_field
GIAN-NIDHI-R0330,PER-GN-01167,Mane Pramod Krishnat,structured_field
GIAN-NIDHI-R0330,PER-GN-01165,Narkar Mayur Mahesh,structured_field
GIAN-NIDHI-R0330,PER-GN-01168,Alone Vishal Sudhakar,structured_field
GIAN-NIDHI-R0464,PER-GN-01169,Dhakate Pankaj A,structured_field
GIAN-NIDHI-R0464,PER-GN-01171,Awandekar Sushil Kumar,structured_field
GIAN-NIDHI-R0464,PER-GN-01170,Katkar Kunal V,structured_field
GIAN-NIDHI-R0464,PER-GN-01470,Hiralkar Prity M,structured_field
GIAN-NIDHI-R0465,PER-GN-01172,Joshi Swapnil Shrikant,structured_field
GIAN-NIDHI-R0465,PER-GN-01175,Bhosale Vaibhav Dattatraya,structured_field
GIAN-NIDHI-R0465,PER-GN-01173,Darange Rushikesh Madhukar,structured_field
GIAN-NIDHI-R0465,PER-GN-01174,Langhe Pravin Prakash,structured_field
GIAN-NIDHI-R0466,PER-GN-01176,Pachpande Purushottam Ramesh,structured_field
GIAN-NIDHI-R0466,PER-GN-01178,Gayal Umesh Vilas,structured_field
GIAN-NIDHI-R0466,PER-GN-01177,Munde Amol,structured_field
GIAN-NIDHI-R0466,PER-GN-01471,Lahire Vinod S.Mamidwar Amit S,structured_field
GIAN-NIDHI-R0467,PER-GN-01181,Salunke Kaveri N,structured_field
GIAN-NIDHI-R0467,PER-GN-01185,Kuhrade Shwetarani R,structured_field
GIAN-NIDHI-R0467,PER-GN-01186,Toradmal Deepali S,structured_field
GIAN-NIDHI-R0467,PER-GN-01472,Patil Kaustubh S,structured_field
GIAN-NIDHI-R0467,PER-GN-01184,Khadke Abhijit A,structured_field
GIAN-NIDHI-R0467,PER-GN-01183,Duraphe Mayur,structured_field
GIAN-NIDHI-R0337,PER-GN-01193,Roshan Kumar Tiwari,structured_field
GIAN-NIDHI-R0337,PER-GN-01194,Sugandh Sinha,structured_field
GIAN-NIDHI-R0337,PER-GN-01195,Saket Sinha,structured_field
GIAN-NIDHI-R0337,PER-GN-01196,Chandan Kumar,structured_field
GIAN-NIDHI-R0339,PER-GN-01200,Khandelwal Atish S,structured_field
GIAN-NIDHI-R0339,PER-GN-01202,Bramhpurikar Ganesh B,structured_field
GIAN-NIDHI-R0339,PER-GN-01203,Umathe Khushal P,structured_field
GIAN-NIDHI-R0339,PER-GN-01201,Wankhede Pratibha L,structured_field
GIAN-NIDHI-R0470,PER-GN-01204,Nair Sreenath Sreeraj,structured_field
GIAN-NIDHI-R0470,PER-GN-01473,Bhadange Nilesh Shantaram,structured_field
GIAN-NIDHI-R0470,PER-GN-01207,Chandgude Girish Ganpatrao,structured_field
GIAN-NIDHI-R0470,PER-GN-01205,Inamdar Mazhar Asad,structured_field
GIAN-NIDHI-R0471,PER-GN-01208,Lakde Amol Dattatray,structured_field
GIAN-NIDHI-R0471,PER-GN-01209,Garge Uday Vilasrao,structured_field
GIAN-NIDHI-R0342,PER-GN-01210,Shah Dhruval,structured_field
GIAN-NIDHI-R0342,PER-GN-01211,Patel Keyur,structured_field
GIAN-NIDHI-R0342,PER-GN-01212,Thakur Briyan,structured_field
GIAN-NIDHI-R0473,PER-GN-00485,Yashwant Deshmukh,structured_field
GIAN-NIDHI-R0473,PER-GN-00486,Pratik Gohel,structured_field
GIAN-NIDHI-R0473,PER-GN-00487,Mukund Motwani,structured_field
GIAN-NIDHI-R0473,PER-GN-00488,Ankush Jangam,structured_field
GIAN-NIDHI-R0474,PER-GN-00489,Kushal Makwana,structured_field
GIAN-NIDHI-R0474,PER-GN-00490,Monil Bhat,structured_field
GIAN-NIDHI-R0474,PER-GN-00491,Palak Desai,structured_field
GIAN-NIDHI-R0475,PER-GN-00492,Vyawahare Baban,structured_field
GIAN-NIDHI-R0475,PER-GN-00493,Syed Arshad,structured_field
GIAN-NIDHI-R0475,PER-GN-00494,Bhushan .Patil,structured_field
GIAN-NIDHI-R0475,PER-GN-00496,Sachin Shukla,structured_field
GIAN-NIDHI-R0476,PER-GN-00497,Hussain Khan,structured_field
GIAN-NIDHI-R0476,PER-GN-00498,Sanket Sarwad,structured_field
GIAN-NIDHI-R0476,PER-GN-00499,Raviraj Banswan,structured_field
GIAN-NIDHI-R0476,PER-GN-00500,Sharad Devare,structured_field
GIAN-NIDHI-R0476,PER-GN-00501,Mohammad Taher,structured_field
GIAN-NIDHI-R0477,PER-GN-00502,Waghmare Swati,structured_field
GIAN-NIDHI-R0477,PER-GN-00503,Tokle Shetal,structured_field
GIAN-NIDHI-R0477,PER-GN-00504,Varsha Sagar,structured_field
GIAN-NIDHI-R0477,PER-GN-00505,Yelikar Madhuri,structured_field
GIAN-NIDHI-R0478,PER-GN-00508,Belekar Apurva,structured_field
GIAN-NIDHI-R0478,PER-GN-00509,Bahirwade Punam,structured_field
GIAN-NIDHI-R0478,PER-GN-00510,Chilwal Pradnya,structured_field
GIAN-NIDHI-R0478,PER-GN-00511,Bhujbal Nita,structured_field
GIAN-NIDHI-R0478,PER-GN-00512,Wasani Sneha,structured_field
GIAN-NIDHI-R0478,PER-GN-00513,Kashid Shradha,structured_field
GIAN-NIDHI-R0479,PER-GN-00514,Kamal Singh,structured_field
GIAN-NIDHI-R0479,PER-GN-00515,Amrut Vyas,structured_field
GIAN-NIDHI-R0479,PER-GN-00516,Manoj Patil,structured_field
GIAN-NIDHI-R0479,PER-GN-00517,Monim Fatehaali,structured_field
GIAN-NIDHI-R0479,PER-GN-00518,Patel Alok,structured_field
GIAN-NIDHI-R0480,PER-GN-01474,Joshi Anup,structured_field
GIAN-NIDHI-R0480,PER-GN-01475,Rane Nikhil,structured_field
GIAN-NIDHI-R0480,PER-GN-01476,Gunjal Mangesh,structured_field
GIAN-NIDHI-R0480,PER-GN-01477,Nikam Manoj,structured_field
GIAN-NIDHI-R0161,PER-GN-00519,Patel Dhavalkumar,structured_field
GIAN-NIDHI-R0161,PER-GN-00520,Pravin Rathod,structured_field
GIAN-NIDHI-R0161,PER-GN-00521,Vinit Gajendragadkar,structured_field
GIAN-NIDHI-R0161,PER-GN-00522,Rahul panes,structured_field
GIAN-NIDHI-R0161,PER-GN-00523,Prashant Dargopatil,structured_field
GIAN-NIDHI-R0161,PER-GN-00524,Shreekant Dhamdere,structured_field
GIAN-NIDHI-R0482,PER-GN-01478,Sudipto Manna,structured_field
GIAN-NIDHI-R0482,PER-GN-01479,Ripan Shah,structured_field
GIAN-NIDHI-R0482,PER-GN-01480,Ganesh Lotekar,structured_field
GIAN-NIDHI-R0482,PER-GN-01481,Swapnil Mandhre,structured_field
GIAN-NIDHI-R0483,PER-GN-00529,Kirve Swapnil,structured_field
GIAN-NIDHI-R0483,PER-GN-00530,Chandan Rao,structured_field
GIAN-NIDHI-R0483,PER-GN-00531,Mangesh Shirude,structured_field
GIAN-NIDHI-R0483,PER-GN-00532,Vaibhav Waghmare,structured_field
GIAN-NIDHI-R0483,PER-GN-00533,Ganesh Bhokse,structured_field
GIAN-NIDHI-R0164,PER-GN-00534,Agarwal Vishalkumar,structured_field
GIAN-NIDHI-R0164,PER-GN-00535,Kaustaubh Dhamankar,structured_field
GIAN-NIDHI-R0164,PER-GN-00536,NItin Kukade,structured_field
GIAN-NIDHI-R0164,PER-GN-00537,Sandip Gaikwad,structured_field
GIAN-NIDHI-R0485,PER-GN-00538,Shaheri Karan,structured_field
GIAN-NIDHI-R0485,PER-GN-00539,Mangukia Viral,structured_field
GIAN-NIDHI-R0485,PER-GN-00540,Kotecha harshil,structured_field
GIAN-NIDHI-R0485,PER-GN-00541,Vartik Akhil,structured_field
GIAN-NIDHI-R0486,PER-GN-00542,Gosaliya Pooja,structured_field
GIAN-NIDHI-R0486,PER-GN-00543,Karmokar Puja,structured_field
GIAN-NIDHI-R0486,PER-GN-00544,Borole Komal,structured_field
GIAN-NIDHI-R0486,PER-GN-00545,Naskar Momita,structured_field
GIAN-NIDHI-R0487,PER-GN-01482,Sartape Niyati,structured_field
GIAN-NIDHI-R0487,PER-GN-01483,Warke Bharti,structured_field
GIAN-NIDHI-R0487,PER-GN-01484,Piyush Deo,structured_field
GIAN-NIDHI-R0487,PER-GN-01485,Vinod Gupta,structured_field
GIAN-NIDHI-R0487,PER-GN-01486,Rupalin Mane,structured_field
GIAN-NIDHI-R0488,PER-GN-01487,Krupal Tarun,structured_field
GIAN-NIDHI-R0488,PER-GN-01488,Sachin Datir,structured_field
GIAN-NIDHI-R0488,PER-GN-01489,Aditya Rambole,structured_field
GIAN-NIDHI-R0488,PER-GN-01490,Rupesh Dhake,structured_field
GIAN-NIDHI-R0489,PER-GN-01491,Shah Priyank,structured_field
GIAN-NIDHI-R0489,PER-GN-01492,Rathod Snajay,structured_field
GIAN-NIDHI-R0489,PER-GN-01493,Varma Rambabu,structured_field
GIAN-NIDHI-R0490,PER-GN-01494,Aher Sachin,structured_field
GIAN-NIDHI-R0490,PER-GN-01495,Joshi Urmit,structured_field
GIAN-NIDHI-R0490,PER-GN-01496,Wale Ajit,structured_field
GIAN-NIDHI-R0491,PER-GN-01497,Rawani Aashish,structured_field
GIAN-NIDHI-R0491,PER-GN-01498,Neha Rathod,structured_field
GIAN-NIDHI-R0491,PER-GN-01499,Kshitija Tiwari,structured_field
GIAN-NIDHI-R0491,PER-GN-01500,Rahul Pande,structured_field
GIAN-NIDHI-R0492,PER-GN-01501,Kulkarni Girish,structured_field
GIAN-NIDHI-R0492,PER-GN-01502,Vinayak Shastri,structured_field
GIAN-NIDHI-R0493,PER-GN-01503,Shah Hardik,structured_field
GIAN-NIDHI-R0493,PER-GN-01504,Amita Yenji,structured_field
GIAN-NIDHI-R0493,PER-GN-01505,Dipali Gosawi,structured_field
GIAN-NIDHI-R0493,PER-GN-01506,Tushar Sartape,structured_field
GIAN-NIDHI-R0494,PER-GN-01507,Patil Rakesh,structured_field
GIAN-NIDHI-R0494,PER-GN-01508,Sunil Bhagart,structured_field
GIAN-NIDHI-R0494,PER-GN-01509,Kartavya CHirde,structured_field
GIAN-NIDHI-R0494,PER-GN-01510,Nitesh lahitkar,structured_field
GIAN-NIDHI-R0495,PER-GN-00717,Imram Patel,structured_field
GIAN-NIDHI-R0495,PER-GN-00718,Deepah Chandagude,structured_field
GIAN-NIDHI-R0495,PER-GN-00719,Mosin g. shekh,structured_field
GIAN-NIDHI-R0495,PER-GN-00720,Kedar Dalavi,structured_field
GIAN-NIDHI-R0496,PER-GN-00721,Jadhav Surekha,structured_field
GIAN-NIDHI-R0496,PER-GN-00722,hinde anita,structured_field
GIAN-NIDHI-R0496,PER-GN-00723,Kalyanakar Ashvini,structured_field
GIAN-NIDHI-R0496,PER-GN-00724,Birajadar Deepali,structured_field
GIAN-NIDHI-R0210,PER-GN-00725,Gaidhankar Deepak,structured_field
GIAN-NIDHI-R0210,PER-GN-00726,Deshmukh Vijay,structured_field
GIAN-NIDHI-R0210,PER-GN-00727,Mohole tejas,structured_field
GIAN-NIDHI-R0210,PER-GN-00728,Upare Amrut,structured_field
GIAN-NIDHI-R0210,PER-GN-00729,Tengale,structured_field
GIAN-NIDHI-R0210,PER-GN-00730,Sidheshwar,structured_field
GIAN-NIDHI-R0210,PER-GN-00731,Madiwal Shreenivas,structured_field
GIAN-NIDHI-R0211,PER-GN-00732,Mali Santshkumar,structured_field
GIAN-NIDHI-R0211,PER-GN-00733,Dushing Rahul,structured_field
GIAN-NIDHI-R0211,PER-GN-00734,Lokhande Ratan,structured_field
GIAN-NIDHI-R0211,PER-GN-00735,Shete Shivaprasad,structured_field
GIAN-NIDHI-R0211,PER-GN-00736,Kulakarni Akshay,structured_field
GIAN-NIDHI-R0211,PER-GN-00737,Dharmadhikari Saurabh,structured_field
GIAN-NIDHI-R0214,PER-GN-00745,Rana Viraj,structured_field
GIAN-NIDHI-R0214,PER-GN-00746,Bagmar Kushal,structured_field
GIAN-NIDHI-R0214,PER-GN-00747,Salanke Yogesh,structured_field
GIAN-NIDHI-R0214,PER-GN-00748,Boraste Abhijit,structured_field
GIAN-NIDHI-R0215,PER-GN-00749,Bhujabal Aboli,structured_field
GIAN-NIDHI-R0216,PER-GN-00750,Ajay Kumar Garg,structured_field
GIAN-NIDHI-R0217,PER-GN-00751,Bildikar Amruta,structured_field
GIAN-NIDHI-R0218,PER-GN-00752,Vanaskar Vinay,structured_field
GIAN-NIDHI-R0218,PER-GN-00753,Bhagat Harish,structured_field
GIAN-NIDHI-R0218,PER-GN-00754,Waghmare Sneha,structured_field
GIAN-NIDHI-R0218,PER-GN-00755,Munne CharuShila,structured_field
GIAN-NIDHI-R0219,PER-GN-00756,Dev Devang,structured_field
GIAN-NIDHI-R0219,PER-GN-00757,Hiral Patel,structured_field
GIAN-NIDHI-R0219,PER-GN-00758,Jigar Pandya,structured_field
GIAN-NIDHI-R0219,PER-GN-00759,Ankit Nandu,structured_field
GIAN-NIDHI-R0220,PER-GN-00760,Shah Savita,structured_field
GIAN-NIDHI-R0220,PER-GN-00761,Jaju Snehal,structured_field
GIAN-NIDHI-R0220,PER-GN-00762,Runawal Pratiksha,structured_field
GIAN-NIDHI-R0220,PER-GN-00763,Tapkir Supriya,structured_field
GIAN-NIDHI-R0506,PER-GN-00767,Pwara Kent,structured_field
GIAN-NIDHI-R0506,PER-GN-00768,Mamidi Naresh,structured_field
GIAN-NIDHI-R0507,PER-GN-00769,Patel Mihir,structured_field
GIAN-NIDHI-R0507,PER-GN-00770,Patel Rajan,structured_field
GIAN-NIDHI-R0507,PER-GN-00771,hemali Desai,structured_field
GIAN-NIDHI-R0507,PER-GN-00772,Khokhari Peeyush,structured_field
GIAN-NIDHI-R0508,PER-GN-00773,Mukharji Manzil,structured_field
GIAN-NIDHI-R0508,PER-GN-00774,Ali Afasar,structured_field
GIAN-NIDHI-R0508,PER-GN-00775,Rathi Kushal,structured_field
GIAN-NIDHI-R0508,PER-GN-00776,Sinh Pushpendra,structured_field
GIAN-NIDHI-R0509,PER-GN-00777,Rahate Nikhil,structured_field
GIAN-NIDHI-R0509,PER-GN-00778,Khanorakar Ashutosh,structured_field
GIAN-NIDHI-R0509,PER-GN-00779,Bhardwaj Utkarsh,structured_field
GIAN-NIDHI-R0509,PER-GN-00780,Kumar Vikas,structured_field
GIAN-NIDHI-R0509,PER-GN-00781,Dadawal Harvindar,structured_field
GIAN-NIDHI-R0510,PER-GN-00787,Powar Ranjeet D,structured_field
GIAN-NIDHI-R0510,PER-GN-00788,Wadekar Manoj S,structured_field
GIAN-NIDHI-R0510,PER-GN-00789,Yewale Sopan B,structured_field
GIAN-NIDHI-R0228,PER-GN-00790,Atul Kanade,structured_field
GIAN-NIDHI-R0228,PER-GN-00791,Vipul Tiwari,structured_field
GIAN-NIDHI-R0228,PER-GN-00792,Vijay Jain,structured_field
GIAN-NIDHI-R0228,PER-GN-00793,Niladri Roy,structured_field
GIAN-NIDHI-R0512,PER-GN-00796,Agrawal Vishal Kishor,structured_field
GIAN-NIDHI-R0513,PER-GN-00797,Gohil Ruchi,structured_field
GIAN-NIDHI-R0513,PER-GN-00798,Patel Hital,structured_field
GIAN-NIDHI-R0513,PER-GN-00799,Hire Dipika,structured_field
GIAN-NIDHI-R0232,PER-GN-00800,Vaktana Hemagi,structured_field
GIAN-NIDHI-R0232,PER-GN-00801,Sagvekar Akshata,structured_field
GIAN-NIDHI-R0232,PER-GN-00802,Patil Rashmi,structured_field
GIAN-NIDHI-R0232,PER-GN-00803,Mathe Jashree,structured_field
GIAN-NIDHI-R0232,PER-GN-00804,Pagdhre Revati,structured_field
GIAN-NIDHI-R0515,PER-GN-00805,Neurgaonkar Kapil,structured_field
GIAN-NIDHI-R0515,PER-GN-00806,Rakade Rahul,structured_field
GIAN-NIDHI-R0515,PER-GN-00807,Dharmadhikari Kanchan,structured_field
GIAN-NIDHI-R0235,PER-GN-00812,Patil Nkul,structured_field
GIAN-NIDHI-R0235,PER-GN-00813,Sinalkar Swanand,structured_field
GIAN-NIDHI-R0235,PER-GN-00814,Bora Pritesh,structured_field
GIAN-NIDHI-R0235,PER-GN-00815,Hwaldar Samir,structured_field
GIAN-NIDHI-R0235,PER-GN-00816,Nikam Vinayak,structured_field
GIAN-NIDHI-R0235,PER-GN-00817,Suryavanshi Sachin,structured_field
GIAN-NIDHI-R0236,PER-GN-00818,Late Kailas,structured_field
GIAN-NIDHI-R0236,PER-GN-00819,Bodade Bharat,structured_field
GIAN-NIDHI-R0236,PER-GN-00820,Disale Sushant,structured_field
GIAN-NIDHI-R0236,PER-GN-00821,Thakare Shivaji,structured_field
GIAN-NIDHI-R0518,PER-GN-00332,Surani Tausif,structured_field
GIAN-NIDHI-R0518,PER-GN-00333,Singadiya Samar,structured_field
GIAN-NIDHI-R0518,PER-GN-00334,Vishwakarma Shyamasundar,structured_field
GIAN-NIDHI-R0518,PER-GN-00335,Ramdhani,structured_field
GIAN-NIDHI-R0519,PER-GN-00336,Ringe Harish,structured_field
GIAN-NIDHI-R0519,PER-GN-00337,Shingavi chetan,structured_field
GIAN-NIDHI-R0519,PER-GN-00338,joshi Dhanashree,structured_field
GIAN-NIDHI-R0519,PER-GN-00339,Arshiya njum,structured_field
GIAN-NIDHI-R0520,PER-GN-00340,Bafana Ashish,structured_field
GIAN-NIDHI-R0520,PER-GN-00341,Aher Priteh,structured_field
GIAN-NIDHI-R0520,PER-GN-00342,Gulawe Kiran,structured_field
GIAN-NIDHI-R0520,PER-GN-00343,Motakari Myur,structured_field
GIAN-NIDHI-R0520,PER-GN-00344,Patil Rohit,structured_field
GIAN-NIDHI-R0521,PER-GN-00350,Balaji Bhalerao,structured_field
GIAN-NIDHI-R0521,PER-GN-00351,Santosh Chanchalwad,structured_field
GIAN-NIDHI-R0090,PER-GN-00352,Ashish Parmar,structured_field
GIAN-NIDHI-R0090,PER-GN-00353,Monik Shah,structured_field
GIAN-NIDHI-R0090,PER-GN-00354,Sameer Lotalikar,structured_field
GIAN-NIDHI-R0523,PER-GN-00355,Neha Shinde,structured_field
GIAN-NIDHI-R0523,PER-GN-00356,Khodankar Neha,structured_field
GIAN-NIDHI-R0523,PER-GN-00357,Moharir Harshada,structured_field
GIAN-NIDHI-R0523,PER-GN-00358,Roy Abhinav,structured_field
GIAN-NIDHI-R0092,PER-GN-00359,Pande C,structured_field
GIAN-NIDHI-R0092,PER-GN-00360,Jadhav S,structured_field
GIAN-NIDHI-R0092,PER-GN-00361,Vyas P,structured_field
GIAN-NIDHI-R0092,PER-GN-00362,Chavan V,structured_field
GIAN-NIDHI-R0092,PER-GN-00363,Sakore N,structured_field
GIAN-NIDHI-R0092,PER-GN-00364,Masne N,structured_field
GIAN-NIDHI-R0525,PER-GN-01063,Yewale Pradip Namedeorao,structured_field
GIAN-NIDHI-R0525,PER-GN-01064,Diware Amol Moreshwarrao,structured_field
GIAN-NIDHI-R0525,PER-GN-01065,Komalwar Tushar K,structured_field
GIAN-NIDHI-R0525,PER-GN-01066,Kakde Pavan Sadashivrao,structured_field
GIAN-NIDHI-R0525,PER-GN-01067,Zilpe Anup Ashokrao,structured_field
GIAN-NIDHI-R0525,PER-GN-01068,Bagde Manish Rameshrao,structured_field
GIAN-NIDHI-R0526,PER-GN-01069,Mali Hitendra Moreshwar,structured_field
GIAN-NIDHI-R0526,PER-GN-01070,Dhake Dipak Vasudev,structured_field
GIAN-NIDHI-R0526,PER-GN-01071,Baviskar Amit Suresh,structured_field
GIAN-NIDHI-R0526,PER-GN-01072,Nale Vishal Shalik,structured_field
GIAN-NIDHI-R0526,PER-GN-01073,Chaudhari Lokesh Kamlakar,structured_field
GIAN-NIDHI-R0309,PER-GN-01074,Agrawal Deepti Vinod,structured_field
GIAN-NIDHI-R0309,PER-GN-01075,Patel Mittal Babubhai,structured_field
GIAN-NIDHI-R0309,PER-GN-01076,Patel Sachin Bipinbhai,structured_field
GIAN-NIDHI-R0528,PER-GN-01299,Mhasurnekar Mrunal,structured_field
GIAN-NIDHI-R0528,PER-GN-01300,gala Bhumika,structured_field
GIAN-NIDHI-R0528,PER-GN-01301,Leena Deshmukh,structured_field
GIAN-NIDHI-R0529,PER-GN-01310,Joshi Vikrant Anant,structured_field
GIAN-NIDHI-R0529,PER-GN-01311,Date Jayant,structured_field
GIAN-NIDHI-R0529,PER-GN-01312,Varkhede Sandeep,structured_field
GIAN-NIDHI-R0529,PER-GN-01313,Kaka Prakash,structured_field
GIAN-NIDHI-R0529,PER-GN-01314,Mahajan Parag,structured_field
GIAN-NIDHI-R0529,PER-GN-01315,Bhole Nilesh,structured_field
GIAN-NIDHI-R0530,PER-GN-01316,Ptil Mandira,structured_field
GIAN-NIDHI-R0530,PER-GN-01317,Khamakar Sampada,structured_field
GIAN-NIDHI-R0530,PER-GN-01318,jatre Medha,structured_field
GIAN-NIDHI-R0530,PER-GN-01319,Sinalakar Harshada,structured_field
GIAN-NIDHI-R0530,PER-GN-01320,telakhade Sampada,structured_field
GIAN-NIDHI-R0531,PER-GN-01321,Gaikawad amol,structured_field
GIAN-NIDHI-R0531,PER-GN-01322,mishra Sujit,structured_field
GIAN-NIDHI-R0531,PER-GN-01323,Jayesh Shintre,structured_field
GIAN-NIDHI-R0531,PER-GN-01324,Sammit Shukla,structured_field
GIAN-NIDHI-R0531,PER-GN-01325,Raunak Patel,structured_field
GIAN-NIDHI-R0531,PER-GN-01326,Kalpesh Panchal,structured_field
GIAN-NIDHI-R0532,PER-GN-01327,Kumbhakarna Darhsani,structured_field
GIAN-NIDHI-R0532,PER-GN-01328,Dharmadhikari Snehnkita,structured_field
GIAN-NIDHI-R0532,PER-GN-01329,Muske Sangeeta,structured_field
GIAN-NIDHI-R0533,PER-GN-01330,Shinde sunil,structured_field
GIAN-NIDHI-R0533,PER-GN-01331,Godse Sandeep,structured_field
GIAN-NIDHI-R0533,PER-GN-01332,Mirza Tausif,structured_field
GIAN-NIDHI-R0533,PER-GN-01333,Jadhav Sachin,structured_field
GIAN-NIDHI-R0533,PER-GN-01334,Patil Yogesh,structured_field
GIAN-NIDHI-R0533,PER-GN-01335,Dhakane Amol,structured_field
GIAN-NIDHI-R0534,PER-GN-01336,Kothwala,structured_field
GIAN-NIDHI-R0534,PER-GN-01337,Ranjan Ashihs,structured_field
GIAN-NIDHI-R0534,PER-GN-01338,Yadav Ravikumar,structured_field
GIAN-NIDHI-R0390,PER-GN-01339,Birajadar Vishnukant,structured_field
GIAN-NIDHI-R0390,PER-GN-01340,Solanke pndurang,structured_field
GIAN-NIDHI-R0390,PER-GN-01341,Pande wapnil,structured_field
GIAN-NIDHI-R0390,PER-GN-01342,Dudhmal Trushna,structured_field
GIAN-NIDHI-R0390,PER-GN-01343,Waghmare Ganesh,structured_field
GIAN-NIDHI-R0390,PER-GN-01344,Pathak Vishwambhar,structured_field
GIAN-NIDHI-R0536,PER-GN-01345,Antakarane Shreekant,structured_field
GIAN-NIDHI-R0536,PER-GN-01346,Gagade Milind,structured_field
GIAN-NIDHI-R0536,PER-GN-01347,Yengade Shradha,structured_field
GIAN-NIDHI-R0536,PER-GN-01348,Bhujade Priyanka,structured_field
GIAN-NIDHI-R0537,PER-GN-01349,Yogesh Bodar,structured_field
GIAN-NIDHI-R0537,PER-GN-01350,Tushar Patel,structured_field
GIAN-NIDHI-R0537,PER-GN-01351,Deepak Sanap,structured_field
GIAN-NIDHI-R0537,PER-GN-01352,Niashad Baari,structured_field
GIAN-NIDHI-R0538,PER-GN-01353,Akansha Arora,structured_field
GIAN-NIDHI-R0538,PER-GN-01354,Swati Jagadhane,structured_field
GIAN-NIDHI-R0538,PER-GN-01355,Vilas Solanke,structured_field
GIAN-NIDHI-R0538,PER-GN-01356,Vitthal Jonawal,structured_field
GIAN-NIDHI-R0538,PER-GN-01357,Machindra Khandagaure,structured_field
GIAN-NIDHI-R0538,PER-GN-01358,Anil Muliya,structured_field
GIAN-NIDHI-R0539,PER-GN-01359,Knadekar Rahul,structured_field
GIAN-NIDHI-R0539,PER-GN-01360,Mahajan Rohit,structured_field
GIAN-NIDHI-R0539,PER-GN-01361,Raut Yogesh,structured_field
GIAN-NIDHI-R0539,PER-GN-01362,Bhakare Sagar,structured_field
GIAN-NIDHI-R0539,PER-GN-01363,Pawar Daulat,structured_field
GIAN-NIDHI-R0395,PER-GN-01364,R. S. ManeChaugule Vinod,structured_field
GIAN-NIDHI-R0395,PER-GN-01365,Todkar Mahesh,structured_field
GIAN-NIDHI-R0395,PER-GN-01366,Ghutukade sachin,structured_field
GIAN-NIDHI-R0395,PER-GN-01367,Karande Shankar,structured_field
GIAN-NIDHI-R0396,PER-GN-01368,Kulakarni C. P,structured_field
GIAN-NIDHI-R0396,PER-GN-01369,Pujari S. R,structured_field
GIAN-NIDHI-R0396,PER-GN-01370,Pialawan A,structured_field
GIAN-NIDHI-R0396,PER-GN-01371,BIsale S,structured_field
GIAN-NIDHI-R0542,PER-GN-01372,Shahu nirav,structured_field
GIAN-NIDHI-R0542,PER-GN-01373,Vora Chintan,structured_field
GIAN-NIDHI-R0542,PER-GN-01374,Dedhiya Chintan,structured_field
GIAN-NIDHI-R0542,PER-GN-01511,yadav Jyaprakash,structured_field
GIAN-NIDHI-R0543,PER-GN-01376,Sneha Hingankar,structured_field
GIAN-NIDHI-R0543,PER-GN-01377,Suchana Rangari,structured_field
GIAN-NIDHI-R0543,PER-GN-01378,Ashwini Wasnik,structured_field
GIAN-NIDHI-R0543,PER-GN-01379,Ashwini Chavan,structured_field
GIAN-NIDHI-R0399,PER-GN-01380,Bhujad Amit,structured_field
GIAN-NIDHI-R0399,PER-GN-01381,Lote Rahul,structured_field
GIAN-NIDHI-R0399,PER-GN-01382,gupta Prem,structured_field
GIAN-NIDHI-R0399,PER-GN-01383,Motinagare Sumit,structured_field
GIAN-NIDHI-R0400,PER-GN-01384,Lndage Deepali,structured_field
GIAN-NIDHI-R0400,PER-GN-01385,Mohad Amruta,structured_field
GIAN-NIDHI-R0400,PER-GN-01386,kansara Preyas,structured_field
GIAN-NIDHI-R0400,PER-GN-01387,Radadiya Pintul,structured_field
GIAN-NIDHI-R0546,PER-GN-00268,G. T. Pawar,structured_field
GIAN-NIDHI-R0546,PER-GN-00269,P. S. Vibhute,structured_field
GIAN-NIDHI-R0546,PER-GN-00270,V. B. Wargat,structured_field
GIAN-NIDHI-R0546,PER-GN-00271,S. A. Thakare,structured_field
GIAN-NIDHI-R0072,PER-GN-00272,C. L. Honwadajkar,structured_field
GIAN-NIDHI-R0072,PER-GN-00273,M.D.Irfan Lulaniya,structured_field
GIAN-NIDHI-R0072,PER-GN-00274,John Love Thomas,structured_field
GIAN-NIDHI-R0072,PER-GN-00275,Bhakti Aade,structured_field
GIAN-NIDHI-R0072,PER-GN-00276,Komal Vaidya,structured_field
GIAN-NIDHI-R0548,PER-GN-00277,Rohit S. Kadam,structured_field
GIAN-NIDHI-R0548,PER-GN-00278,Anup R. Nair,structured_field
GIAN-NIDHI-R0548,PER-GN-00279,Zameer I. Pathan,structured_field
GIAN-NIDHI-R0548,PER-GN-00280,Chetan Borse,structured_field
GIAN-NIDHI-R0549,PER-GN-00281,Grishma V. Devatar,structured_field
GIAN-NIDHI-R0549,PER-GN-00282,Krishna B. Bhavsar,structured_field
GIAN-NIDHI-R0549,PER-GN-00283,Bhranti B. Mehta,structured_field
GIAN-NIDHI-R0549,PER-GN-01512,Komal V,structured_field
GIAN-NIDHI-R0550,PER-GN-00285,Nitin Dawange,structured_field
GIAN-NIDHI-R0550,PER-GN-00286,Kuber Bhusal,structured_field
GIAN-NIDHI-R0550,PER-GN-00287,Bhushan Pawar,structured_field
GIAN-NIDHI-R0550,PER-GN-00288,Ashish Khode,structured_field
GIAN-NIDHI-R0550,PER-GN-01513,Gaurang,structured_field
GIAN-NIDHI-R0551,PER-GN-00290,Dharmapal Ashokkumar Baitule,structured_field
GIAN-NIDHI-R0551,PER-GN-00291,Kalpak Sureshrao Dagwar,structured_field
GIAN-NIDHI-R0551,PER-GN-00292,Sachin Madhukarrao neware,structured_field
GIAN-NIDHI-R0551,PER-GN-00293,Devanand Vijayrao Ghate,structured_field
GIAN-NIDHI-R0551,PER-GN-00294,Gavrav Vinodrao Deshmukh,structured_field
GIAN-NIDHI-R0551,PER-GN-01514,Nilesh Marotrao Tiwas,structured_field
GIAN-NIDHI-R0552,PER-GN-00300,D. R. Garad,structured_field
GIAN-NIDHI-R0552,PER-GN-00301,M. A. Salunke,structured_field
GIAN-NIDHI-R0552,PER-GN-00302,P. L. Kutade,structured_field
GIAN-NIDHI-R0552,PER-GN-00303,S.K. Kutade,structured_field
GIAN-NIDHI-R0552,PER-GN-00304,S. M. Patil,structured_field
GIAN-NIDHI-R0079,PER-GN-00305,Vismay V. Panchal,structured_field
GIAN-NIDHI-R0079,PER-GN-00306,shantanu Kulkarni,structured_field
GIAN-NIDHI-R0079,PER-GN-00307,Shailesh Mhatre,structured_field
GIAN-NIDHI-R0079,PER-GN-00308,Alpesh Rawal,structured_field
GIAN-NIDHI-R0080,PER-GN-00309,Gedekar Vipin,structured_field
GIAN-NIDHI-R0080,PER-GN-00310,Dhole Atul,structured_field
GIAN-NIDHI-R0080,PER-GN-00311,Yewatkar Vivek,structured_field
GIAN-NIDHI-R0080,PER-GN-00312,Naranje Rohit,structured_field
GIAN-NIDHI-R0080,PER-GN-00313,Boragamwar Nitin,structured_field
GIAN-NIDHI-R0080,PER-GN-00314,Titarmare Sandip,structured_field
GIAN-NIDHI-R0555,PER-GN-00315,Shaikh Rehan Abdul Sattar,structured_field
GIAN-NIDHI-R0555,PER-GN-00316,Salunke Yashraj Jaywant,structured_field
GIAN-NIDHI-R0555,PER-GN-00317,Shaikh Kasim Saipan,structured_field
GIAN-NIDHI-R0555,PER-GN-00318,Patil Yogesh Raman,structured_field
GIAN-NIDHI-R0556,PER-GN-00323,Bhawar Nilesh A,structured_field
GIAN-NIDHI-R0556,PER-GN-00324,Dhere Vivek V,structured_field
GIAN-NIDHI-R0556,PER-GN-00325,Gadhe Ganesh B,structured_field
GIAN-NIDHI-R0556,PER-GN-00326,Kapre Avinash S,structured_field
GIAN-NIDHI-R0556,PER-GN-00327,Deshmukh Sandip S,structured_field
GIAN-NIDHI-R0557,PER-GN-00581,Sohil Dilip Beniwal,structured_field
GIAN-NIDHI-R0557,PER-GN-00582,Sudarshan N.Bachchav,structured_field
GIAN-NIDHI-R0557,PER-GN-00583,Umesh R. Jachak,structured_field
GIAN-NIDHI-R0557,PER-GN-00584,Pavan U. Pagar,structured_field
GIAN-NIDHI-R0557,PER-GN-00585,Vipul G. Chaudhari,structured_field
GIAN-NIDHI-R0177,PER-GN-00586,Kalsi Taranjit Kaur A,structured_field
GIAN-NIDHI-R0177,PER-GN-00587,Desai Kalyani N,structured_field
GIAN-NIDHI-R0559,PER-GN-00592,Mungale Abhay,structured_field
GIAN-NIDHI-R0559,PER-GN-00593,Vitonde Pratik,structured_field
GIAN-NIDHI-R0559,PER-GN-00594,Dhoble Pravin,structured_field
GIAN-NIDHI-R0559,PER-GN-00595,Dhakite Pravin,structured_field
GIAN-NIDHI-R0559,PER-GN-00596,Dhote Nitin,structured_field
GIAN-NIDHI-R0559,PER-GN-00597,Chaple Rahul,structured_field
GIAN-NIDHI-R0560,PER-GN-00598,Gaiwad Dilip Prakash,structured_field
GIAN-NIDHI-R0560,PER-GN-00599,Pangavhane Prmod Dinkar,structured_field
GIAN-NIDHI-R0560,PER-GN-00600,Gadekar Pravin Rangnath,structured_field
GIAN-NIDHI-R0560,PER-GN-00601,Pathade Amit Sunil,structured_field
GIAN-NIDHI-R0561,PER-GN-00608,Rajnish S. Zha,structured_field
GIAN-NIDHI-R0561,PER-GN-00609,Hemant N. Rampuriya,structured_field
GIAN-NIDHI-R0561,PER-GN-00610,Bharat M.Kansara,structured_field
GIAN-NIDHI-R0562,PER-GN-00617,Vayavhare Susheel Somnath,structured_field
GIAN-NIDHI-R0562,PER-GN-00618,Rajput Karnsing Jaysing,structured_field
GIAN-NIDHI-R0562,PER-GN-00619,Muley Tushar Mukund,structured_field
GIAN-NIDHI-R0562,PER-GN-00620,Kokate swati Bananarao,structured_field
GIAN-NIDHI-R0562,PER-GN-00621,Deval Anirudha Anant,structured_field
GIAN-NIDHI-R0562,PER-GN-00622,Patel Safiya Nasar,structured_field
GIAN-NIDHI-R0563,PER-GN-00627,Kanabar Bansari B,structured_field
GIAN-NIDHI-R0563,PER-GN-00628,Chauhan Indu S,structured_field
GIAN-NIDHI-R0563,PER-GN-00629,Shimpi Kalpila G,structured_field
GIAN-NIDHI-R0564,PER-GN-00630,Parmar Unnati Manohar,structured_field
GIAN-NIDHI-R0564,PER-GN-00631,Parab Shilpa Rajendra,structured_field
GIAN-NIDHI-R0564,PER-GN-00632,Tajav Shital Kisan,structured_field
GIAN-NIDHI-R0564,PER-GN-00633,Qabageh Amal Yousif,structured_field
GIAN-NIDHI-R0565,PER-GN-00634,Kudav Mithila J,structured_field
GIAN-NIDHI-R0565,PER-GN-00635,Patil Deepali M,structured_field
GIAN-NIDHI-R0565,PER-GN-00636,Oza Prachi H,structured_field
GIAN-NIDHI-R0566,PER-GN-00637,Sonawne Rajesh Sopan,structured_field
GIAN-NIDHI-R0566,PER-GN-00638,Surwade Kiran Bhagwat,structured_field
GIAN-NIDHI-R0566,PER-GN-00639,Thete Nitin Ramdas,structured_field
GIAN-NIDHI-R0566,PER-GN-00640,Shinde Shrinivas Rajan,structured_field
GIAN-NIDHI-R0566,PER-GN-00641,Padhi Debasis Govardhan,structured_field
GIAN-NIDHI-R0567,PER-GN-00642,Gunatit Patel,structured_field
GIAN-NIDHI-R0567,PER-GN-00643,Vikram Sarma,structured_field
GIAN-NIDHI-R0567,PER-GN-00644,Kaustubh deshmukh,structured_field
GIAN-NIDHI-R0567,PER-GN-00645,Yash Shah,structured_field
GIAN-NIDHI-R0568,PER-GN-00646,Pratik Mistri,structured_field
GIAN-NIDHI-R0568,PER-GN-00647,Tanay Navelkar,structured_field
GIAN-NIDHI-R0568,PER-GN-00648,Prem Tiwari,structured_field
GIAN-NIDHI-R0192,PER-GN-00649,Prithviraj A. Chavan,structured_field
GIAN-NIDHI-R0192,PER-GN-00650,Krishna Yadav,structured_field
GIAN-NIDHI-R0192,PER-GN-00651,Dhananjay Sawant,structured_field
GIAN-NIDHI-R0570,PER-GN-00652,Shrikant Anna Vispute,structured_field
GIAN-NIDHI-R0570,PER-GN-00653,Pravin Pandurang Navarkar,structured_field
GIAN-NIDHI-R0570,PER-GN-00654,Pankaj Ramesh Nere,structured_field
GIAN-NIDHI-R0570,PER-GN-00655,Sangram Jabbulal Gupta,structured_field
GIAN-NIDHI-R0570,PER-GN-00656,Manoj V. Patil,structured_field
GIAN-NIDHI-R0196,PER-GN-00665,Rakesh Sakharwade,structured_field
GIAN-NIDHI-R0196,PER-GN-00666,Parish Khobragade,structured_field
GIAN-NIDHI-R0196,PER-GN-00667,Abhijit GajbhiyeAniket Khandar,structured_field
GIAN-NIDHI-R0196,PER-GN-00668,Pranal Patil,structured_field
GIAN-NIDHI-R0196,PER-GN-00669,Sushant Rawale,structured_field
GIAN-NIDHI-R0197,PER-GN-00670,Hol Sagar Bhaskar,structured_field
GIAN-NIDHI-R0197,PER-GN-00671,Vaidya Samir Milind,structured_field
GIAN-NIDHI-R0197,PER-GN-00672,Pawar Bhavna Aanand,structured_field
GIAN-NIDHI-R0197,PER-GN-00673,Pakhare Neelam Dilip,structured_field
GIAN-NIDHI-R0197,PER-GN-00674,Pandit Nisha Prahlad,structured_field
GIAN-NIDHI-R0197,PER-GN-00675,Kumthekar Shruti Dilip,structured_field
GIAN-NIDHI-R0198,PER-GN-00676,Kunal A. Deshmukh,structured_field
GIAN-NIDHI-R0198,PER-GN-00677,Durgesh A. Lokhande,structured_field
GIAN-NIDHI-R0198,PER-GN-00678,Bhavik K. Tank,structured_field
GIAN-NIDHI-R0574,PER-GN-01515,Khule Praveen Jaggnath,structured_field
GIAN-NIDHI-R0574,PER-GN-01516,Jadhav manoj Vinod,structured_field
GIAN-NIDHI-R0574,PER-GN-01517,Jadhav Sachin Gorakhnath,structured_field
GIAN-NIDHI-R0574,PER-GN-01518,Salunke Jagdish Anilrao,structured_field
GIAN-NIDHI-R0574,PER-GN-01519,Kaklij Manish Madhukar,structured_field
GIAN-NIDHI-R0200,PER-GN-00684,Vishwanath M. Longani,structured_field
GIAN-NIDHI-R0200,PER-GN-00685,Madanlal R. Longani,structured_field
GIAN-NIDHI-R0200,PER-GN-00686,Shrvankumar N. Pusala,structured_field
GIAN-NIDHI-R0200,PER-GN-00687,Yogesh Y. Nimse,structured_field
GIAN-NIDHI-R0200,PER-GN-00688,Anil R. Sonwane,structured_field
GIAN-NIDHI-R0576,PER-GN-00689,Amey J. Keshkamat,structured_field
GIAN-NIDHI-R0576,PER-GN-00690,Pankaj P. Badhe,structured_field
GIAN-NIDHI-R0576,PER-GN-00691,Vishal Doshi,structured_field
GIAN-NIDHI-R0576,PER-GN-00692,Viraj Khedekar,structured_field
GIAN-NIDHI-R0202,PER-GN-00693,Manas M. Kapoor,structured_field
GIAN-NIDHI-R0202,PER-GN-00694,Ashwin M. Panikkar,structured_field
GIAN-NIDHI-R0202,PER-GN-00695,Prathamesh P. Shirwadkar,structured_field
GIAN-NIDHI-R0202,PER-GN-00696,Sahaj Dharmaraj,structured_field
GIAN-NIDHI-R0578,PER-GN-00697,Mistri Samir Bhailalbhai,structured_field
GIAN-NIDHI-R0578,PER-GN-00698,Mistri Rahul Bhailalbhai,structured_field
GIAN-NIDHI-R0578,PER-GN-00699,Patel Divyesh Chandrakant,structured_field
GIAN-NIDHI-R0578,PER-GN-00700,Mistri Chintan Maheshbhai,structured_field
GIAN-NIDHI-R0578,PER-GN-00701,Tandel Jignesh Maganbhai,structured_field
GIAN-NIDHI-R0578,PER-GN-01520,Karbhari Harshad Pandit,structured_field
GIAN-NIDHI-R0579,PER-GN-00703,Gawali Ajit Ramesh,structured_field
GIAN-NIDHI-R0579,PER-GN-00704,Devkar Rajendra Dadasaheb,structured_field
GIAN-NIDHI-R0579,PER-GN-00705,Chandgude Amol Shriram,structured_field
GIAN-NIDHI-R0579,PER-GN-00706,Deshmukh Rahul Ashokrao,structured_field
GIAN-NIDHI-R0579,PER-GN-00707,Pawar Sagar Vijay,structured_field
GIAN-NIDHI-R0579,PER-GN-00708,Dhakane Shrikant Ambadas,structured_field
GIAN-NIDHI-R0205,PER-GN-00709,Undirwadkar Harshal Avinash,structured_field
GIAN-NIDHI-R0205,PER-GN-00710,Patil Nilendra Bharat,structured_field
GIAN-NIDHI-R0205,PER-GN-00711,Jijurkar Viresh Babanrao,structured_field
GIAN-NIDHI-R0205,PER-GN-00712,Patil Neelam Jibhau,structured_field
GIAN-NIDHI-R0581,PER-GN-00713,Tejas N.Varsekar,structured_field
GIAN-NIDHI-R0581,PER-GN-00714,Nitin D. Shetty,structured_field
GIAN-NIDHI-R0581,PER-GN-00715,Amit C. Shukla,structured_field
GIAN-NIDHI-R0581,PER-GN-00716,Sudhanshu A. Upadhay,structured_field
GIAN-NIDHI-R0582,PER-GN-01521,Dr. L.S. Sastry,structured_field
GIAN-NIDHI-R0583,PER-GN-01522,Dr. Satyanarayana B.,structured_field
GIAN-NIDHI-R0583,PER-GN-01523,Prof. Sastry L.,structured_field
GIAN-NIDHI-R0584,PER-GN-01522,Dr. Satyanarayana B.,structured_field
GIAN-NIDHI-R0584,PER-GN-01524,Dr. Sastry L.S.,structured_field
GIAN-NIDHI-R0585,PER-GN-01522,Dr. Satyanarayana B.,structured_field
GIAN-NIDHI-R0585,PER-GN-01525,Sastry,structured_field
GIAN-NIDHI-R0586,PER-GN-01524,Dr. Sastry L.S.,structured_field
GIAN-NIDHI-R0586,PER-GN-01526,Dr. Satyanarayana,structured_field
GIAN-NIDHI-R0587,PER-GN-01527,Self,structured_field
GIAN-NIDHI-R0588,PER-GN-01528,Rai D. C.,structured_field
GIAN-NIDHI-R0588,PER-GN-01529,Jain,structured_field
GIAN-NIDHI-R0588,PER-GN-01530,S. K. (2004),structured_field
GIAN-NIDHI-R0589,PER-GN-01531,GURUMURTHY B. A,structured_field
GIAN-NIDHI-R0590,PER-GN-01532,Prasad Ganesh,structured_field
GIAN-NIDHI-R0591,PER-GN-01533,Thakrar Jatinkumar Jagdishbhai,structured_field
GIAN-NIDHI-R0592,PER-GN-01534,Satyam S. Gandhi,structured_field
GIAN-NIDHI-R0593,PER-GN-01535,MISTRY MANISH K,structured_field
GIAN-NIDHI-R0594,PER-GN-01536,PATEL ANKITKUMAR K,structured_field
GIAN-NIDHI-R0595,PER-GN-01537,Patel Jigar kumar Jayantilal,structured_field
GIAN-NIDHI-R0596,PER-GN-01538,2.MODI ROSHAN M,structured_field
GIAN-NIDHI-R0596,PER-GN-01539,3.RATHOD SIDDHARTH L,structured_field
GIAN-NIDHI-R0596,PER-GN-01540,4.KOTHARI SARTHAK B,structured_field
GIAN-NIDHI-R0597,PER-GN-01541,2.ATRE HITESH A,structured_field
GIAN-NIDHI-R0597,PER-GN-01542,3.RAHANE NITESH S,structured_field
GIAN-NIDHI-R0597,PER-GN-01543,4.SHINGADIYA KETAN C,structured_field
GIAN-NIDHI-R0598,PER-GN-01544,2.CHAMPANERIA PARTH P,structured_field
GIAN-NIDHI-R0598,PER-GN-01545,3.HARSORA PARTH K,structured_field
GIAN-NIDHI-R0598,PER-GN-01546,4.BHAVSAR KEVAL B,structured_field
GIAN-NIDHI-R0599,PER-GN-01547,2.NAKARANI NIKUNJ L,structured_field
GIAN-NIDHI-R0599,PER-GN-01548,3.NATHANI KAPIL G,structured_field
GIAN-NIDHI-R0599,PER-GN-01549,4.KHENI UDDHAV A,structured_field
GIAN-NIDHI-R0600,PER-GN-01550,2.DESAI ARZOO A,structured_field
GIAN-NIDHI-R0600,PER-GN-01551,3.PATEL DIMPAL R,structured_field
GIAN-NIDHI-R0601,PER-GN-01552,2.KARAD DHARMESH G,structured_field
GIAN-NIDHI-R0601,PER-GN-01553,3.PANDAV CHIRAG P,structured_field
GIAN-NIDHI-R0601,PER-GN-01554,4.PADARIYA AJAY B,structured_field
GIAN-NIDHI-R0602,PER-GN-01555,2.VASANI KAUSHIK G,structured_field
GIAN-NIDHI-R0602,PER-GN-01556,3.GONDALIYA CHIRAG P,structured_field
GIAN-NIDHI-R0602,PER-GN-01557,4.ZALAVADIYA DVARKESH R,structured_field
GIAN-NIDHI-R0603,PER-GN-01558,2. PARMAR SMITH R,structured_field
GIAN-NIDHI-R0603,PER-GN-01559,3. PATHAN MO. SHAHIL G,structured_field
GIAN-NIDHI-R0604,PER-GN-01560,2. CHAPANERIA VATSAL B,structured_field
GIAN-NIDHI-R0604,PER-GN-01561,3. GOTAWALA HARSHIL D,structured_field
GIAN-NIDHI-R0604,PER-GN-01562,4. KHANTHARIYA NIKUNJ S,structured_field
GIAN-NIDHI-R0605,PER-GN-01563,Shaikh Zaid,structured_field
GIAN-NIDHI-R0605,PER-GN-01564,Jariwala Vaibhav,structured_field
GIAN-NIDHI-R0605,PER-GN-01565,Dhanani Kaushik,structured_field
GIAN-NIDHI-R0605,PER-GN-01566,Donda Dashrath,structured_field
GIAN-NIDHI-R0606,PER-GN-01567,Patel Hardik,structured_field
GIAN-NIDHI-R0606,PER-GN-01568,Patel Vaibhav,structured_field
GIAN-NIDHI-R0606,PER-GN-01569,Patel Hiren,structured_field
GIAN-NIDHI-R0607,PER-GN-01570,Patel Sanket,structured_field
GIAN-NIDHI-R0607,PER-GN-01571,Maurya Rajkumar,structured_field
GIAN-NIDHI-R0607,PER-GN-01572,Patel Tejash,structured_field
GIAN-NIDHI-R0607,PER-GN-01573,Paital Pradosh,structured_field
GIAN-NIDHI-R0608,PER-GN-01574,Pargi Jayesh,structured_field
GIAN-NIDHI-R0608,PER-GN-01575,Dodiya Paras,structured_field
GIAN-NIDHI-R0608,PER-GN-01576,Patel Uttam,structured_field
GIAN-NIDHI-R0608,PER-GN-01577,Tiwari Vivek,structured_field
GIAN-NIDHI-R0608,PER-GN-01578,Mistry Denish,structured_field
GIAN-NIDHI-R0609,PER-GN-01579,Patel Karan,structured_field
GIAN-NIDHI-R0609,PER-GN-01580,Rathod Vijay,structured_field
GIAN-NIDHI-R0609,PER-GN-01581,Hakim Asimkamal,structured_field
GIAN-NIDHI-R0609,PER-GN-01582,Lakdawala Umar,structured_field
GIAN-NIDHI-R0610,PER-GN-01583,Kevadiya Ketan,structured_field
GIAN-NIDHI-R0610,PER-GN-01584,Patel Harshil,structured_field
GIAN-NIDHI-R0610,PER-GN-01585,Prajapati Hiren,structured_field
GIAN-NIDHI-R0610,PER-GN-01586,Baraiya Bhavesh,structured_field
GIAN-NIDHI-R0610,PER-GN-01587,Solanki Khusboo,structured_field
GIAN-NIDHI-R0611,PER-GN-01588,Mangukiya Bhargav,structured_field
GIAN-NIDHI-R0611,PER-GN-01589,Kature Bhavesh,structured_field
GIAN-NIDHI-R0611,PER-GN-01590,Patel Ravi,structured_field
GIAN-NIDHI-R0611,PER-GN-01591,Chaudhri Pradeep,structured_field
GIAN-NIDHI-R0612,PER-GN-01592,Ghevariya Ravi,structured_field
GIAN-NIDHI-R0612,PER-GN-01593,Patel Harsh,structured_field
GIAN-NIDHI-R0612,PER-GN-01594,Sandish Manish,structured_field
GIAN-NIDHI-R0613,PER-GN-01595,Amrolia Nekshan,structured_field
GIAN-NIDHI-R0613,PER-GN-01596,Jasmitya Nisha,structured_field
GIAN-NIDHI-R0613,PER-GN-01597,Patel Pinal,structured_field
GIAN-NIDHI-R0614,PER-GN-01598,Solanki Jitendra,structured_field
GIAN-NIDHI-R0614,PER-GN-01599,Vaghasiya Vishal,structured_field
GIAN-NIDHI-R0614,PER-GN-01600,Prajapati Rajendra,structured_field
GIAN-NIDHI-R0615,PER-GN-01601,Chevli Parth,structured_field
GIAN-NIDHI-R0615,PER-GN-01602,Malik Failjal,structured_field
GIAN-NIDHI-R0616,PER-GN-01603,Lathiya Krupa,structured_field
GIAN-NIDHI-R0616,PER-GN-01604,Italiya Hemangi,structured_field
GIAN-NIDHI-R0616,PER-GN-01605,Mangukiya Parthvi,structured_field
GIAN-NIDHI-R0617,PER-GN-01606,Kosambi Avni,structured_field
GIAN-NIDHI-R0617,PER-GN-01607,Gohil Kiran,structured_field
GIAN-NIDHI-R0617,PER-GN-01608,Yadav Mukesh,structured_field
GIAN-NIDHI-R0618,PER-GN-01609,Patel Sufiyan,structured_field
GIAN-NIDHI-R0618,PER-GN-01610,Gohil Deepak,structured_field
GIAN-NIDHI-R0619,PER-GN-01611,Patel Chintak,structured_field
GIAN-NIDHI-R0619,PER-GN-01612,Thaker Jay,structured_field
GIAN-NIDHI-R0620,PER-GN-01613,PUWAR MAYURSINH JAYDIPSINH,structured_field
GIAN-NIDHI-R0620,PER-GN-01614,MISTRY SANKET SHASHIKANTBHAI,structured_field
GIAN-NIDHI-R0620,PER-GN-01615,BADGUJAR VIJAY SHANKAR,structured_field
GIAN-NIDHI-R0621,PER-GN-01616,BARVALIA DHAVALKUMAR ARVINDBHAI,structured_field
GIAN-NIDHI-R0621,PER-GN-01617,DARJI MANTHAN NARENDRABHAI,structured_field
GIAN-NIDHI-R0621,PER-GN-01618,SANGHANI CHIRAG MANSUKHBHAI,structured_field
GIAN-NIDHI-R0622,PER-GN-01619,VAGHELA BHAUTIKKUMAR NITINBHAI,structured_field
GIAN-NIDHI-R0622,PER-GN-01620,VORA JAYDEEP JEEVRAJBHAI,structured_field
GIAN-NIDHI-R0622,PER-GN-01621,CHOVATIYA YOGESH PARSHOTTAMBHAI,structured_field
GIAN-NIDHI-R0623,PER-GN-01622,DANGAR PANKAJ HARIBHAI,structured_field
GIAN-NIDHI-R0623,PER-GN-01623,CHAVDA VEJANAND PABABHAI,structured_field
GIAN-NIDHI-R0624,PER-GN-01624,GOHIL KARTIK NARENDRABHAI,structured_field
GIAN-NIDHI-R0624,PER-GN-01625,LATHIYA GAURAVKUMAR ASHOKBHAI,structured_field
GIAN-NIDHI-R0625,PER-GN-01626,RATHOD KRISHNA AMRUTBAI,structured_field
GIAN-NIDHI-R0625,PER-GN-01627,RATHOD VAISHALI NARENDRABHAI,structured_field
GIAN-NIDHI-R0626,PER-GN-01628,PATEL MANISHA VINODBHAI,structured_field
GIAN-NIDHI-R0626,PER-GN-01629,PATEL SNEHA GAUTAMBHAI,structured_field
GIAN-NIDHI-R0626,PER-GN-01630,PATEL DHARTIBEN PANKAJKUMAR,structured_field
GIAN-NIDHI-R0627,PER-GN-01631,BHIMANI NIRALI JAYANTILAL,structured_field
GIAN-NIDHI-R0628,PER-GN-01632,LIMBACHIYA PINALBEN RAJESHBHAI,structured_field
GIAN-NIDHI-R0628,PER-GN-01633,PATEL SAPNABAHEN PANKAJBHAI,structured_field
GIAN-NIDHI-R0629,PER-GN-01634,PATIL JAGRUTI DILIPBHAI,structured_field
GIAN-NIDHI-R0629,PER-GN-01635,KOLADIYA PAYAL RASIKBHAI,structured_field
GIAN-NIDHI-R0630,PER-GN-01636,BORAD KOMALBEN BATUKBHAI,structured_field
GIAN-NIDHI-R0631,PER-GN-01637,PATEL KEYURKUMAR DINESHBHAI,structured_field
GIAN-NIDHI-R0631,PER-GN-01638,MODI AKSHAY MAHESHKUMAR,structured_field
GIAN-NIDHI-R0632,PER-GN-01639,CHHAPARIA MAYANKKUMAR JAYESHBHAI,structured_field
GIAN-NIDHI-R0633,PER-GN-01640,DESAI VICKY BHADRESHKUMAR,structured_field
GIAN-NIDHI-R0633,PER-GN-01641,TAILOR BHAUTIK MUKESHBHAI,structured_field
GIAN-NIDHI-R0633,PER-GN-01642,PACHCHIGAR KARAN PRADEEPBHAI,structured_field
GIAN-NIDHI-R0634,PER-GN-01643,PATEL SNEHAL BHARATBHAI,structured_field
GIAN-NIDHI-R0635,PER-GN-01644,SARANG MAYUR CHETANBHAI,structured_field
GIAN-NIDHI-R0635,PER-GN-01645,GONDALIYA NIRAVKUMAR GIRISHBHAI,structured_field
GIAN-NIDHI-R0636,PER-GN-01646,CHAUHAN HARDEE JAYESH,structured_field
GIAN-NIDHI-R0637,PER-GN-01647,GILITWALA KRUNAL SURESHCHANDRA,structured_field
GIAN-NIDHI-R0637,PER-GN-01648,JARIWALA MEET FALGUN,structured_field
GIAN-NIDHI-R0637,PER-GN-01649,PATEL DHARMESHKUMAR NATVARBHAI,structured_field
GIAN-NIDHI-R0638,PER-GN-01650,MAKWANA SAURABH KAPILBHAI,structured_field
GIAN-NIDHI-R0639,PER-GN-01651,Soni Dhruv .P,structured_field
GIAN-NIDHI-R0639,PER-GN-01652,Bhavsar Deep .R,structured_field
GIAN-NIDHI-R0639,PER-GN-01653,Parekh Abhi .M,structured_field
GIAN-NIDHI-R0639,PER-GN-01654,Pandya Milap .J,structured_field
GIAN-NIDHI-R0640,PER-GN-01655,Patel Rakesh,structured_field
GIAN-NIDHI-R0640,PER-GN-01656,Sandhansi Pradeep,structured_field
GIAN-NIDHI-R0640,PER-GN-01657,Shah Milan,structured_field
GIAN-NIDHI-R0640,PER-GN-01658,Tambhake Mayur,structured_field
