rel_id,subject_id,predicate,object_id,status,note,evidence_chunk_ids,evidence_locators
REL-0001,EVT-SY51,organised_by,ORG-SRISTI,stated,,SY51-HB-P2-C01,"[{""doc"": ""SY51-HB-P2"", ""page"": 2}]"
REL-0002,EVT-SY51,supported_by,ORG-GIAN,stated,,SY51-HB-P2-C01,"[{""doc"": ""SY51-HB-P2"", ""page"": 2}]"
REL-0003,EVT-SY51,supported_by,ORG-HBN,stated,,SY51-HB-P2-C01,"[{""doc"": ""SY51-HB-P2"", ""page"": 2}]"
REL-0004,EVT-SY51,described_in,PUB-HB-35-3,stated,,SY51-HB-P1-C01,"[{""doc"": ""SY51-HB-P1"", ""page"": 13}]"
REL-0005,EVT-SY51,described_in,PUB-HB-35-4,stated,,SY51-HB-P2-C01 | SY51-HB-P2-C02,"[{""doc"": ""SY51-HB-P2"", ""page"": 2}]"
REL-0006,EVT-SY51,part_of_series,EVT-SHODHYATRA-SERIES,stated,,SY51-HB-P1-C01,"[{""doc"": ""SY51-HB-P1"", ""page"": 13}]"
REL-0007,EVT-SY53,part_of_series,EVT-SHODHYATRA-SERIES,stated,,SY53-PPT-U02,"[{""doc"": ""SY53-PPT"", ""slide"": 2}]"
REL-0008,EVT-SY53,logo_shown,ORG-HBN,stated,Logo on title slide; organiser/supporter role not stated.,SY53-PPT-U01,"[{""doc"": ""SY53-PPT"", ""slide"": 1}]"
REL-0009,EVT-SY53,logo_shown,ORG-SRISTI,stated,Logo on title slide; slide 60 also mentions SRISTI colleagues working with Dharmveer.,SY53-PPT-U01,"[{""doc"": ""SY53-PPT"", ""slide"": 1}]"
REL-0010,EVT-SY53,logo_shown,ORG-SRISTI-INNOVATIONS,stated,,SY53-PPT-U01,"[{""doc"": ""SY53-PPT"", ""slide"": 1}]"
REL-0011,EVT-SY53,logo_shown,ORG-GIAN,stated,,SY53-PPT-U01,"[{""doc"": ""SY53-PPT"", ""slide"": 1}]"
REL-0012,ORG-SRISTI,supports,ORG-GIAN,stated,,GIAN-NIDHI-PAGE,"[{""doc"": ""GIAN-NIDHI"", ""record"": ""page""}]"
REL-0013,ORG-IIMA,supports,ORG-GIAN,stated,,GIAN-NIDHI-PAGE,"[{""doc"": ""GIAN-NIDHI"", ""record"": ""page""}]"
REL-0014,ORG-HBN,supports,ORG-GIAN,stated,,GIAN-NIDHI-PAGE,"[{""doc"": ""GIAN-NIDHI"", ""record"": ""page""}]"
REL-0015,ORG-GIAN,set_up_in_collaboration_with,ORG-GOVT-GUJARAT,stated,Set up in 1997.,GIAN-NIDHI-PAGE,"[{""doc"": ""GIAN-NIDHI"", ""record"": ""page""}]"
REL-0016,EVT-SY51,route_includes,PLC-HARIMA,stated,,SY51-HB-P1-C01 | SY51-HB-P2-C08,"[{""doc"": ""SY51-HB-P1"", ""page"": 13}, {""doc"": ""SY51-HB-P2"", ""page"": 3}]"
REL-0017,EVT-SY51,route_includes,PLC-LIKHMIDAS-TEMPLE,stated,,SY51-HB-P1-C03 | SY51-HB-P2-C08,"[{""doc"": ""SY51-HB-P1"", ""page"": 14}, {""doc"": ""SY51-HB-P2"", ""page"": 3}]"
REL-0018,EVT-SY51,route_includes,PLC-ATUSAR,stated,,SY51-HB-P1-C04 | SY51-HB-P2-C08,"[{""doc"": ""SY51-HB-P1"", ""page"": 14}, {""doc"": ""SY51-HB-P2"", ""page"": 3}]"
REL-0019,EVT-SY51,route_includes,PLC-FIROD,stated,,SY51-HB-P1-C04 | SY51-HB-P2-C08,"[{""doc"": ""SY51-HB-P1"", ""page"": 14}, {""doc"": ""SY51-HB-P2"", ""page"": 3}]"
REL-0020,EVT-SY51,route_includes,PLC-AMANDA-KI-DHANI,stated,,SY51-HB-P2-C08,"[{""doc"": ""SY51-HB-P2"", ""page"": 3}]"
REL-0021,EVT-SY51,route_includes,PLC-MUNDWA,stated,,SY51-HB-P1-C06 | SY51-HB-P2-C08,"[{""doc"": ""SY51-HB-P1"", ""page"": 15}, {""doc"": ""SY51-HB-P2"", ""page"": 3}]"
REL-0022,EVT-SY51,route_includes,PLC-BHADANA,stated,,SY51-HB-P2-C08,"[{""doc"": ""SY51-HB-P2"", ""page"": 3}]"
REL-0023,EVT-SY51,route_includes,PLC-KUCHERA,stated,,SY51-HB-P1-C06 | SY51-HB-P2-C08,"[{""doc"": ""SY51-HB-P1"", ""page"": 15}, {""doc"": ""SY51-HB-P2"", ""page"": 3}]"
REL-0024,EVT-SY51,route_includes,PLC-CHAK-DHANI,stated,,SY51-HB-P1-C07 | SY51-HB-P1-C08 | SY51-HB-P2-C08,"[{""doc"": ""SY51-HB-P1"", ""page"": 15}, {""doc"": ""SY51-HB-P2"", ""page"": 3}]"
REL-0025,EVT-SY51,visited,PLC-BUTATI,stated,,SY51-HB-P1-C07,"[{""doc"": ""SY51-HB-P1"", ""page"": 15}]"
REL-0026,EVT-SY51,visited,PLC-LOHARPURA,stated,Visited by a few yatris after the sixth day.,SY51-HB-P2-C04,"[{""doc"": ""SY51-HB-P2"", ""page"": 3}]"
REL-0027,EVT-SY53,starts_at,PLC-BHURIMATI,stated,,SY53-PPT-U01,"[{""doc"": ""SY53-PPT"", ""slide"": 1}]"
REL-0028,EVT-SY53,ends_at,PLC-AMBALA-CU,stated,,SY53-PPT-U01,"[{""doc"": ""SY53-PPT"", ""slide"": 1}]"
REL-0029,EVT-SY53,route_includes,PLC-JHABUA,stated,,SY53-PPT-U03,"[{""doc"": ""SY53-PPT"", ""slide"": 4}]"
REL-0030,EVT-SY53,route_includes,PLC-ALIRAJPUR,stated,,SY53-PPT-U03,"[{""doc"": ""SY53-PPT"", ""slide"": 4}]"
REL-0031,EVT-SY53,route_includes,PLC-CHHOTA-UDEPUR,stated,,SY53-PPT-U03,"[{""doc"": ""SY53-PPT"", ""slide"": 4}]"
REL-0032,EVT-SY53,visited,PLC-GUNATA,stated,Halt at Gunata school on 8 June.,SY53-PPT-U43,"[{""doc"": ""SY53-PPT"", ""slide"": 76}]"
REL-0033,EVT-SY53,visited,PLC-MOTI-DUMALI,stated,,SY53-PPT-U11,"[{""doc"": ""SY53-PPT"", ""slide"": 23}]"
REL-0034,PER-SUNDARAM-VERMA,innovator_of,INN-ONE-LITRE-TREE,stated,,SY51-HB-P1-C02 | SY51-HB-P2-C05,"[{""doc"": ""SY51-HB-P1"", ""page"": 14}, {""doc"": ""SY51-HB-P2"", ""page"": 4}]"
REL-0035,PER-SUNDARAM-VERMA,received_award,AWD-PADMA-SHRI,stated,Year not stated.,SY51-HB-P1-C02,"[{""doc"": ""SY51-HB-P1"", ""page"": 14}]"
REL-0036,PER-SUNDARAM-VERMA,grew,INN-RAJASTHAN-APPLE,stated,,SY51-HB-P1-C02,"[{""doc"": ""SY51-HB-P1"", ""page"": 14}]"
REL-0037,PER-HARIMAN-SHARMA,originally_developed,INN-RAJASTHAN-APPLE,stated,The apple variety was originally developed by Hariman Sharma in Himachal Pradesh.,SY51-HB-P1-C02,"[{""doc"": ""SY51-HB-P1"", ""page"": 14}]"
REL-0038,PER-HIMMAT-RAM-BHAMBHU,created,PLC-PARYAVARAN-VAN,stated,,SY51-HB-P1-C01,"[{""doc"": ""SY51-HB-P1"", ""page"": 13}]"
REL-0039,PER-HIMMAT-RAM-BHAMBHU,received_award,AWD-PADMA-SHRI,stated,Year not stated.,SY51-HB-P1-C02,"[{""doc"": ""SY51-HB-P1"", ""page"": 14}]"
REL-0040,PER-RAMESHWAR-KHEJRI,innovator_of,INN-THORNLESS-KHEJRI,stated,,SY51-HB-P1-C02 | SY51-HB-P2-C02 | SY51-HB-P2-C05,"[{""doc"": ""SY51-HB-P1"", ""page"": 14}, {""doc"": ""SY51-HB-P2"", ""page"": 2}, {""doc"": ""SY51-HB-P2"", ""page"": 4}]"
REL-0041,PER-SANTOSH-PACHAR,innovator_of,INN-CARROT-VARIETY,stated,,SY51-HB-P1-C02,"[{""doc"": ""SY51-HB-P1"", ""page"": 14}]"
REL-0042,PER-SANTOSH-PACHAR,received_award,AWD-PRESIDENTIAL-UNSPECIFIED,stated,Source: 'a Presidential awardee'; award name and year not stated.,SY51-HB-P1-C02,"[{""doc"": ""SY51-HB-P1"", ""page"": 14}]"
REL-0043,PER-PANCHARIYA,innovator_of,INN-SWEET-POTATO-VARIETIES,stated,,SY51-HB-P1-C02 | SY51-HB-P1-C07 | SY51-HB-P2-C06,"[{""doc"": ""SY51-HB-P1"", ""page"": 14}, {""doc"": ""SY51-HB-P1"", ""page"": 15}, {""doc"": ""SY51-HB-P2"", ""page"": 4}]"
REL-0044,PER-PANCHARIYA,innovator_of,INN-MILLET-PRODUCTS,stated,,SY51-HB-P1-C02 | SY51-HB-P2-C02,"[{""doc"": ""SY51-HB-P1"", ""page"": 14}, {""doc"": ""SY51-HB-P2"", ""page"": 2}]"
REL-0045,PER-KAMALJI-BATI,operates,PLC-LIKHMIDAS-TEMPLE,stated,,SY51-HB-P1-C03,"[{""doc"": ""SY51-HB-P1"", ""page"": 14}]"
REL-0046,PER-SUNILJI,operates,PLC-LIKHMIDAS-TEMPLE,stated,,SY51-HB-P1-C03,"[{""doc"": ""SY51-HB-P1"", ""page"": 14}]"
REL-0047,PLC-LIKHMIDAS-TEMPLE,runs,INN-TEMPLE-STEEL-GLASSES,stated,,SY51-HB-P1-C03,"[{""doc"": ""SY51-HB-P1"", ""page"": 14}]"
REL-0048,PLC-LIKHMIDAS-TEMPLE,runs,INN-TEMPLE-LAND-DONATION,stated,,SY51-HB-P1-C03,"[{""doc"": ""SY51-HB-P1"", ""page"": 14}]"
REL-0049,ORG-SHUBHANGINI-SPICES,processes,INN-KASURI-METHI,stated,,SY51-HB-P1-C04,"[{""doc"": ""SY51-HB-P1"", ""page"": 14}]"
REL-0050,PER-RAJARAM-TAK,innovator_of,INN-SOLAR-SYSTEM-MODEL,stated,,SY51-HB-P1-C04,"[{""doc"": ""SY51-HB-P1"", ""page"": 14}]"
REL-0051,PER-SHRAVAN-KUMAR-SONI,demonstrated,INN-BONSAI-GREENING,stated,,SY51-HB-P1-C04,"[{""doc"": ""SY51-HB-P1"", ""page"": 14}]"
REL-0052,PER-KANARAMJI,innovator_of,INN-THIGH-CRUTCH,stated,,SY51-HB-P1-C05,"[{""doc"": ""SY51-HB-P1"", ""page"": 14}]"
REL-0053,PER-KANARAMJI,knowledge_holder_of,INN-ANIMAL-REMEDIES-KANARAM,stated,,SY51-HB-P2-C06,"[{""doc"": ""SY51-HB-P2"", ""page"": 4}]"
REL-0054,PER-SATARAM,practises,INN-CAMEL-FARMING,stated,,SY51-HB-P1-C05,"[{""doc"": ""SY51-HB-P1"", ""page"": 15}]"
REL-0055,PER-DHARAMVEER-KHAMBOJJI,innovator_of,INN-ELECTRIC-WHEELCHAIR,stated,,SY51-HB-P1-C06,"[{""doc"": ""SY51-HB-P1"", ""page"": 15}]"
REL-0056,PER-DHARAMVEER-KHAMBOJJI,innovator_of,INN-FRUIT-JUICES,stated,,SY51-HB-P1-C06,"[{""doc"": ""SY51-HB-P1"", ""page"": 15}]"
REL-0057,PER-DHARAMVEER-KHAMBOJJI,participated_in,EVT-SY51,stated,,SY51-HB-P1-C06,"[{""doc"": ""SY51-HB-P1"", ""page"": 15}]"
REL-0058,PER-RINKU-JEJI,idea_of,INN-MANURE-INDICATOR-IDEA,stated,,SY51-HB-P1-C07,"[{""doc"": ""SY51-HB-P1"", ""page"": 15}]"
REL-0059,PER-SIMRAN,idea_of,INN-HOT-COLD-BOTTLE-IDEA,stated,,SY51-HB-P1-C07,"[{""doc"": ""SY51-HB-P1"", ""page"": 15}]"
REL-0060,INN-HELMET-IGNITION-IDEA,documented_at,ORG-NIF,stated,Only the nif.org.in URL is given.,SY51-HB-P1-C07,"[{""doc"": ""SY51-HB-P1"", ""page"": 15}]"
REL-0061,PER-RAM-CHANDRA-SIROHI,innovator_of,INN-STUDY-ROOMS,stated,,SY51-HB-P2-C03,"[{""doc"": ""SY51-HB-P2"", ""page"": 3}]"
REL-0062,PER-RAM-RATANJI,innovator_of,INN-TRACTOR-CREDIT,stated,,SY51-HB-P2-C06,"[{""doc"": ""SY51-HB-P2"", ""page"": 4}]"
REL-0063,PER-PRAHALAD,cultivates,PLT-KHEJRI,stated,Ordinary Khejri cultivation; the source does NOT say these are the thornless/grafted Khejri.,SY51-HB-P1-C06,"[{""doc"": ""SY51-HB-P1"", ""page"": 15}]"
REL-0064,INN-THORNLESS-KHEJRI,variety_of,PLT-KHEJRI,stated,,SY51-HB-P1-C02 | SY51-HB-P2-C02,"[{""doc"": ""SY51-HB-P1"", ""page"": 14}, {""doc"": ""SY51-HB-P2"", ""page"": 2}]"
REL-0065,PER-RAMESH-PARMAR,innovator_of,INN-BHILI-DOLLS,stated,,SY53-PPT-U05,"[{""doc"": ""SY53-PPT"", ""slide"": 14}]"
REL-0066,PER-SHANTI-PARMAR,innovator_of,INN-BHILI-DOLLS,stated,,SY53-PPT-U05,"[{""doc"": ""SY53-PPT"", ""slide"": 14}]"
REL-0067,PER-RAMESH-PARMAR,received_award,AWD-PADMA-SHRI,stated,2023.,SY53-PPT-U05,"[{""doc"": ""SY53-PPT"", ""slide"": 14}]"
REL-0068,PER-SHANTI-PARMAR,received_award,AWD-PADMA-SHRI,stated,2023.,SY53-PPT-U05,"[{""doc"": ""SY53-PPT"", ""slide"": 14}]"
REL-0069,PER-SUBHASH-GIDWANI,promotes,INN-ADIVASI-GUDIYA,stated,,SY53-PPT-U06,"[{""doc"": ""SY53-PPT"", ""slide"": 16}]"
REL-0070,PER-UDDHAV-GIDWANI,founded,ORG-SHAKTI-EMPORIUM,stated,1980s.,SY53-PPT-U06,"[{""doc"": ""SY53-PPT"", ""slide"": 16}]"
REL-0071,PER-UDDHAV-GIDWANI,parent_of,PER-SUBHASH-GIDWANI,stated,,SY53-PPT-U06,"[{""doc"": ""SY53-PPT"", ""slide"": 16}]"
REL-0072,PER-BHARTI-SONI,teaches,INN-CLAY-IDOL-TRAINING,stated,,SY53-PPT-U07,"[{""doc"": ""SY53-PPT"", ""slide"": 17}]"
REL-0073,PER-ARCHANA-RATHWA,innovator_of,INN-WARLI-PITHORA-BUSINESS,stated,,SY53-PPT-U08,"[{""doc"": ""SY53-PPT"", ""slide"": 18}]"
REL-0074,PER-SHIVKUMARJI,made,INN-GATHA-MEMORY-PILLARS,stated,,SY53-PPT-U09,"[{""doc"": ""SY53-PPT"", ""slide"": 21}]"
REL-0075,PER-THAVARSINGH-BHURIYA,practises,ART-PITHORA,stated,,SY53-PPT-U10,"[{""doc"": ""SY53-PPT"", ""slide"": 22}]"
REL-0076,PER-PEMA-FATIYA,practises,ART-PITHORA,stated,,SY53-PPT-U10,"[{""doc"": ""SY53-PPT"", ""slide"": 22}]"
REL-0077,PER-DESING-RATHWA,practises,ART-PITHORA,stated,,SY53-PPT-U17,"[{""doc"": ""SY53-PPT"", ""slide"": 33}]"
REL-0078,PER-DESING-RATHWA,participated_in,EVT-ICCIG,stated,,SY53-PPT-U17,"[{""doc"": ""SY53-PPT"", ""slide"": 33}]"
REL-0079,PER-BHURI-BAI,practises,ART-PITHORA,stated,Hidden text on slide 35.,SY53-PPT-U19,"[{""doc"": ""SY53-PPT"", ""slide"": 35}]"
REL-0080,PER-BHURI-BAI,received_award,AWD-PADMA-SHRI,stated,Hidden text; year not stated.,SY53-PPT-U19,"[{""doc"": ""SY53-PPT"", ""slide"": 35}]"
REL-0081,PER-BHURI-BAI,received_award,AWD-SHIKHAR-SAMMAN,stated,Hidden text.,SY53-PPT-U19,"[{""doc"": ""SY53-PPT"", ""slide"": 35}]"
REL-0082,PER-J-SWAMINATHAN,guided,PER-BHURI-BAI,stated,Hidden text.,SY53-PPT-U19,"[{""doc"": ""SY53-PPT"", ""slide"": 35}]"
REL-0083,PER-ARCHANA-RATHWA,practises,ART-PITHORA,stated,,SY53-PPT-U08,"[{""doc"": ""SY53-PPT"", ""slide"": 18}]"
REL-0084,PER-ANU-BHABHOR,practises,INN-NUKKAD-NATAK,stated,,SY53-PPT-U12,"[{""doc"": ""SY53-PPT"", ""slide"": 24}]"
REL-0085,PER-SANTOSH-BASOND,innovator_of,INN-BAMBOO-BROOM,stated,,SY53-PPT-U13,"[{""doc"": ""SY53-PPT"", ""slide"": 25}]"
REL-0086,PER-RATANBHAI-RATHWA,innovator_of,INN-WOODEN-SCULPTURES,stated,,SY53-PPT-U14,"[{""doc"": ""SY53-PPT"", ""slide"": 28}]"
REL-0087,PER-BHARAT-VARIYA,practises,INN-TRIBAL-FAITH-SCULPTURE,stated,,SY53-PPT-U16,"[{""doc"": ""SY53-PPT"", ""slide"": 31}]"
REL-0088,PER-LEELA-NINAMA,associated_with,ORG-SHIV-SHIVAY-FPC,stated,Named under the FPC heading; exact role not stated.,SY53-PPT-U20,"[{""doc"": ""SY53-PPT"", ""slide"": 36}]"
REL-0089,PER-MANJU-VASUNIYA,associated_with,ORG-SHIV-SHIVAY-FPC,stated,Exact role not stated.,SY53-PPT-U20,"[{""doc"": ""SY53-PPT"", ""slide"": 36}]"
REL-0090,PER-LALITA-SINGAD,associated_with,ORG-SHIV-SHIVAY-FPC,stated,Exact role not stated.,SY53-PPT-U20,"[{""doc"": ""SY53-PPT"", ""slide"": 36}]"
REL-0091,ORG-SHIV-SHIVAY-FPC,runs,INN-LINSEED-STALK-AGGREGATION,stated,,SY53-PPT-U20,"[{""doc"": ""SY53-PPT"", ""slide"": 37}]"
REL-0092,ORG-TRC,guided,ORG-SHIV-SHIVAY-FPC,stated,,SY53-PPT-U20,"[{""doc"": ""SY53-PPT"", ""slide"": 37}]"
REL-0093,PER-SEJAL-RATHWA,innovator_of,INN-BANANA-FIBRE-DIARY,stated,,SY53-PPT-U21,"[{""doc"": ""SY53-PPT"", ""slide"": 39}]"
REL-0094,PER-SEJAL-RATHWA,works_with,ORG-BHASHA-SANSTHA,stated,,SY53-PPT-U21,"[{""doc"": ""SY53-PPT"", ""slide"": 39}]"
REL-0095,PER-HARISH-PAWAR,member_of,ORG-SAMPARK,stated,,SY53-PPT-U22,"[{""doc"": ""SY53-PPT"", ""slide"": 40}, {""doc"": ""SY53-PPT"", ""slide"": 42}]"
REL-0096,ORG-SAMPARK,runs,INN-SAMPARK-SEED-CONSERVATION,stated,,SY53-PPT-U22,"[{""doc"": ""SY53-PPT"", ""slide"": 41}]"
REL-0097,ORG-SAMPARK,runs,INN-PARTICIPATORY-WHEAT-SELECTION,probable,The 'process' is described on the same slide as Sampark's seed collection; the slide does not explicitly say Sampark runs it.,SY53-PPT-U22,"[{""doc"": ""SY53-PPT"", ""slide"": 41}]"
REL-0098,PER-HARISH-PAWAR,promotes,INN-ORGANIC-INPUTS,stated,,SY53-PPT-U22,"[{""doc"": ""SY53-PPT"", ""slide"": 42}]"
REL-0099,ORG-NAYAK-BHIL-DHANUK,makes,INN-HARIYALI-HANDI,stated,,SY53-PPT-U23,"[{""doc"": ""SY53-PPT"", ""slide"": 45}]"
REL-0100,PER-SURENDRAPAL-CHAUHAN,innovator_of,INN-SUNFLOWER-VARIETY,stated,,SY53-PPT-U24,"[{""doc"": ""SY53-PPT"", ""slide"": 46}]"
REL-0101,PER-TERESINGH-BARCHA,conserves,INN-TRADITIONAL-MAIZE-MOONG-SEEDS,stated,,SY53-PPT-U25,"[{""doc"": ""SY53-PPT"", ""slide"": 47}]"
REL-0102,PER-ISAK-MANSURI,conserved_and_promoted,INN-NOORJAHAN-MANGO,stated,,SY53-PPT-U26,"[{""doc"": ""SY53-PPT"", ""slide"": 48}]"
REL-0103,INN-NOORJAHAN-MANGO,grown_in,PLC-KATTHIWADA,stated,,SY53-PPT-U26,"[{""doc"": ""SY53-PPT"", ""slide"": 48}]"
REL-0104,PER-ASHOK-SY53,practises,INN-ORGANIC-TRANSITION-ASHOK,stated,,SY53-PPT-U27,"[{""doc"": ""SY53-PPT"", ""slide"": 50}]"
REL-0105,PER-DULESINGH-BHURIYA,practises,INN-NATURAL-FARMING-DULESINGH,stated,,SY53-PPT-U28,"[{""doc"": ""SY53-PPT"", ""slide"": 51}]"
REL-0106,PER-CHETAN-PACHAYA,practises,INN-BANANA-CULTIVATION-CHETAN,stated,,SY53-PPT-U29,"[{""doc"": ""SY53-PPT"", ""slide"": 52}]"
REL-0107,PER-CHETAN-PACHAYA,established,INN-GIR-GAUSHALA,stated,,SY53-PPT-U29,"[{""doc"": ""SY53-PPT"", ""slide"": 52}]"
REL-0108,PER-KALAMSINGH-DAWAR,practises,INN-INTERCROPPING-DRAGON-FRUIT,stated,,SY53-PPT-U30,"[{""doc"": ""SY53-PPT"", ""slide"": 53}]"
REL-0109,PER-VISHAL-PARMAR,innovator_of,INN-WATER-ELECTRIC-WELDING,stated,,SY53-PPT-U31,"[{""doc"": ""SY53-PPT"", ""slide"": 54}]"
REL-0110,PER-DHARMVEER-SY53,innovator_of,INN-MAHUA-DECORTICATOR,stated,,SY53-PPT-U33,"[{""doc"": ""SY53-PPT"", ""slide"": 60}]"
REL-0111,PER-DHARMVEER-SY53,received_award,AWD-PRESIDENTIAL-UNSPECIFIED,stated,Source: 'राष्ट्रपति पुरस्कार से सम्मानित'; award name and year not stated.,SY53-PPT-U33,"[{""doc"": ""SY53-PPT"", ""slide"": 60}]"
REL-0112,PER-DHARMVEER-SY53,worked_with,ORG-SRISTI,stated,,SY53-PPT-U33,"[{""doc"": ""SY53-PPT"", ""slide"": 60}]"
REL-0113,PER-DHARMVEER-SY53,from,PLC-YAMUNANAGAR,stated,,SY53-PPT-U33,"[{""doc"": ""SY53-PPT"", ""slide"": 60}]"
REL-0114,PER-UDAY-BILWAL,founded,ORG-SOLDIER-ACADEMY-JHABUA,stated,2015.,SY53-PPT-U34,"[{""doc"": ""SY53-PPT"", ""slide"": 63}]"
REL-0115,PER-SEEMA-TRIVEDI,leads,ORG-PMC-GIRLS-SCHOOL,stated,,SY53-PPT-U35,"[{""doc"": ""SY53-PPT"", ""slide"": 64}]"
REL-0116,PER-RENU-KACHHAWA,innovator_of,INN-TLM-KACHHAWA,stated,,SY53-PPT-U36,"[{""doc"": ""SY53-PPT"", ""slide"": 65}]"
REL-0117,PER-JAGDISHBHAI-MAKWANA,teaches_at,ORG-ROJKUVA-SCHOOL,stated,,SY53-PPT-U37,"[{""doc"": ""SY53-PPT"", ""slide"": 66}]"
REL-0118,PER-JAGDISHBHAI-MAKWANA,innovator_of,INN-BHAVAI-EDUCATION,stated,,SY53-PPT-U37,"[{""doc"": ""SY53-PPT"", ""slide"": 66}]"
REL-0119,PER-JITUBHAI-PATEL,teaches_at,ORG-GUNATA-SCHOOL,stated,,SY53-PPT-U38,"[{""doc"": ""SY53-PPT"", ""slide"": 68}]"
REL-0120,PER-JITUBHAI-PATEL,innovator_of,INN-PENSION-LINKAGE,stated,,SY53-PPT-U38,"[{""doc"": ""SY53-PPT"", ""slide"": 68}]"
REL-0121,PER-MEHUL-RATHWA,studies_at,ORG-GUNATA-SCHOOL,probable,Slide 34: 'school of Gunata village'; slide 68: 'student Mehul' at Gunata Primary School.,SY53-PPT-U18 | SY53-PPT-U38,"[{""doc"": ""SY53-PPT"", ""slide"": 34}, {""doc"": ""SY53-PPT"", ""slide"": 68}]"
REL-0122,PER-MEHUL-RATHWA,innovator_of,INN-SCHOOL-ART-MUSEUM,stated,,SY53-PPT-U18 | SY53-PPT-U38,"[{""doc"": ""SY53-PPT"", ""slide"": 34}, {""doc"": ""SY53-PPT"", ""slide"": 68}]"
REL-0123,PER-JITUBHAI-PATEL,inspired,PER-MEHUL-RATHWA,probable,Slide 68 says 'student Mehul' was inspired by Jitubhai; identity with Mehul Rathwa is probable.,SY53-PPT-U38,"[{""doc"": ""SY53-PPT"", ""slide"": 68}]"
REL-0124,PER-DINESHBHAI-RATHWA,innovator_of,INN-RATHWA-WORD-BOOKLET,stated,,SY53-PPT-U39,"[{""doc"": ""SY53-PPT"", ""slide"": 70}]"
REL-0125,ORG-BHASHA-KENDRA,published,INN-RATHWA-WORD-BOOKLET,stated,,SY53-PPT-U39,"[{""doc"": ""SY53-PPT"", ""slide"": 70}]"
REL-0126,PER-RAMANBHAI-RATHWA,teaches_at,ORG-HARPALPUR-SCHOOL,stated,,SY53-PPT-U40,"[{""doc"": ""SY53-PPT"", ""slide"": 71}]"
REL-0127,PER-RAMANBHAI-RATHWA,innovator_of,INN-HARPALPUR-SCHOOL-BUILDING,stated,,SY53-PPT-U40,"[{""doc"": ""SY53-PPT"", ""slide"": 71}]"
REL-0128,PER-NIKHILBHAI-RATHWA,runs,INN-SCHOOL-SUPPLIES-NETWORK,stated,,SY53-PPT-U41,"[{""doc"": ""SY53-PPT"", ""slide"": 73}]"
REL-0129,PER-RITESHBHAI-DARJI,runs,INN-SCHOOL-SUPPLIES-NETWORK,stated,,SY53-PPT-U41,"[{""doc"": ""SY53-PPT"", ""slide"": 73}]"
REL-0130,PER-CHAKABHAI,runs,INN-SCHOOL-SUPPLIES-NETWORK,stated,,SY53-PPT-U41,"[{""doc"": ""SY53-PPT"", ""slide"": 73}]"
REL-0131,PER-AADESH,studies_at,ORG-RANGPUR-SCHOOL,stated,,SY53-PPT-U42,"[{""doc"": ""SY53-PPT"", ""slide"": 75}]"
REL-0132,PER-RINKU-RATHWA,met_during,EVT-SY53,stated,,SY53-PPT-U43,"[{""doc"": ""SY53-PPT"", ""slide"": 76}]"
REL-0133,PER-AKSHAR-VASANI,participated_in,EVT-SY53,stated,,SY53-PPT-U43,"[{""doc"": ""SY53-PPT"", ""slide"": 76}]"
REL-0134,PER-KAMLESHJI-PATEL,led,INN-HATHIPAV-PLANTATION,stated,,SY53-PPT-U45,"[{""doc"": ""SY53-PPT"", ""slide"": 79}]"
REL-0135,ORG-VYAPARI-MAHASANGH,partner_in,INN-HATHIPAV-PLANTATION,stated,,SY53-PPT-U45,"[{""doc"": ""SY53-PPT"", ""slide"": 79}]"
REL-0136,PER-MAHENDRA-SHARMA,runs,ORG-GOOD-MORNING-CLUB,probable,Source: 'through the Good Morning Club'; exact role not stated.,SY53-PPT-U46,"[{""doc"": ""SY53-PPT"", ""slide"": 81}]"
REL-0137,PER-PRAFULJI-SHARMA,runs,ORG-GOOD-MORNING-CLUB,probable,Exact role not stated.,SY53-PPT-U46,"[{""doc"": ""SY53-PPT"", ""slide"": 81}]"
REL-0138,PER-RAJENDRA-SHRIVASTAV,innovator_of,INN-REUNIFICATION-RAJENDRA,stated,,SY53-PPT-U47,"[{""doc"": ""SY53-PPT"", ""slide"": 83}]"
REL-0139,PER-SANDHYA-KULKARNI,practises,INN-CYCLING-SANDHYA,stated,,SY53-PPT-U48,"[{""doc"": ""SY53-PPT"", ""slide"": 84}]"
REL-0140,PER-GOPALBHAI-RATHWA,runs,INN-FREE-RECRUITMENT-TRAINING-GOPAL,stated,,SY53-PPT-U49,"[{""doc"": ""SY53-PPT"", ""slide"": 85}]"
REL-0141,PER-GOPALBHAI-RATHWA,runs,INN-WOMEN-ORGANIC-PROCESSING-TRAINING,stated,,SY53-PPT-U49,"[{""doc"": ""SY53-PPT"", ""slide"": 85}]"
REL-0142,PER-CHANDRASHEKHAR-AZAD,born_in,PLC-BHAVRA,stated,,SY53-PPT-U56,"[{""doc"": ""SY53-PPT"", ""slide"": 92}]"
REL-0143,PER-DHARAMVEER-KHAMBOJJI,possible_same_as,PER-DHARMVEER-SY53,unverified,"Same first name (Dharamveer/Dharmveer), both inventors who took part in Shodhyatras. NOT established: the 53rd deck gives no surname; the 51st article gives no hometown or award; inventions described differ (electric wheelchair, fruit juices vs mahua seed machine). Requires external verification before merging.",SY51-HB-P1-C06 | SY53-PPT-U33,"[{""doc"": ""SY51-HB-P1"", ""page"": 15}, {""doc"": ""SY53-PPT"", ""slide"": 60}]"
REL-0144,PER-ASHOK-SY51,distinct_from,PER-ASHOK-SY53,distinct,"Same first name and both linked to organic farming, but different event (51st, Rajasthan 2024 vs 53rd, MP/Gujarat 2025) and different profiles (entrepreneur employing women vs young farmer turned master trainer).",SY51-HB-P1-C02 | SY53-PPT-U27,"[{""doc"": ""SY51-HB-P1"", ""page"": 14}, {""doc"": ""SY53-PPT"", ""slide"": 50}]"
REL-0145,PER-RINKU-JEJI,distinct_from,PER-RINKU-RATHWA,distinct,"Different surnames, events and regions.",SY51-HB-P1-C07 | SY53-PPT-U43,"[{""doc"": ""SY51-HB-P1"", ""page"": 15}, {""doc"": ""SY53-PPT"", ""slide"": 76}]"
REL-0146,PER-SANTOSH-PACHAR,distinct_from,PER-SANTOSH-BASOND,distinct,"Different surnames, events and work (carrot variety vs bamboo broom).",SY51-HB-P1-C02 | SY53-PPT-U13,"[{""doc"": ""SY51-HB-P1"", ""page"": 14}, {""doc"": ""SY53-PPT"", ""slide"": 25}]"
REL-0147,PER-KAMALJI-BATI,distinct_from,PER-KALAMSINGH-DAWAR,distinct,"Both called 'Kamalji' in places; different surnames, events and roles (temple operator vs farmer).",SY51-HB-P1-C03 | SY53-PPT-U30,"[{""doc"": ""SY51-HB-P1"", ""page"": 14}, {""doc"": ""SY53-PPT"", ""slide"": 53}]"
REL-0148,ORG-BHASHA-SANSTHA,possible_same_as,ORG-BHASHA-KENDRA,unverified,"'भाषा संस्था' (slide 39) and 'भाषा केंद्र' (slide 70) may be the same organisation, but the deck does not say so.",SY53-PPT-U21 | SY53-PPT-U39,"[{""doc"": ""SY53-PPT"", ""slide"": 39}, {""doc"": ""SY53-PPT"", ""slide"": 70}]"
REL-0149,PER-RAMESHWAR-KHEJRI,name_conflict,PER-RAMESHWAR-KHEJRI,probable,'Rameshwar Prasad Ji' (Part I) and 'Rameshwar Lal ji' (Part II) treated as one person because both are credited with the thornless Khejri by grafting; the name conflict is unresolved.,SY51-HB-P1-C02 | SY51-HB-P2-C02,"[{""doc"": ""SY51-HB-P1"", ""page"": 14}, {""doc"": ""SY51-HB-P2"", ""page"": 2}]"
REL-0150,PER-PANCHARIYA,name_conflict,PER-PANCHARIYA,probable,"'Rahulchand' (Part I) vs 'Rawalchand' (Part II) Panchariya, same innovations; variety count 8 (caption) vs 5 (Part II).",SY51-HB-P1-C02 | SY51-HB-P2-C06,"[{""doc"": ""SY51-HB-P1"", ""page"": 14}, {""doc"": ""SY51-HB-P2"", ""page"": 4}]"
REL-0151,EVT-SY51,logo_shown,ORG-HBN,stated,Logo printed on the 51st Shodhyatra route graphic (Honey Bee 35(4) p.3).,SY51-HB-P2-C08,"[{""doc"": ""SY51-HB-P2"", ""page"": 3}]"
REL-0152,EVT-SY51,logo_shown,ORG-SRISTI,stated,Logo printed on the 51st Shodhyatra route graphic (Honey Bee 35(4) p.3).,SY51-HB-P2-C08,"[{""doc"": ""SY51-HB-P2"", ""page"": 3}]"
REL-0153,EVT-SY51,logo_shown,ORG-SRISTI-INNOVATIONS,stated,Logo printed on the 51st Shodhyatra route graphic (Honey Bee 35(4) p.3).,SY51-HB-P2-C08,"[{""doc"": ""SY51-HB-P2"", ""page"": 3}]"
REL-0154,EVT-SY51,logo_shown,ORG-GIAN,stated,Logo printed on the 51st Shodhyatra route graphic (Honey Bee 35(4) p.3).,SY51-HB-P2-C08,"[{""doc"": ""SY51-HB-P2"", ""page"": 3}]"
REL-0155,PRJ-0001,submitted_by_institution,INS-0123,stated,,GIAN-NIDHI-R0001,[]
REL-0156,PRJ-0001,has_participant,PER-GN-00001,stated,,GIAN-NIDHI-R0001,[]
REL-0157,PRJ-0001,has_participant,PER-GN-00002,stated,,GIAN-NIDHI-R0001,[]
REL-0158,PRJ-0001,has_participant,PER-GN-00003,stated,,GIAN-NIDHI-R0001,[]
REL-0159,PRJ-0001,has_participant,PER-GN-00004,stated,,GIAN-NIDHI-R0001,[]
REL-0160,PRJ-0002,submitted_by_institution,INS-0014,stated,,GIAN-NIDHI-R0002,[]
REL-0161,PRJ-0002,has_participant,PER-GN-00005,stated,,GIAN-NIDHI-R0002,[]
REL-0162,PRJ-0002,has_participant,PER-GN-00006,stated,,GIAN-NIDHI-R0002,[]
REL-0163,PRJ-0002,has_participant,PER-GN-00007,stated,,GIAN-NIDHI-R0002,[]
REL-0164,PRJ-0003,submitted_by_institution,INS-0127,stated,,GIAN-NIDHI-R0003,[]
REL-0165,PRJ-0003,has_participant,PER-GN-00008,stated,,GIAN-NIDHI-R0003,[]
REL-0166,PRJ-0003,has_participant,PER-GN-00009,stated,,GIAN-NIDHI-R0003,[]
REL-0167,PRJ-0003,has_participant,PER-GN-00010,stated,,GIAN-NIDHI-R0003,[]
REL-0168,PRJ-0003,has_participant,PER-GN-00011,stated,,GIAN-NIDHI-R0003,[]
REL-0169,PRJ-0004,submitted_by_institution,INS-0024,stated,,GIAN-NIDHI-R0004,[]
REL-0170,PRJ-0004,has_participant,PER-GN-00012,stated,,GIAN-NIDHI-R0004,[]
REL-0171,PRJ-0004,has_participant,PER-GN-00013,stated,,GIAN-NIDHI-R0004,[]
REL-0172,PRJ-0004,has_participant,PER-GN-00014,stated,,GIAN-NIDHI-R0004,[]
REL-0173,PRJ-0004,has_participant,PER-GN-00015,stated,,GIAN-NIDHI-R0004,[]
REL-0174,PRJ-0005,submitted_by_institution,INS-0156,stated,,GIAN-NIDHI-R0005,[]
REL-0175,PRJ-0005,has_participant,PER-GN-00016,stated,,GIAN-NIDHI-R0005,[]
REL-0176,PRJ-0005,has_participant,PER-GN-00017,stated,,GIAN-NIDHI-R0005,[]
REL-0177,PRJ-0005,has_participant,PER-GN-00018,stated,,GIAN-NIDHI-R0005,[]
REL-0178,PRJ-0005,has_participant,PER-GN-00019,stated,,GIAN-NIDHI-R0005,[]
REL-0179,PRJ-0006,submitted_by_institution,INS-0151,stated,,GIAN-NIDHI-R0006,[]
REL-0180,PRJ-0006,has_participant,PER-GN-00020,stated,,GIAN-NIDHI-R0006,[]
REL-0181,PRJ-0006,has_participant,PER-GN-00021,stated,,GIAN-NIDHI-R0006,[]
REL-0182,PRJ-0006,has_participant,PER-GN-00022,stated,,GIAN-NIDHI-R0006,[]
REL-0183,PRJ-0006,has_participant,PER-GN-00023,stated,,GIAN-NIDHI-R0006,[]
REL-0184,PRJ-0007,submitted_by_institution,INS-0105,stated,,GIAN-NIDHI-R0007,[]
REL-0185,PRJ-0007,has_participant,PER-GN-00024,stated,,GIAN-NIDHI-R0007,[]
REL-0186,PRJ-0007,has_participant,PER-GN-00025,stated,,GIAN-NIDHI-R0007,[]
REL-0187,PRJ-0007,has_participant,PER-GN-00026,stated,,GIAN-NIDHI-R0007,[]
REL-0188,PRJ-0007,has_participant,PER-GN-00027,stated,,GIAN-NIDHI-R0007,[]
REL-0189,PRJ-0008,submitted_by_institution,INS-0125,stated,,GIAN-NIDHI-R0008,[]
REL-0190,PRJ-0008,has_participant,PER-GN-00028,stated,,GIAN-NIDHI-R0008,[]
REL-0191,PRJ-0008,has_participant,PER-GN-00029,stated,,GIAN-NIDHI-R0008,[]
REL-0192,PRJ-0008,has_participant,PER-GN-00030,stated,,GIAN-NIDHI-R0008,[]
REL-0193,PRJ-0008,has_participant,PER-GN-00031,stated,,GIAN-NIDHI-R0008,[]
REL-0194,PRJ-0009,submitted_by_institution,INS-0034,stated,,GIAN-NIDHI-R0009,[]
REL-0195,PRJ-0009,has_participant,PER-GN-00032,stated,,GIAN-NIDHI-R0009,[]
REL-0196,PRJ-0009,has_participant,PER-GN-00033,stated,,GIAN-NIDHI-R0009,[]
REL-0197,PRJ-0009,has_participant,PER-GN-00034,stated,,GIAN-NIDHI-R0009,[]
REL-0198,PRJ-0009,has_participant,PER-GN-00035,stated,,GIAN-NIDHI-R0009,[]
REL-0199,PRJ-0010,submitted_by_institution,INS-0008,stated,,GIAN-NIDHI-R0010,[]
REL-0200,PRJ-0010,has_participant,PER-GN-00036,stated,,GIAN-NIDHI-R0010,[]
REL-0201,PRJ-0010,has_participant,PER-GN-00037,stated,,GIAN-NIDHI-R0010,[]
REL-0202,PRJ-0010,has_participant,PER-GN-00038,stated,,GIAN-NIDHI-R0010,[]
REL-0203,PRJ-0010,has_participant,PER-GN-00039,stated,,GIAN-NIDHI-R0010,[]
REL-0204,PRJ-0011,submitted_by_institution,INS-0130,stated,,GIAN-NIDHI-R0011,[]
REL-0205,PRJ-0011,has_participant,PER-GN-00040,stated,,GIAN-NIDHI-R0011,[]
REL-0206,PRJ-0011,has_participant,PER-GN-00041,stated,,GIAN-NIDHI-R0011,[]
REL-0207,PRJ-0011,has_participant,PER-GN-00042,stated,,GIAN-NIDHI-R0011,[]
REL-0208,PRJ-0012,submitted_by_institution,INS-0098,stated,,GIAN-NIDHI-R0012,[]
REL-0209,PRJ-0012,has_participant,PER-GN-00043,stated,,GIAN-NIDHI-R0012,[]
REL-0210,PRJ-0012,has_participant,PER-GN-00044,stated,,GIAN-NIDHI-R0012,[]
REL-0211,PRJ-0012,has_participant,PER-GN-00045,stated,,GIAN-NIDHI-R0012,[]
REL-0212,PRJ-0012,has_participant,PER-GN-00046,stated,,GIAN-NIDHI-R0012,[]
REL-0213,PRJ-0013,submitted_by_institution,INS-0058,stated,,GIAN-NIDHI-R0013,[]
REL-0214,PRJ-0013,has_participant,PER-GN-00047,stated,,GIAN-NIDHI-R0013,[]
REL-0215,PRJ-0013,has_participant,PER-GN-00048,stated,,GIAN-NIDHI-R0013,[]
REL-0216,PRJ-0013,has_participant,PER-GN-00049,stated,,GIAN-NIDHI-R0013,[]
REL-0217,PRJ-0013,has_participant,PER-GN-00050,stated,,GIAN-NIDHI-R0013,[]
REL-0218,PRJ-0014,submitted_by_institution,INS-0021,stated,,GIAN-NIDHI-R0014,[]
REL-0219,PRJ-0014,has_participant,PER-GN-00051,stated,,GIAN-NIDHI-R0014,[]
REL-0220,PRJ-0014,has_participant,PER-GN-00052,stated,,GIAN-NIDHI-R0014,[]
REL-0221,PRJ-0014,has_participant,PER-GN-00053,stated,,GIAN-NIDHI-R0014,[]
REL-0222,PRJ-0014,has_participant,PER-GN-00054,stated,,GIAN-NIDHI-R0014,[]
REL-0223,PRJ-0015,submitted_by_institution,INS-0124,stated,,GIAN-NIDHI-R0015,[]
REL-0224,PRJ-0015,has_participant,PER-GN-00055,stated,,GIAN-NIDHI-R0015,[]
REL-0225,PRJ-0015,has_participant,PER-GN-00056,stated,,GIAN-NIDHI-R0015,[]
REL-0226,PRJ-0015,has_participant,PER-GN-00057,stated,,GIAN-NIDHI-R0015,[]
REL-0227,PRJ-0015,has_participant,PER-GN-00058,stated,,GIAN-NIDHI-R0015,[]
REL-0228,PRJ-0016,submitted_by_institution,INS-0030,stated,,GIAN-NIDHI-R0016,[]
REL-0229,PRJ-0016,has_participant,PER-GN-00059,stated,,GIAN-NIDHI-R0016,[]
REL-0230,PRJ-0016,has_participant,PER-GN-00060,stated,,GIAN-NIDHI-R0016,[]
REL-0231,PRJ-0016,has_participant,PER-GN-00061,stated,,GIAN-NIDHI-R0016,[]
REL-0232,PRJ-0016,has_participant,PER-GN-00062,stated,,GIAN-NIDHI-R0016,[]
REL-0233,PRJ-0017,submitted_by_institution,INS-0069,stated,,GIAN-NIDHI-R0017,[]
REL-0234,PRJ-0017,has_participant,PER-GN-00063,stated,,GIAN-NIDHI-R0017,[]
REL-0235,PRJ-0017,has_participant,PER-GN-00064,stated,,GIAN-NIDHI-R0017,[]
REL-0236,PRJ-0017,has_participant,PER-GN-00065,stated,,GIAN-NIDHI-R0017,[]
REL-0237,PRJ-0018,submitted_by_institution,INS-0081,stated,,GIAN-NIDHI-R0018,[]
REL-0238,PRJ-0018,has_participant,PER-GN-00066,stated,,GIAN-NIDHI-R0018,[]
REL-0239,PRJ-0018,has_participant,PER-GN-00067,stated,,GIAN-NIDHI-R0018,[]
REL-0240,PRJ-0018,has_participant,PER-GN-00068,stated,,GIAN-NIDHI-R0018,[]
REL-0241,PRJ-0018,has_participant,PER-GN-00069,stated,,GIAN-NIDHI-R0018,[]
REL-0242,PRJ-0019,submitted_by_institution,INS-0057,stated,,GIAN-NIDHI-R0019,[]
REL-0243,PRJ-0019,has_participant,PER-GN-00070,stated,,GIAN-NIDHI-R0019,[]
REL-0244,PRJ-0019,has_participant,PER-GN-00071,stated,,GIAN-NIDHI-R0019,[]
REL-0245,PRJ-0019,has_participant,PER-GN-00072,stated,,GIAN-NIDHI-R0019,[]
REL-0246,PRJ-0019,has_participant,PER-GN-00073,stated,,GIAN-NIDHI-R0019,[]
REL-0247,PRJ-0020,submitted_by_institution,INS-0057,stated,,GIAN-NIDHI-R0020,[]
REL-0248,PRJ-0020,has_participant,PER-GN-00074,stated,,GIAN-NIDHI-R0020,[]
REL-0249,PRJ-0020,has_participant,PER-GN-00075,stated,,GIAN-NIDHI-R0020,[]
REL-0250,PRJ-0020,has_participant,PER-GN-00076,stated,,GIAN-NIDHI-R0020,[]
REL-0251,PRJ-0020,has_participant,PER-GN-00077,stated,,GIAN-NIDHI-R0020,[]
REL-0252,PRJ-0021,submitted_by_institution,INS-0131,stated,,GIAN-NIDHI-R0021,[]
REL-0253,PRJ-0021,has_participant,PER-GN-00078,stated,,GIAN-NIDHI-R0021,[]
REL-0254,PRJ-0021,has_participant,PER-GN-00079,stated,,GIAN-NIDHI-R0021,[]
REL-0255,PRJ-0021,has_participant,PER-GN-00080,stated,,GIAN-NIDHI-R0021,[]
REL-0256,PRJ-0021,has_participant,PER-GN-00081,stated,,GIAN-NIDHI-R0021,[]
REL-0257,PRJ-0022,submitted_by_institution,INS-0112,stated,,GIAN-NIDHI-R0022,[]
REL-0258,PRJ-0022,has_participant,PER-GN-00082,stated,,GIAN-NIDHI-R0022,[]
REL-0259,PRJ-0023,submitted_by_institution,INS-0159,stated,,GIAN-NIDHI-R0023,[]
REL-0260,PRJ-0023,has_participant,PER-GN-00083,stated,,GIAN-NIDHI-R0023,[]
REL-0261,PRJ-0023,has_participant,PER-GN-00084,stated,,GIAN-NIDHI-R0023,[]
REL-0262,PRJ-0023,has_participant,PER-GN-00085,stated,,GIAN-NIDHI-R0023,[]
REL-0263,PRJ-0023,has_participant,PER-GN-00086,stated,,GIAN-NIDHI-R0023,[]
REL-0264,PRJ-0024,submitted_by_institution,INS-0023,stated,,GIAN-NIDHI-R0024,[]
REL-0265,PRJ-0024,has_participant,PER-GN-00087,stated,,GIAN-NIDHI-R0024,[]
REL-0266,PRJ-0024,has_participant,PER-GN-00088,stated,,GIAN-NIDHI-R0024,[]
REL-0267,PRJ-0025,submitted_by_institution,INS-0115,stated,,GIAN-NIDHI-R0025,[]
REL-0268,PRJ-0025,has_participant,PER-GN-00089,stated,,GIAN-NIDHI-R0025,[]
REL-0269,PRJ-0025,has_participant,PER-GN-00090,stated,,GIAN-NIDHI-R0025,[]
REL-0270,PRJ-0025,has_participant,PER-GN-00091,stated,,GIAN-NIDHI-R0025,[]
REL-0271,PRJ-0026,submitted_by_institution,INS-0081,stated,,GIAN-NIDHI-R0026,[]
REL-0272,PRJ-0026,has_participant,PER-GN-00092,stated,,GIAN-NIDHI-R0026,[]
REL-0273,PRJ-0026,has_participant,PER-GN-00093,stated,,GIAN-NIDHI-R0026,[]
REL-0274,PRJ-0026,has_participant,PER-GN-00094,stated,,GIAN-NIDHI-R0026,[]
REL-0275,PRJ-0026,has_participant,PER-GN-00095,stated,,GIAN-NIDHI-R0026,[]
REL-0276,PRJ-0027,submitted_by_institution,INS-0113,stated,,GIAN-NIDHI-R0027,[]
REL-0277,PRJ-0027,has_participant,PER-GN-00096,stated,,GIAN-NIDHI-R0027,[]
REL-0278,PRJ-0028,submitted_by_institution,INS-0106,stated,,GIAN-NIDHI-R0028,[]
REL-0279,PRJ-0028,has_participant,PER-GN-00097,stated,,GIAN-NIDHI-R0028,[]
REL-0280,PRJ-0028,has_participant,PER-GN-00098,stated,,GIAN-NIDHI-R0028,[]
REL-0281,PRJ-0028,has_participant,PER-GN-00099,stated,,GIAN-NIDHI-R0028,[]
REL-0282,PRJ-0028,has_participant,PER-GN-00100,stated,,GIAN-NIDHI-R0028,[]
REL-0283,PRJ-0029,submitted_by_institution,INS-0157,stated,,GIAN-NIDHI-R0029,[]
REL-0284,PRJ-0029,has_participant,PER-GN-00101,stated,,GIAN-NIDHI-R0029,[]
REL-0285,PRJ-0029,has_participant,PER-GN-00102,stated,,GIAN-NIDHI-R0029,[]
REL-0286,PRJ-0029,has_participant,PER-GN-00103,stated,,GIAN-NIDHI-R0029,[]
REL-0287,PRJ-0029,has_participant,PER-GN-00104,stated,,GIAN-NIDHI-R0029,[]
REL-0288,PRJ-0030,submitted_by_institution,INS-0145,stated,,GIAN-NIDHI-R0030,[]
REL-0289,PRJ-0030,has_participant,PER-GN-00105,stated,,GIAN-NIDHI-R0030,[]
REL-0290,PRJ-0030,has_participant,PER-GN-00106,stated,,GIAN-NIDHI-R0030,[]
REL-0291,PRJ-0030,has_participant,PER-GN-00107,stated,,GIAN-NIDHI-R0030,[]
REL-0292,PRJ-0030,has_participant,PER-GN-00108,stated,,GIAN-NIDHI-R0030,[]
REL-0293,PRJ-0031,submitted_by_institution,INS-0158,stated,,GIAN-NIDHI-R0031,[]
REL-0294,PRJ-0031,has_participant,PER-GN-00109,stated,,GIAN-NIDHI-R0031,[]
REL-0295,PRJ-0031,has_participant,PER-GN-00110,stated,,GIAN-NIDHI-R0031,[]
REL-0296,PRJ-0031,has_participant,PER-GN-00111,stated,,GIAN-NIDHI-R0031,[]
REL-0297,PRJ-0031,has_participant,PER-GN-00112,stated,,GIAN-NIDHI-R0031,[]
REL-0298,PRJ-0032,submitted_by_institution,INS-0135,stated,,GIAN-NIDHI-R0032,[]
REL-0299,PRJ-0032,has_participant,PER-GN-00113,stated,,GIAN-NIDHI-R0032,[]
REL-0300,PRJ-0032,has_participant,PER-GN-00114,stated,,GIAN-NIDHI-R0032,[]
REL-0301,PRJ-0033,submitted_by_institution,INS-0017,stated,,GIAN-NIDHI-R0033,[]
REL-0302,PRJ-0033,has_participant,PER-GN-00115,stated,,GIAN-NIDHI-R0033,[]
REL-0303,PRJ-0033,has_participant,PER-GN-00116,stated,,GIAN-NIDHI-R0033,[]
REL-0304,PRJ-0033,has_participant,PER-GN-00117,stated,,GIAN-NIDHI-R0033,[]
REL-0305,PRJ-0033,has_participant,PER-GN-00118,stated,,GIAN-NIDHI-R0033,[]
REL-0306,PRJ-0034,submitted_by_institution,INS-0029,stated,,GIAN-NIDHI-R0034,[]
REL-0307,PRJ-0034,has_participant,PER-GN-00119,stated,,GIAN-NIDHI-R0034,[]
REL-0308,PRJ-0034,has_participant,PER-GN-00120,stated,,GIAN-NIDHI-R0034,[]
REL-0309,PRJ-0034,has_participant,PER-GN-00121,stated,,GIAN-NIDHI-R0034,[]
REL-0310,PRJ-0034,has_participant,PER-GN-00122,stated,,GIAN-NIDHI-R0034,[]
REL-0311,PRJ-0034,has_participant,PER-GN-00123,stated,,GIAN-NIDHI-R0034,[]
REL-0312,PRJ-0035,submitted_by_institution,INS-0020,stated,,GIAN-NIDHI-R0035,[]
REL-0313,PRJ-0035,has_participant,PER-GN-00124,stated,,GIAN-NIDHI-R0035,[]
REL-0314,PRJ-0035,has_participant,PER-GN-00125,stated,,GIAN-NIDHI-R0035,[]
REL-0315,PRJ-0035,has_participant,PER-GN-00126,stated,,GIAN-NIDHI-R0035,[]
REL-0316,PRJ-0035,has_participant,PER-GN-00127,stated,,GIAN-NIDHI-R0035,[]
REL-0317,PRJ-0036,submitted_by_institution,INS-0034,stated,,GIAN-NIDHI-R0036,[]
REL-0318,PRJ-0036,has_participant,PER-GN-00128,stated,,GIAN-NIDHI-R0036,[]
REL-0319,PRJ-0036,has_participant,PER-GN-00129,stated,,GIAN-NIDHI-R0036,[]
REL-0320,PRJ-0036,has_participant,PER-GN-00130,stated,,GIAN-NIDHI-R0036,[]
REL-0321,PRJ-0036,has_participant,PER-GN-00131,stated,,GIAN-NIDHI-R0036,[]
REL-0322,PRJ-0036,has_participant,PER-GN-00132,stated,,GIAN-NIDHI-R0036,[]
REL-0323,PRJ-0036,has_participant,PER-GN-00133,stated,,GIAN-NIDHI-R0036,[]
REL-0324,PRJ-0037,submitted_by_institution,INS-0062,stated,,GIAN-NIDHI-R0037,[]
REL-0325,PRJ-0037,has_participant,PER-GN-00134,stated,,GIAN-NIDHI-R0037,[]
REL-0326,PRJ-0037,has_participant,PER-GN-00135,stated,,GIAN-NIDHI-R0037,[]
REL-0327,PRJ-0037,has_participant,PER-GN-00136,stated,,GIAN-NIDHI-R0037,[]
REL-0328,PRJ-0037,has_participant,PER-GN-00137,stated,,GIAN-NIDHI-R0037,[]
REL-0329,PRJ-0038,submitted_by_institution,INS-0053,stated,,GIAN-NIDHI-R0038,[]
REL-0330,PRJ-0038,has_participant,PER-GN-00138,stated,,GIAN-NIDHI-R0038,[]
REL-0331,PRJ-0038,has_participant,PER-GN-00139,stated,,GIAN-NIDHI-R0038,[]
REL-0332,PRJ-0038,has_participant,PER-GN-00140,stated,,GIAN-NIDHI-R0038,[]
REL-0333,PRJ-0038,has_participant,PER-GN-00141,stated,,GIAN-NIDHI-R0038,[]
REL-0334,PRJ-0039,submitted_by_institution,INS-0022,stated,,GIAN-NIDHI-R0039,[]
REL-0335,PRJ-0039,has_participant,PER-GN-00142,stated,,GIAN-NIDHI-R0039,[]
REL-0336,PRJ-0039,has_participant,PER-GN-00143,stated,,GIAN-NIDHI-R0039,[]
REL-0337,PRJ-0039,has_participant,PER-GN-00144,stated,,GIAN-NIDHI-R0039,[]
REL-0338,PRJ-0039,has_participant,PER-GN-00145,stated,,GIAN-NIDHI-R0039,[]
REL-0339,PRJ-0039,has_participant,PER-GN-00146,stated,,GIAN-NIDHI-R0039,[]
REL-0340,PRJ-0040,submitted_by_institution,INS-0013,stated,,GIAN-NIDHI-R0040,[]
REL-0341,PRJ-0040,has_participant,PER-GN-00147,stated,,GIAN-NIDHI-R0040,[]
REL-0342,PRJ-0040,has_participant,PER-GN-00148,stated,,GIAN-NIDHI-R0040,[]
REL-0343,PRJ-0040,has_participant,PER-GN-00149,stated,,GIAN-NIDHI-R0040,[]
REL-0344,PRJ-0040,has_participant,PER-GN-00150,stated,,GIAN-NIDHI-R0040,[]
REL-0345,PRJ-0041,submitted_by_institution,INS-0138,stated,,GIAN-NIDHI-R0041,[]
REL-0346,PRJ-0041,has_participant,PER-GN-00151,stated,,GIAN-NIDHI-R0041,[]
REL-0347,PRJ-0041,has_participant,PER-GN-00152,stated,,GIAN-NIDHI-R0041,[]
REL-0348,PRJ-0041,has_participant,PER-GN-00153,stated,,GIAN-NIDHI-R0041,[]
REL-0349,PRJ-0041,has_participant,PER-GN-00154,stated,,GIAN-NIDHI-R0041,[]
REL-0350,PRJ-0042,submitted_by_institution,INS-0006,stated,,GIAN-NIDHI-R0042,[]
REL-0351,PRJ-0042,has_participant,PER-GN-00155,stated,,GIAN-NIDHI-R0042,[]
REL-0352,PRJ-0042,has_participant,PER-GN-00156,stated,,GIAN-NIDHI-R0042,[]
REL-0353,PRJ-0042,has_participant,PER-GN-00157,stated,,GIAN-NIDHI-R0042,[]
REL-0354,PRJ-0043,submitted_by_institution,INS-0014,stated,,GIAN-NIDHI-R0043,[]
REL-0355,PRJ-0043,has_participant,PER-GN-00158,stated,,GIAN-NIDHI-R0043,[]
REL-0356,PRJ-0043,has_participant,PER-GN-00159,stated,,GIAN-NIDHI-R0043,[]
REL-0357,PRJ-0043,has_participant,PER-GN-00160,stated,,GIAN-NIDHI-R0043,[]
REL-0358,PRJ-0043,has_participant,PER-GN-00161,stated,,GIAN-NIDHI-R0043,[]
REL-0359,PRJ-0044,submitted_by_institution,INS-0133,stated,,GIAN-NIDHI-R0044,[]
REL-0360,PRJ-0044,has_participant,PER-GN-00162,stated,,GIAN-NIDHI-R0044,[]
REL-0361,PRJ-0044,has_participant,PER-GN-00163,stated,,GIAN-NIDHI-R0044,[]
REL-0362,PRJ-0044,has_participant,PER-GN-00164,stated,,GIAN-NIDHI-R0044,[]
REL-0363,PRJ-0044,has_participant,PER-GN-00165,stated,,GIAN-NIDHI-R0044,[]
REL-0364,PRJ-0044,has_participant,PER-GN-00166,stated,,GIAN-NIDHI-R0044,[]
REL-0365,PRJ-0045,submitted_by_institution,INS-0079,stated,,GIAN-NIDHI-R0045,[]
REL-0366,PRJ-0045,has_participant,PER-GN-00167,stated,,GIAN-NIDHI-R0045,[]
REL-0367,PRJ-0045,has_participant,PER-GN-00168,stated,,GIAN-NIDHI-R0045,[]
REL-0368,PRJ-0045,has_participant,PER-GN-00169,stated,,GIAN-NIDHI-R0045,[]
REL-0369,PRJ-0045,has_participant,PER-GN-00170,stated,,GIAN-NIDHI-R0045,[]
REL-0370,PRJ-0045,has_participant,PER-GN-00171,stated,,GIAN-NIDHI-R0045,[]
REL-0371,PRJ-0046,submitted_by_institution,INS-0003,stated,,GIAN-NIDHI-R0046,[]
REL-0372,PRJ-0046,has_participant,PER-GN-00172,stated,,GIAN-NIDHI-R0046,[]
REL-0373,PRJ-0046,has_participant,PER-GN-00173,stated,,GIAN-NIDHI-R0046,[]
REL-0374,PRJ-0046,has_participant,PER-GN-00174,stated,,GIAN-NIDHI-R0046,[]
REL-0375,PRJ-0046,has_participant,PER-GN-00175,stated,,GIAN-NIDHI-R0046,[]
REL-0376,PRJ-0046,has_participant,PER-GN-00176,stated,,GIAN-NIDHI-R0046,[]
REL-0377,PRJ-0047,submitted_by_institution,INS-0032,stated,,GIAN-NIDHI-R0047,[]
REL-0378,PRJ-0047,has_participant,PER-GN-00177,stated,,GIAN-NIDHI-R0047,[]
REL-0379,PRJ-0047,has_participant,PER-GN-00178,stated,,GIAN-NIDHI-R0047,[]
REL-0380,PRJ-0047,has_participant,PER-GN-00179,stated,,GIAN-NIDHI-R0047,[]
REL-0381,PRJ-0047,has_participant,PER-GN-00180,stated,,GIAN-NIDHI-R0047,[]
REL-0382,PRJ-0047,has_participant,PER-GN-00181,stated,,GIAN-NIDHI-R0047,[]
REL-0383,PRJ-0048,submitted_by_institution,INS-0120,stated,,GIAN-NIDHI-R0048,[]
REL-0384,PRJ-0048,has_participant,PER-GN-00182,stated,,GIAN-NIDHI-R0048,[]
REL-0385,PRJ-0048,has_participant,PER-GN-00183,stated,,GIAN-NIDHI-R0048,[]
REL-0386,PRJ-0048,has_participant,PER-GN-00184,stated,,GIAN-NIDHI-R0048,[]
REL-0387,PRJ-0048,has_participant,PER-GN-00185,stated,,GIAN-NIDHI-R0048,[]
REL-0388,PRJ-0048,has_participant,PER-GN-00186,stated,,GIAN-NIDHI-R0048,[]
REL-0389,PRJ-0048,has_participant,PER-GN-00187,stated,,GIAN-NIDHI-R0048,[]
REL-0390,PRJ-0049,submitted_by_institution,INS-0071,stated,,GIAN-NIDHI-R0049,[]
REL-0391,PRJ-0049,has_participant,PER-GN-00188,stated,,GIAN-NIDHI-R0049,[]
REL-0392,PRJ-0049,has_participant,PER-GN-00189,stated,,GIAN-NIDHI-R0049,[]
REL-0393,PRJ-0049,has_participant,PER-GN-00190,stated,,GIAN-NIDHI-R0049,[]
REL-0394,PRJ-0049,has_participant,PER-GN-00191,stated,,GIAN-NIDHI-R0049,[]
REL-0395,PRJ-0050,submitted_by_institution,INS-0030,stated,,GIAN-NIDHI-R0050,[]
REL-0396,PRJ-0050,has_participant,PER-GN-00192,stated,,GIAN-NIDHI-R0050,[]
REL-0397,PRJ-0050,has_participant,PER-GN-00193,stated,,GIAN-NIDHI-R0050,[]
REL-0398,PRJ-0050,has_participant,PER-GN-00194,stated,,GIAN-NIDHI-R0050,[]
REL-0399,PRJ-0051,submitted_by_institution,INS-0013,stated,,GIAN-NIDHI-R0051,[]
REL-0400,PRJ-0051,has_participant,PER-GN-00195,stated,,GIAN-NIDHI-R0051,[]
REL-0401,PRJ-0051,has_participant,PER-GN-00196,stated,,GIAN-NIDHI-R0051,[]
REL-0402,PRJ-0051,has_participant,PER-GN-00197,stated,,GIAN-NIDHI-R0051,[]
REL-0403,PRJ-0051,has_participant,PER-GN-00198,stated,,GIAN-NIDHI-R0051,[]
REL-0404,PRJ-0052,submitted_by_institution,INS-0017,stated,,GIAN-NIDHI-R0052,[]
REL-0405,PRJ-0052,has_participant,PER-GN-00199,stated,,GIAN-NIDHI-R0052,[]
REL-0406,PRJ-0052,has_participant,PER-GN-00200,stated,,GIAN-NIDHI-R0052,[]
REL-0407,PRJ-0052,has_participant,PER-GN-00201,stated,,GIAN-NIDHI-R0052,[]
REL-0408,PRJ-0052,has_participant,PER-GN-00202,stated,,GIAN-NIDHI-R0052,[]
REL-0409,PRJ-0053,submitted_by_institution,INS-0096,stated,,GIAN-NIDHI-R0053,[]
REL-0410,PRJ-0053,has_participant,PER-GN-00203,stated,,GIAN-NIDHI-R0053,[]
REL-0411,PRJ-0053,has_participant,PER-GN-00204,stated,,GIAN-NIDHI-R0053,[]
REL-0412,PRJ-0053,has_participant,PER-GN-00205,stated,,GIAN-NIDHI-R0053,[]
REL-0413,PRJ-0053,has_participant,PER-GN-00206,stated,,GIAN-NIDHI-R0053,[]
REL-0414,PRJ-0054,submitted_by_institution,INS-0010,stated,,GIAN-NIDHI-R0054,[]
REL-0415,PRJ-0054,has_participant,PER-GN-00207,stated,,GIAN-NIDHI-R0054,[]
REL-0416,PRJ-0054,has_participant,PER-GN-00208,stated,,GIAN-NIDHI-R0054,[]
REL-0417,PRJ-0054,has_participant,PER-GN-00209,stated,,GIAN-NIDHI-R0054,[]
REL-0418,PRJ-0055,submitted_by_institution,INS-0044,stated,,GIAN-NIDHI-R0055,[]
REL-0419,PRJ-0055,has_participant,PER-GN-00210,stated,,GIAN-NIDHI-R0055,[]
REL-0420,PRJ-0055,has_participant,PER-GN-00211,stated,,GIAN-NIDHI-R0055,[]
REL-0421,PRJ-0055,has_participant,PER-GN-00212,stated,,GIAN-NIDHI-R0055,[]
REL-0422,PRJ-0055,has_participant,PER-GN-00213,stated,,GIAN-NIDHI-R0055,[]
REL-0423,PRJ-0056,submitted_by_institution,INS-0004,stated,,GIAN-NIDHI-R0056,[]
REL-0424,PRJ-0056,has_participant,PER-GN-00214,stated,,GIAN-NIDHI-R0056,[]
REL-0425,PRJ-0056,has_participant,PER-GN-00215,stated,,GIAN-NIDHI-R0056,[]
REL-0426,PRJ-0056,has_participant,PER-GN-00216,stated,,GIAN-NIDHI-R0056,[]
REL-0427,PRJ-0057,submitted_by_institution,INS-0026,stated,,GIAN-NIDHI-R0057,[]
REL-0428,PRJ-0057,has_participant,PER-GN-00217,stated,,GIAN-NIDHI-R0057,[]
REL-0429,PRJ-0057,has_participant,PER-GN-00218,stated,,GIAN-NIDHI-R0057,[]
REL-0430,PRJ-0058,submitted_by_institution,INS-0050,stated,,GIAN-NIDHI-R0058,[]
REL-0431,PRJ-0058,has_participant,PER-GN-00219,stated,,GIAN-NIDHI-R0058,[]
REL-0432,PRJ-0058,has_participant,PER-GN-00220,stated,,GIAN-NIDHI-R0058,[]
REL-0433,PRJ-0058,has_participant,PER-GN-00221,stated,,GIAN-NIDHI-R0058,[]
REL-0434,PRJ-0058,has_participant,PER-GN-00222,stated,,GIAN-NIDHI-R0058,[]
REL-0435,PRJ-0059,submitted_by_institution,INS-0021,stated,,GIAN-NIDHI-R0059,[]
REL-0436,PRJ-0059,has_participant,PER-GN-00223,stated,,GIAN-NIDHI-R0059,[]
REL-0437,PRJ-0059,has_participant,PER-GN-00224,stated,,GIAN-NIDHI-R0059,[]
REL-0438,PRJ-0059,has_participant,PER-GN-00225,stated,,GIAN-NIDHI-R0059,[]
REL-0439,PRJ-0060,submitted_by_institution,INS-0031,stated,,GIAN-NIDHI-R0060,[]
REL-0440,PRJ-0060,has_participant,PER-GN-00226,stated,,GIAN-NIDHI-R0060,[]
REL-0441,PRJ-0060,has_participant,PER-GN-00227,stated,,GIAN-NIDHI-R0060,[]
REL-0442,PRJ-0060,has_participant,PER-GN-00228,stated,,GIAN-NIDHI-R0060,[]
REL-0443,PRJ-0060,has_participant,PER-GN-00229,stated,,GIAN-NIDHI-R0060,[]
REL-0444,PRJ-0061,submitted_by_institution,INS-0054,stated,,GIAN-NIDHI-R0061,[]
REL-0445,PRJ-0061,has_participant,PER-GN-00230,stated,,GIAN-NIDHI-R0061,[]
REL-0446,PRJ-0061,has_participant,PER-GN-00231,stated,,GIAN-NIDHI-R0061,[]
REL-0447,PRJ-0061,has_participant,PER-GN-00232,stated,,GIAN-NIDHI-R0061,[]
REL-0448,PRJ-0062,submitted_by_institution,INS-0022,stated,,GIAN-NIDHI-R0062,[]
REL-0449,PRJ-0062,has_participant,PER-GN-00233,stated,,GIAN-NIDHI-R0062,[]
REL-0450,PRJ-0062,has_participant,PER-GN-00234,stated,,GIAN-NIDHI-R0062,[]
REL-0451,PRJ-0062,has_participant,PER-GN-00235,stated,,GIAN-NIDHI-R0062,[]
REL-0452,PRJ-0062,has_participant,PER-GN-00236,stated,,GIAN-NIDHI-R0062,[]
REL-0453,PRJ-0063,submitted_by_institution,INS-0015,stated,,GIAN-NIDHI-R0063,[]
REL-0454,PRJ-0063,has_participant,PER-GN-00237,stated,,GIAN-NIDHI-R0063,[]
REL-0455,PRJ-0063,has_participant,PER-GN-00238,stated,,GIAN-NIDHI-R0063,[]
REL-0456,PRJ-0063,has_participant,PER-GN-00239,stated,,GIAN-NIDHI-R0063,[]
REL-0457,PRJ-0063,has_participant,PER-GN-00240,stated,,GIAN-NIDHI-R0063,[]
REL-0458,PRJ-0064,submitted_by_institution,INS-0024,stated,,GIAN-NIDHI-R0064,[]
REL-0459,PRJ-0064,has_participant,PER-GN-00241,stated,,GIAN-NIDHI-R0064,[]
REL-0460,PRJ-0064,has_participant,PER-GN-00242,stated,,GIAN-NIDHI-R0064,[]
REL-0461,PRJ-0064,has_participant,PER-GN-00243,stated,,GIAN-NIDHI-R0064,[]
REL-0462,PRJ-0065,submitted_by_institution,INS-0018,stated,,GIAN-NIDHI-R0065,[]
REL-0463,PRJ-0065,has_participant,PER-GN-00244,stated,,GIAN-NIDHI-R0065,[]
REL-0464,PRJ-0065,has_participant,PER-GN-00245,stated,,GIAN-NIDHI-R0065,[]
REL-0465,PRJ-0065,has_participant,PER-GN-00246,stated,,GIAN-NIDHI-R0065,[]
REL-0466,PRJ-0065,has_participant,PER-GN-00247,stated,,GIAN-NIDHI-R0065,[]
REL-0467,PRJ-0066,submitted_by_institution,INS-0032,stated,,GIAN-NIDHI-R0066,[]
REL-0468,PRJ-0066,has_participant,PER-GN-00248,stated,,GIAN-NIDHI-R0066,[]
REL-0469,PRJ-0066,has_participant,PER-GN-00249,stated,,GIAN-NIDHI-R0066,[]
REL-0470,PRJ-0066,has_participant,PER-GN-00250,stated,,GIAN-NIDHI-R0066,[]
REL-0471,PRJ-0067,submitted_by_institution,INS-0014,stated,,GIAN-NIDHI-R0067,[]
REL-0472,PRJ-0067,has_participant,PER-GN-00251,stated,,GIAN-NIDHI-R0067,[]
REL-0473,PRJ-0067,has_participant,PER-GN-00252,stated,,GIAN-NIDHI-R0067,[]
REL-0474,PRJ-0067,has_participant,PER-GN-00253,stated,,GIAN-NIDHI-R0067,[]
REL-0475,PRJ-0067,has_participant,PER-GN-00254,stated,,GIAN-NIDHI-R0067,[]
REL-0476,PRJ-0068,submitted_by_institution,INS-0067,stated,,GIAN-NIDHI-R0068,[]
REL-0477,PRJ-0068,has_participant,PER-GN-00255,stated,,GIAN-NIDHI-R0068,[]
REL-0478,PRJ-0068,has_participant,PER-GN-00256,stated,,GIAN-NIDHI-R0068,[]
REL-0479,PRJ-0068,has_participant,PER-GN-00257,stated,,GIAN-NIDHI-R0068,[]
REL-0480,PRJ-0069,submitted_by_institution,INS-0003,stated,,GIAN-NIDHI-R0069,[]
REL-0481,PRJ-0069,has_participant,PER-GN-00258,stated,,GIAN-NIDHI-R0069,[]
REL-0482,PRJ-0069,has_participant,PER-GN-00259,stated,,GIAN-NIDHI-R0069,[]
REL-0483,PRJ-0069,has_participant,PER-GN-00260,stated,,GIAN-NIDHI-R0069,[]
REL-0484,PRJ-0069,has_participant,PER-GN-00261,stated,,GIAN-NIDHI-R0069,[]
REL-0485,PRJ-0069,has_participant,PER-GN-00262,stated,,GIAN-NIDHI-R0069,[]
REL-0486,PRJ-0070,submitted_by_institution,INS-0042,stated,,GIAN-NIDHI-R0070,[]
REL-0487,PRJ-0070,has_participant,PER-GN-00263,stated,,GIAN-NIDHI-R0070,[]
REL-0488,PRJ-0070,has_participant,PER-GN-00264,stated,,GIAN-NIDHI-R0070,[]
REL-0489,PRJ-0070,has_participant,PER-GN-00265,stated,,GIAN-NIDHI-R0070,[]
REL-0490,PRJ-0070,has_participant,PER-GN-00266,stated,,GIAN-NIDHI-R0070,[]
REL-0491,PRJ-0070,has_participant,PER-GN-00267,stated,,GIAN-NIDHI-R0070,[]
REL-0492,PRJ-0071,submitted_by_institution,INS-0016,stated,,GIAN-NIDHI-R0071,[]
REL-0493,PRJ-0071,has_participant,PER-GN-00268,stated,,GIAN-NIDHI-R0071,[]
REL-0494,PRJ-0071,has_participant,PER-GN-00269,stated,,GIAN-NIDHI-R0071,[]
REL-0495,PRJ-0071,has_participant,PER-GN-00270,stated,,GIAN-NIDHI-R0071,[]
REL-0496,PRJ-0071,has_participant,PER-GN-00271,stated,,GIAN-NIDHI-R0071,[]
REL-0497,PRJ-0072,submitted_by_institution,INS-0040,stated,,GIAN-NIDHI-R0072,[]
REL-0498,PRJ-0072,has_participant,PER-GN-00272,stated,,GIAN-NIDHI-R0072,[]
REL-0499,PRJ-0072,has_participant,PER-GN-00273,stated,,GIAN-NIDHI-R0072,[]
REL-0500,PRJ-0072,has_participant,PER-GN-00274,stated,,GIAN-NIDHI-R0072,[]
REL-0501,PRJ-0072,has_participant,PER-GN-00275,stated,,GIAN-NIDHI-R0072,[]
REL-0502,PRJ-0072,has_participant,PER-GN-00276,stated,,GIAN-NIDHI-R0072,[]
REL-0503,PRJ-0073,submitted_by_institution,INS-0039,stated,,GIAN-NIDHI-R0073,[]
REL-0504,PRJ-0073,has_participant,PER-GN-00277,stated,,GIAN-NIDHI-R0073,[]
REL-0505,PRJ-0073,has_participant,PER-GN-00278,stated,,GIAN-NIDHI-R0073,[]
REL-0506,PRJ-0073,has_participant,PER-GN-00279,stated,,GIAN-NIDHI-R0073,[]
REL-0507,PRJ-0073,has_participant,PER-GN-00280,stated,,GIAN-NIDHI-R0073,[]
REL-0508,PRJ-0074,submitted_by_institution,INS-0010,stated,,GIAN-NIDHI-R0074,[]
REL-0509,PRJ-0074,has_participant,PER-GN-00281,stated,,GIAN-NIDHI-R0074,[]
REL-0510,PRJ-0074,has_participant,PER-GN-00282,stated,,GIAN-NIDHI-R0074,[]
REL-0511,PRJ-0074,has_participant,PER-GN-00283,stated,,GIAN-NIDHI-R0074,[]
REL-0512,PRJ-0074,has_participant,PER-GN-00284,stated,,GIAN-NIDHI-R0074,[]
REL-0513,PRJ-0075,submitted_by_institution,INS-0004,stated,,GIAN-NIDHI-R0075,[]
REL-0514,PRJ-0075,has_participant,PER-GN-00285,stated,,GIAN-NIDHI-R0075,[]
REL-0515,PRJ-0075,has_participant,PER-GN-00286,stated,,GIAN-NIDHI-R0075,[]
REL-0516,PRJ-0075,has_participant,PER-GN-00287,stated,,GIAN-NIDHI-R0075,[]
REL-0517,PRJ-0075,has_participant,PER-GN-00288,stated,,GIAN-NIDHI-R0075,[]
REL-0518,PRJ-0075,has_participant,PER-GN-00289,stated,,GIAN-NIDHI-R0075,[]
REL-0519,PRJ-0076,submitted_by_institution,INS-0012,stated,,GIAN-NIDHI-R0076,[]
REL-0520,PRJ-0076,has_participant,PER-GN-00290,stated,,GIAN-NIDHI-R0076,[]
REL-0521,PRJ-0076,has_participant,PER-GN-00291,stated,,GIAN-NIDHI-R0076,[]
REL-0522,PRJ-0076,has_participant,PER-GN-00292,stated,,GIAN-NIDHI-R0076,[]
REL-0523,PRJ-0076,has_participant,PER-GN-00293,stated,,GIAN-NIDHI-R0076,[]
REL-0524,PRJ-0076,has_participant,PER-GN-00294,stated,,GIAN-NIDHI-R0076,[]
REL-0525,PRJ-0076,has_participant,PER-GN-00295,stated,,GIAN-NIDHI-R0076,[]
REL-0526,PRJ-0077,submitted_by_institution,INS-0064,stated,,GIAN-NIDHI-R0077,[]
REL-0527,PRJ-0077,has_participant,PER-GN-00296,stated,,GIAN-NIDHI-R0077,[]
REL-0528,PRJ-0077,has_participant,PER-GN-00297,stated,,GIAN-NIDHI-R0077,[]
REL-0529,PRJ-0077,has_participant,PER-GN-00298,stated,,GIAN-NIDHI-R0077,[]
REL-0530,PRJ-0077,has_participant,PER-GN-00299,stated,,GIAN-NIDHI-R0077,[]
REL-0531,PRJ-0078,submitted_by_institution,INS-0025,stated,,GIAN-NIDHI-R0078,[]
REL-0532,PRJ-0078,has_participant,PER-GN-00300,stated,,GIAN-NIDHI-R0078,[]
REL-0533,PRJ-0078,has_participant,PER-GN-00301,stated,,GIAN-NIDHI-R0078,[]
REL-0534,PRJ-0078,has_participant,PER-GN-00302,stated,,GIAN-NIDHI-R0078,[]
REL-0535,PRJ-0078,has_participant,PER-GN-00303,stated,,GIAN-NIDHI-R0078,[]
REL-0536,PRJ-0078,has_participant,PER-GN-00304,stated,,GIAN-NIDHI-R0078,[]
REL-0537,PRJ-0079,submitted_by_institution,INS-0043,stated,,GIAN-NIDHI-R0079,[]
REL-0538,PRJ-0079,has_participant,PER-GN-00305,stated,,GIAN-NIDHI-R0079,[]
REL-0539,PRJ-0079,has_participant,PER-GN-00306,stated,,GIAN-NIDHI-R0079,[]
REL-0540,PRJ-0079,has_participant,PER-GN-00307,stated,,GIAN-NIDHI-R0079,[]
REL-0541,PRJ-0079,has_participant,PER-GN-00308,stated,,GIAN-NIDHI-R0079,[]
REL-0542,PRJ-0080,submitted_by_institution,INS-0007,stated,,GIAN-NIDHI-R0080,[]
REL-0543,PRJ-0080,has_participant,PER-GN-00309,stated,,GIAN-NIDHI-R0080,[]
REL-0544,PRJ-0080,has_participant,PER-GN-00310,stated,,GIAN-NIDHI-R0080,[]
REL-0545,PRJ-0080,has_participant,PER-GN-00311,stated,,GIAN-NIDHI-R0080,[]
REL-0546,PRJ-0080,has_participant,PER-GN-00312,stated,,GIAN-NIDHI-R0080,[]
REL-0547,PRJ-0080,has_participant,PER-GN-00313,stated,,GIAN-NIDHI-R0080,[]
REL-0548,PRJ-0080,has_participant,PER-GN-00314,stated,,GIAN-NIDHI-R0080,[]
REL-0549,PRJ-0081,submitted_by_institution,INS-0033,stated,,GIAN-NIDHI-R0081,[]
REL-0550,PRJ-0081,has_participant,PER-GN-00315,stated,,GIAN-NIDHI-R0081,[]
REL-0551,PRJ-0081,has_participant,PER-GN-00316,stated,,GIAN-NIDHI-R0081,[]
REL-0552,PRJ-0081,has_participant,PER-GN-00317,stated,,GIAN-NIDHI-R0081,[]
REL-0553,PRJ-0081,has_participant,PER-GN-00318,stated,,GIAN-NIDHI-R0081,[]
REL-0554,PRJ-0082,has_participant,PER-GN-00319,stated,,GIAN-NIDHI-R0082,[]
REL-0555,PRJ-0082,has_participant,PER-GN-00320,stated,,GIAN-NIDHI-R0082,[]
REL-0556,PRJ-0082,has_participant,PER-GN-00321,stated,,GIAN-NIDHI-R0082,[]
REL-0557,PRJ-0082,has_participant,PER-GN-00322,stated,,GIAN-NIDHI-R0082,[]
REL-0558,PRJ-0083,submitted_by_institution,INS-0003,stated,,GIAN-NIDHI-R0083,[]
REL-0559,PRJ-0083,has_participant,PER-GN-00323,stated,,GIAN-NIDHI-R0083,[]
REL-0560,PRJ-0083,has_participant,PER-GN-00324,stated,,GIAN-NIDHI-R0083,[]
REL-0561,PRJ-0083,has_participant,PER-GN-00325,stated,,GIAN-NIDHI-R0083,[]
REL-0562,PRJ-0083,has_participant,PER-GN-00326,stated,,GIAN-NIDHI-R0083,[]
REL-0563,PRJ-0083,has_participant,PER-GN-00327,stated,,GIAN-NIDHI-R0083,[]
REL-0564,PRJ-0084,submitted_by_institution,INS-0041,stated,,GIAN-NIDHI-R0084,[]
REL-0565,PRJ-0084,has_participant,PER-GN-00328,stated,,GIAN-NIDHI-R0084,[]
REL-0566,PRJ-0084,has_participant,PER-GN-00329,stated,,GIAN-NIDHI-R0084,[]
REL-0567,PRJ-0084,has_participant,PER-GN-00330,stated,,GIAN-NIDHI-R0084,[]
REL-0568,PRJ-0084,has_participant,PER-GN-00331,stated,,GIAN-NIDHI-R0084,[]
REL-0569,PRJ-0085,submitted_by_institution,INS-0006,stated,,GIAN-NIDHI-R0085,[]
REL-0570,PRJ-0085,has_participant,PER-GN-00332,stated,,GIAN-NIDHI-R0085,[]
REL-0571,PRJ-0085,has_participant,PER-GN-00333,stated,,GIAN-NIDHI-R0085,[]
REL-0572,PRJ-0085,has_participant,PER-GN-00334,stated,,GIAN-NIDHI-R0085,[]
REL-0573,PRJ-0085,has_participant,PER-GN-00335,stated,,GIAN-NIDHI-R0085,[]
REL-0574,PRJ-0086,submitted_by_institution,INS-0008,stated,,GIAN-NIDHI-R0086,[]
REL-0575,PRJ-0086,has_participant,PER-GN-00336,stated,,GIAN-NIDHI-R0086,[]
REL-0576,PRJ-0086,has_participant,PER-GN-00337,stated,,GIAN-NIDHI-R0086,[]
REL-0577,PRJ-0086,has_participant,PER-GN-00338,stated,,GIAN-NIDHI-R0086,[]
REL-0578,PRJ-0086,has_participant,PER-GN-00339,stated,,GIAN-NIDHI-R0086,[]
REL-0579,PRJ-0087,submitted_by_institution,INS-0004,stated,,GIAN-NIDHI-R0087,[]
REL-0580,PRJ-0087,has_participant,PER-GN-00340,stated,,GIAN-NIDHI-R0087,[]
REL-0581,PRJ-0087,has_participant,PER-GN-00341,stated,,GIAN-NIDHI-R0087,[]
REL-0582,PRJ-0087,has_participant,PER-GN-00342,stated,,GIAN-NIDHI-R0087,[]
REL-0583,PRJ-0087,has_participant,PER-GN-00343,stated,,GIAN-NIDHI-R0087,[]
REL-0584,PRJ-0087,has_participant,PER-GN-00344,stated,,GIAN-NIDHI-R0087,[]
REL-0585,PRJ-0088,submitted_by_institution,INS-0033,stated,,GIAN-NIDHI-R0088,[]
REL-0586,PRJ-0088,has_participant,PER-GN-00345,stated,,GIAN-NIDHI-R0088,[]
REL-0587,PRJ-0088,has_participant,PER-GN-00346,stated,,GIAN-NIDHI-R0088,[]
REL-0588,PRJ-0088,has_participant,PER-GN-00347,stated,,GIAN-NIDHI-R0088,[]
REL-0589,PRJ-0088,has_participant,PER-GN-00348,stated,,GIAN-NIDHI-R0088,[]
REL-0590,PRJ-0088,has_participant,PER-GN-00349,stated,,GIAN-NIDHI-R0088,[]
REL-0591,PRJ-0089,submitted_by_institution,INS-0018,stated,,GIAN-NIDHI-R0089,[]
REL-0592,PRJ-0089,has_participant,PER-GN-00350,stated,,GIAN-NIDHI-R0089,[]
REL-0593,PRJ-0089,has_participant,PER-GN-00351,stated,,GIAN-NIDHI-R0089,[]
REL-0594,PRJ-0090,submitted_by_institution,INS-0086,stated,,GIAN-NIDHI-R0090,[]
REL-0595,PRJ-0090,has_participant,PER-GN-00352,stated,,GIAN-NIDHI-R0090,[]
REL-0596,PRJ-0090,has_participant,PER-GN-00353,stated,,GIAN-NIDHI-R0090,[]
REL-0597,PRJ-0090,has_participant,PER-GN-00354,stated,,GIAN-NIDHI-R0090,[]
REL-0598,PRJ-0091,submitted_by_institution,INS-0014,stated,,GIAN-NIDHI-R0091,[]
REL-0599,PRJ-0091,has_participant,PER-GN-00355,stated,,GIAN-NIDHI-R0091,[]
REL-0600,PRJ-0091,has_participant,PER-GN-00356,stated,,GIAN-NIDHI-R0091,[]
REL-0601,PRJ-0091,has_participant,PER-GN-00357,stated,,GIAN-NIDHI-R0091,[]
REL-0602,PRJ-0091,has_participant,PER-GN-00358,stated,,GIAN-NIDHI-R0091,[]
REL-0603,PRJ-0092,submitted_by_institution,INS-0016,stated,,GIAN-NIDHI-R0092,[]
REL-0604,PRJ-0092,has_participant,PER-GN-00359,stated,,GIAN-NIDHI-R0092,[]
REL-0605,PRJ-0092,has_participant,PER-GN-00360,stated,,GIAN-NIDHI-R0092,[]
REL-0606,PRJ-0092,has_participant,PER-GN-00361,stated,,GIAN-NIDHI-R0092,[]
REL-0607,PRJ-0092,has_participant,PER-GN-00362,stated,,GIAN-NIDHI-R0092,[]
REL-0608,PRJ-0092,has_participant,PER-GN-00363,stated,,GIAN-NIDHI-R0092,[]
REL-0609,PRJ-0092,has_participant,PER-GN-00364,stated,,GIAN-NIDHI-R0092,[]
REL-0610,PRJ-0093,submitted_by_institution,INS-0042,stated,,GIAN-NIDHI-R0070,[]
REL-0611,PRJ-0093,duplicate_of,PRJ-0070,stated,exact_duplicate (same title and team),GIAN-NIDHI-R0070,[]
REL-0612,PRJ-0093,has_participant,PER-GN-00263,stated,,GIAN-NIDHI-R0070,[]
REL-0613,PRJ-0093,has_participant,PER-GN-00264,stated,,GIAN-NIDHI-R0070,[]
REL-0614,PRJ-0093,has_participant,PER-GN-00265,stated,,GIAN-NIDHI-R0070,[]
REL-0615,PRJ-0093,has_participant,PER-GN-00266,stated,,GIAN-NIDHI-R0070,[]
REL-0616,PRJ-0093,has_participant,PER-GN-00267,stated,,GIAN-NIDHI-R0070,[]
REL-0617,PRJ-0094,submitted_by_institution,INS-0016,stated,,GIAN-NIDHI-R0094,[]
REL-0618,PRJ-0094,duplicate_of,PRJ-0071,probable,probable_duplicate (same title and team),GIAN-NIDHI-R0094,[]
REL-0619,PRJ-0094,has_participant,PER-GN-00268,stated,,GIAN-NIDHI-R0094,[]
REL-0620,PRJ-0094,has_participant,PER-GN-00269,stated,,GIAN-NIDHI-R0094,[]
REL-0621,PRJ-0094,has_participant,PER-GN-00270,stated,,GIAN-NIDHI-R0094,[]
REL-0622,PRJ-0094,has_participant,PER-GN-00271,stated,,GIAN-NIDHI-R0094,[]
REL-0623,PRJ-0095,submitted_by_institution,INS-0040,stated,,GIAN-NIDHI-R0072,[]
REL-0624,PRJ-0095,duplicate_of,PRJ-0072,stated,exact_duplicate (same title and team),GIAN-NIDHI-R0072,[]
REL-0625,PRJ-0095,has_participant,PER-GN-00272,stated,,GIAN-NIDHI-R0072,[]
REL-0626,PRJ-0095,has_participant,PER-GN-00273,stated,,GIAN-NIDHI-R0072,[]
REL-0627,PRJ-0095,has_participant,PER-GN-00274,stated,,GIAN-NIDHI-R0072,[]
REL-0628,PRJ-0095,has_participant,PER-GN-00275,stated,,GIAN-NIDHI-R0072,[]
REL-0629,PRJ-0095,has_participant,PER-GN-00276,stated,,GIAN-NIDHI-R0072,[]
REL-0630,PRJ-0096,submitted_by_institution,INS-0039,stated,,GIAN-NIDHI-R0096,[]
REL-0631,PRJ-0096,duplicate_of,PRJ-0073,probable,probable_duplicate (same title and team),GIAN-NIDHI-R0096,[]
REL-0632,PRJ-0096,has_participant,PER-GN-00277,stated,,GIAN-NIDHI-R0096,[]
REL-0633,PRJ-0096,has_participant,PER-GN-00278,stated,,GIAN-NIDHI-R0096,[]
REL-0634,PRJ-0096,has_participant,PER-GN-00279,stated,,GIAN-NIDHI-R0096,[]
REL-0635,PRJ-0096,has_participant,PER-GN-00280,stated,,GIAN-NIDHI-R0096,[]
REL-0636,PRJ-0097,submitted_by_institution,INS-0010,stated,,GIAN-NIDHI-R0074,[]
REL-0637,PRJ-0097,duplicate_of,PRJ-0074,stated,exact_duplicate (same title and team),GIAN-NIDHI-R0074,[]
REL-0638,PRJ-0097,has_participant,PER-GN-00281,stated,,GIAN-NIDHI-R0074,[]
REL-0639,PRJ-0097,has_participant,PER-GN-00282,stated,,GIAN-NIDHI-R0074,[]
REL-0640,PRJ-0097,has_participant,PER-GN-00283,stated,,GIAN-NIDHI-R0074,[]
REL-0641,PRJ-0097,has_participant,PER-GN-00284,stated,,GIAN-NIDHI-R0074,[]
REL-0642,PRJ-0098,submitted_by_institution,INS-0004,stated,,GIAN-NIDHI-R0075,[]
REL-0643,PRJ-0098,duplicate_of,PRJ-0075,stated,exact_duplicate (same title and team),GIAN-NIDHI-R0075,[]
REL-0644,PRJ-0098,has_participant,PER-GN-00285,stated,,GIAN-NIDHI-R0075,[]
REL-0645,PRJ-0098,has_participant,PER-GN-00286,stated,,GIAN-NIDHI-R0075,[]
REL-0646,PRJ-0098,has_participant,PER-GN-00287,stated,,GIAN-NIDHI-R0075,[]
REL-0647,PRJ-0098,has_participant,PER-GN-00288,stated,,GIAN-NIDHI-R0075,[]
REL-0648,PRJ-0098,has_participant,PER-GN-00289,stated,,GIAN-NIDHI-R0075,[]
REL-0649,PRJ-0099,submitted_by_institution,INS-0012,stated,,GIAN-NIDHI-R0076,[]
REL-0650,PRJ-0099,duplicate_of,PRJ-0076,stated,exact_duplicate (same title and team),GIAN-NIDHI-R0076,[]
REL-0651,PRJ-0099,has_participant,PER-GN-00290,stated,,GIAN-NIDHI-R0076,[]
REL-0652,PRJ-0099,has_participant,PER-GN-00291,stated,,GIAN-NIDHI-R0076,[]
REL-0653,PRJ-0099,has_participant,PER-GN-00292,stated,,GIAN-NIDHI-R0076,[]
REL-0654,PRJ-0099,has_participant,PER-GN-00293,stated,,GIAN-NIDHI-R0076,[]
REL-0655,PRJ-0099,has_participant,PER-GN-00294,stated,,GIAN-NIDHI-R0076,[]
REL-0656,PRJ-0099,has_participant,PER-GN-00295,stated,,GIAN-NIDHI-R0076,[]
REL-0657,PRJ-0100,submitted_by_institution,INS-0064,stated,,GIAN-NIDHI-R0077,[]
REL-0658,PRJ-0100,duplicate_of,PRJ-0077,stated,exact_duplicate (same title and team),GIAN-NIDHI-R0077,[]
REL-0659,PRJ-0100,has_participant,PER-GN-00296,stated,,GIAN-NIDHI-R0077,[]
REL-0660,PRJ-0100,has_participant,PER-GN-00297,stated,,GIAN-NIDHI-R0077,[]
REL-0661,PRJ-0100,has_participant,PER-GN-00298,stated,,GIAN-NIDHI-R0077,[]
REL-0662,PRJ-0100,has_participant,PER-GN-00299,stated,,GIAN-NIDHI-R0077,[]
REL-0663,PRJ-0101,submitted_by_institution,INS-0025,stated,,GIAN-NIDHI-R0101,[]
REL-0664,PRJ-0101,duplicate_of,PRJ-0078,probable,probable_duplicate (same title and team),GIAN-NIDHI-R0101,[]
REL-0665,PRJ-0101,has_participant,PER-GN-00300,stated,,GIAN-NIDHI-R0101,[]
REL-0666,PRJ-0101,has_participant,PER-GN-00301,stated,,GIAN-NIDHI-R0101,[]
REL-0667,PRJ-0101,has_participant,PER-GN-00302,stated,,GIAN-NIDHI-R0101,[]
REL-0668,PRJ-0101,has_participant,PER-GN-00303,stated,,GIAN-NIDHI-R0101,[]
REL-0669,PRJ-0101,has_participant,PER-GN-00304,stated,,GIAN-NIDHI-R0101,[]
REL-0670,PRJ-0102,submitted_by_institution,INS-0043,stated,,GIAN-NIDHI-R0079,[]
REL-0671,PRJ-0102,duplicate_of,PRJ-0079,stated,exact_duplicate (same title and team),GIAN-NIDHI-R0079,[]
REL-0672,PRJ-0102,has_participant,PER-GN-00305,stated,,GIAN-NIDHI-R0079,[]
REL-0673,PRJ-0102,has_participant,PER-GN-00306,stated,,GIAN-NIDHI-R0079,[]
REL-0674,PRJ-0102,has_participant,PER-GN-00307,stated,,GIAN-NIDHI-R0079,[]
REL-0675,PRJ-0102,has_participant,PER-GN-00308,stated,,GIAN-NIDHI-R0079,[]
REL-0676,PRJ-0103,submitted_by_institution,INS-0007,stated,,GIAN-NIDHI-R0080,[]
REL-0677,PRJ-0103,duplicate_of,PRJ-0080,stated,exact_duplicate (same title and team),GIAN-NIDHI-R0080,[]
REL-0678,PRJ-0103,has_participant,PER-GN-00309,stated,,GIAN-NIDHI-R0080,[]
REL-0679,PRJ-0103,has_participant,PER-GN-00310,stated,,GIAN-NIDHI-R0080,[]
REL-0680,PRJ-0103,has_participant,PER-GN-00311,stated,,GIAN-NIDHI-R0080,[]
REL-0681,PRJ-0103,has_participant,PER-GN-00312,stated,,GIAN-NIDHI-R0080,[]
REL-0682,PRJ-0103,has_participant,PER-GN-00313,stated,,GIAN-NIDHI-R0080,[]
REL-0683,PRJ-0103,has_participant,PER-GN-00314,stated,,GIAN-NIDHI-R0080,[]
REL-0684,PRJ-0104,submitted_by_institution,INS-0033,stated,,GIAN-NIDHI-R0081,[]
REL-0685,PRJ-0104,duplicate_of,PRJ-0081,stated,exact_duplicate (same title and team),GIAN-NIDHI-R0081,[]
REL-0686,PRJ-0104,has_participant,PER-GN-00315,stated,,GIAN-NIDHI-R0081,[]
REL-0687,PRJ-0104,has_participant,PER-GN-00316,stated,,GIAN-NIDHI-R0081,[]
REL-0688,PRJ-0104,has_participant,PER-GN-00317,stated,,GIAN-NIDHI-R0081,[]
REL-0689,PRJ-0104,has_participant,PER-GN-00318,stated,,GIAN-NIDHI-R0081,[]
REL-0690,PRJ-0105,duplicate_of,PRJ-0082,stated,exact_duplicate (same title and team),GIAN-NIDHI-R0082,[]
REL-0691,PRJ-0105,has_participant,PER-GN-00365,stated,,GIAN-NIDHI-R0082,[]
REL-0692,PRJ-0105,has_participant,PER-GN-00366,stated,,GIAN-NIDHI-R0082,[]
REL-0693,PRJ-0105,has_participant,PER-GN-00367,stated,,GIAN-NIDHI-R0082,[]
REL-0694,PRJ-0105,has_participant,PER-GN-00368,stated,,GIAN-NIDHI-R0082,[]
REL-0695,PRJ-0106,submitted_by_institution,INS-0003,stated,,GIAN-NIDHI-R0106,[]
REL-0696,PRJ-0106,duplicate_of,PRJ-0083,probable,probable_duplicate (same title and team),GIAN-NIDHI-R0106,[]
REL-0697,PRJ-0106,has_participant,PER-GN-00323,stated,,GIAN-NIDHI-R0106,[]
REL-0698,PRJ-0106,has_participant,PER-GN-00324,stated,,GIAN-NIDHI-R0106,[]
REL-0699,PRJ-0106,has_participant,PER-GN-00325,stated,,GIAN-NIDHI-R0106,[]
REL-0700,PRJ-0106,has_participant,PER-GN-00326,stated,,GIAN-NIDHI-R0106,[]
REL-0701,PRJ-0106,has_participant,PER-GN-00327,stated,,GIAN-NIDHI-R0106,[]
REL-0702,PRJ-0107,has_participant,PER-GN-00369,stated,,GIAN-NIDHI-R0107,[]
REL-0703,PRJ-0114,has_participant,PER-GN-00370,stated,,GIAN-NIDHI-R0114,[]
REL-0704,PRJ-0115,has_participant,PER-GN-00371,stated,,GIAN-NIDHI-R0115,[]
REL-0705,PRJ-0116,has_participant,PER-GN-00372,stated,,GIAN-NIDHI-R0116,[]
REL-0706,PRJ-0116,has_participant,PER-GN-00373,stated,,GIAN-NIDHI-R0116,[]
REL-0707,PRJ-0116,has_participant,PER-GN-00374,stated,,GIAN-NIDHI-R0116,[]
REL-0708,PRJ-0116,has_participant,PER-GN-00375,stated,,GIAN-NIDHI-R0116,[]
REL-0709,PRJ-0117,has_participant,PER-GN-00376,stated,,GIAN-NIDHI-R0117,[]
REL-0710,PRJ-0117,has_participant,PER-GN-00377,stated,,GIAN-NIDHI-R0117,[]
REL-0711,PRJ-0117,has_participant,PER-GN-00378,stated,,GIAN-NIDHI-R0117,[]
REL-0712,PRJ-0117,has_participant,PER-GN-00379,stated,,GIAN-NIDHI-R0117,[]
REL-0713,PRJ-0118,has_participant,PER-GN-00380,stated,,GIAN-NIDHI-R0118,[]
REL-0714,PRJ-0118,has_participant,PER-GN-00381,stated,,GIAN-NIDHI-R0118,[]
REL-0715,PRJ-0118,has_participant,PER-GN-00382,stated,,GIAN-NIDHI-R0118,[]
REL-0716,PRJ-0118,has_participant,PER-GN-00383,stated,,GIAN-NIDHI-R0118,[]
REL-0717,PRJ-0119,has_participant,PER-GN-00384,stated,,GIAN-NIDHI-R0119,[]
REL-0718,PRJ-0119,has_participant,PER-GN-00385,stated,,GIAN-NIDHI-R0119,[]
REL-0719,PRJ-0119,has_participant,PER-GN-00386,stated,,GIAN-NIDHI-R0119,[]
REL-0720,PRJ-0119,has_participant,PER-GN-00387,stated,,GIAN-NIDHI-R0119,[]
REL-0721,PRJ-0120,has_participant,PER-GN-00388,stated,,GIAN-NIDHI-R0120,[]
REL-0722,PRJ-0120,has_participant,PER-GN-00389,stated,,GIAN-NIDHI-R0120,[]
REL-0723,PRJ-0120,has_participant,PER-GN-00390,stated,,GIAN-NIDHI-R0120,[]
REL-0724,PRJ-0120,has_participant,PER-GN-00391,stated,,GIAN-NIDHI-R0120,[]
REL-0725,PRJ-0121,has_participant,PER-GN-00392,stated,,GIAN-NIDHI-R0121,[]
REL-0726,PRJ-0121,has_participant,PER-GN-00393,stated,,GIAN-NIDHI-R0121,[]
REL-0727,PRJ-0121,has_participant,PER-GN-00394,stated,,GIAN-NIDHI-R0121,[]
REL-0728,PRJ-0121,has_participant,PER-GN-00395,stated,,GIAN-NIDHI-R0121,[]
REL-0729,PRJ-0122,has_participant,PER-GN-00396,stated,,GIAN-NIDHI-R0122,[]
REL-0730,PRJ-0122,has_participant,PER-GN-00397,stated,,GIAN-NIDHI-R0122,[]
REL-0731,PRJ-0122,has_participant,PER-GN-00398,stated,,GIAN-NIDHI-R0122,[]
REL-0732,PRJ-0122,has_participant,PER-GN-00399,stated,,GIAN-NIDHI-R0122,[]
REL-0733,PRJ-0123,has_participant,PER-GN-00400,stated,,GIAN-NIDHI-R0123,[]
REL-0734,PRJ-0123,has_participant,PER-GN-00401,stated,,GIAN-NIDHI-R0123,[]
REL-0735,PRJ-0123,has_participant,PER-GN-00402,stated,,GIAN-NIDHI-R0123,[]
REL-0736,PRJ-0123,has_participant,PER-GN-00403,stated,,GIAN-NIDHI-R0123,[]
REL-0737,PRJ-0124,submitted_by_institution,INS-0094,stated,,GIAN-NIDHI-R0124,[]
REL-0738,PRJ-0124,has_participant,PER-GN-00404,stated,,GIAN-NIDHI-R0124,[]
REL-0739,PRJ-0124,has_participant,PER-GN-00405,stated,,GIAN-NIDHI-R0124,[]
REL-0740,PRJ-0124,has_participant,PER-GN-00406,stated,,GIAN-NIDHI-R0124,[]
REL-0741,PRJ-0124,has_participant,PER-GN-00407,stated,,GIAN-NIDHI-R0124,[]
REL-0742,PRJ-0125,submitted_by_institution,INS-0094,stated,,GIAN-NIDHI-R0125,[]
REL-0743,PRJ-0125,has_participant,PER-GN-00408,stated,,GIAN-NIDHI-R0125,[]
REL-0744,PRJ-0126,submitted_by_institution,INS-0011,stated,,GIAN-NIDHI-R0126,[]
REL-0745,PRJ-0126,has_participant,PER-GN-00409,stated,,GIAN-NIDHI-R0126,[]
REL-0746,PRJ-0127,submitted_by_institution,INS-0011,stated,,GIAN-NIDHI-R0127,[]
REL-0747,PRJ-0127,has_participant,PER-GN-00410,stated,,GIAN-NIDHI-R0127,[]
REL-0748,PRJ-0127,has_participant,PER-GN-00411,stated,,GIAN-NIDHI-R0127,[]
REL-0749,PRJ-0127,has_participant,PER-GN-00412,stated,,GIAN-NIDHI-R0127,[]
REL-0750,PRJ-0127,has_participant,PER-GN-00413,stated,,GIAN-NIDHI-R0127,[]
REL-0751,PRJ-0128,submitted_by_institution,INS-0011,stated,,GIAN-NIDHI-R0128,[]
REL-0752,PRJ-0128,has_participant,PER-GN-00414,stated,,GIAN-NIDHI-R0128,[]
REL-0753,PRJ-0128,has_participant,PER-GN-00415,stated,,GIAN-NIDHI-R0128,[]
REL-0754,PRJ-0128,has_participant,PER-GN-00416,stated,,GIAN-NIDHI-R0128,[]
REL-0755,PRJ-0129,submitted_by_institution,INS-0011,stated,,GIAN-NIDHI-R0129,[]
REL-0756,PRJ-0129,has_participant,PER-GN-00417,stated,,GIAN-NIDHI-R0129,[]
REL-0757,PRJ-0130,submitted_by_institution,INS-0011,stated,,GIAN-NIDHI-R0130,[]
REL-0758,PRJ-0130,has_participant,PER-GN-00418,stated,,GIAN-NIDHI-R0130,[]
REL-0759,PRJ-0131,submitted_by_institution,INS-0011,stated,,GIAN-NIDHI-R0131,[]
REL-0760,PRJ-0131,has_participant,PER-GN-00419,stated,,GIAN-NIDHI-R0131,[]
REL-0761,PRJ-0131,has_participant,PER-GN-00420,stated,,GIAN-NIDHI-R0131,[]
REL-0762,PRJ-0131,has_participant,PER-GN-00421,stated,,GIAN-NIDHI-R0131,[]
REL-0763,PRJ-0132,submitted_by_institution,INS-0011,stated,,GIAN-NIDHI-R0132,[]
REL-0764,PRJ-0132,has_participant,PER-GN-00422,stated,,GIAN-NIDHI-R0132,[]
REL-0765,PRJ-0132,has_participant,PER-GN-00423,stated,,GIAN-NIDHI-R0132,[]
REL-0766,PRJ-0133,submitted_by_institution,INS-0072,stated,,GIAN-NIDHI-R0133,[]
REL-0767,PRJ-0133,has_participant,PER-GN-00424,stated,,GIAN-NIDHI-R0133,[]
REL-0768,PRJ-0133,has_participant,PER-GN-00425,stated,,GIAN-NIDHI-R0133,[]
REL-0769,PRJ-0133,has_participant,PER-GN-00426,stated,,GIAN-NIDHI-R0133,[]
REL-0770,PRJ-0133,has_participant,PER-GN-00427,stated,,GIAN-NIDHI-R0133,[]
REL-0771,PRJ-0134,submitted_by_institution,INS-0072,stated,,GIAN-NIDHI-R0134,[]
REL-0772,PRJ-0134,has_participant,PER-GN-00424,stated,,GIAN-NIDHI-R0134,[]
REL-0773,PRJ-0135,submitted_by_institution,INS-0136,stated,,GIAN-NIDHI-R0135,[]
REL-0774,PRJ-0135,has_participant,PER-GN-00428,stated,,GIAN-NIDHI-R0135,[]
REL-0775,PRJ-0135,has_participant,PER-GN-00429,stated,,GIAN-NIDHI-R0135,[]
REL-0776,PRJ-0135,has_participant,PER-GN-00430,stated,,GIAN-NIDHI-R0135,[]
REL-0777,PRJ-0135,has_participant,PER-GN-00431,stated,,GIAN-NIDHI-R0135,[]
REL-0778,PRJ-0135,has_participant,PER-GN-00432,stated,,GIAN-NIDHI-R0135,[]
REL-0779,PRJ-0136,submitted_by_institution,INS-0073,stated,,GIAN-NIDHI-R0136,[]
REL-0780,PRJ-0136,has_participant,PER-GN-00433,stated,,GIAN-NIDHI-R0136,[]
REL-0781,PRJ-0136,has_participant,PER-GN-00434,stated,,GIAN-NIDHI-R0136,[]
REL-0782,PRJ-0136,has_participant,PER-GN-00435,stated,,GIAN-NIDHI-R0136,[]
REL-0783,PRJ-0137,submitted_by_institution,INS-0029,stated,,GIAN-NIDHI-R0137,[]
REL-0784,PRJ-0137,has_participant,PER-GN-00436,stated,,GIAN-NIDHI-R0137,[]
REL-0785,PRJ-0137,has_participant,PER-GN-00437,stated,,GIAN-NIDHI-R0137,[]
REL-0786,PRJ-0137,has_participant,PER-GN-00438,stated,,GIAN-NIDHI-R0137,[]
REL-0787,PRJ-0137,has_participant,PER-GN-00439,stated,,GIAN-NIDHI-R0137,[]
REL-0788,PRJ-0138,submitted_by_institution,INS-0019,stated,,GIAN-NIDHI-R0138,[]
REL-0789,PRJ-0138,has_participant,PER-GN-00440,stated,,GIAN-NIDHI-R0138,[]
REL-0790,PRJ-0138,has_participant,PER-GN-00441,stated,,GIAN-NIDHI-R0138,[]
REL-0791,PRJ-0138,has_participant,PER-GN-00442,stated,,GIAN-NIDHI-R0138,[]
REL-0792,PRJ-0138,has_participant,PER-GN-00443,stated,,GIAN-NIDHI-R0138,[]
REL-0793,PRJ-0139,submitted_by_institution,INS-0006,stated,,GIAN-NIDHI-R0139,[]
REL-0794,PRJ-0139,has_participant,PER-GN-00444,stated,,GIAN-NIDHI-R0139,[]
REL-0795,PRJ-0139,has_participant,PER-GN-00445,stated,,GIAN-NIDHI-R0139,[]
REL-0796,PRJ-0139,has_participant,PER-GN-00446,stated,,GIAN-NIDHI-R0139,[]
REL-0797,PRJ-0139,has_participant,PER-GN-00447,stated,,GIAN-NIDHI-R0139,[]
REL-0798,PRJ-0139,has_participant,PER-GN-00448,stated,,GIAN-NIDHI-R0139,[]
REL-0799,PRJ-0140,submitted_by_institution,INS-0056,stated,,GIAN-NIDHI-R0140,[]
REL-0800,PRJ-0140,has_participant,PER-GN-00449,stated,,GIAN-NIDHI-R0140,[]
REL-0801,PRJ-0140,has_participant,PER-GN-00450,stated,,GIAN-NIDHI-R0140,[]
REL-0802,PRJ-0140,has_participant,PER-GN-00451,stated,,GIAN-NIDHI-R0140,[]
REL-0803,PRJ-0141,submitted_by_institution,INS-0126,stated,,GIAN-NIDHI-R0141,[]
REL-0804,PRJ-0141,has_participant,PER-GN-00452,stated,,GIAN-NIDHI-R0141,[]
REL-0805,PRJ-0141,has_participant,PER-GN-00453,stated,,GIAN-NIDHI-R0141,[]
REL-0806,PRJ-0141,has_participant,PER-GN-00454,stated,,GIAN-NIDHI-R0141,[]
REL-0807,PRJ-0141,has_participant,PER-GN-00455,stated,,GIAN-NIDHI-R0141,[]
REL-0808,PRJ-0142,submitted_by_institution,INS-0018,stated,,GIAN-NIDHI-R0142,[]
REL-0809,PRJ-0142,has_participant,PER-GN-00456,stated,,GIAN-NIDHI-R0142,[]
REL-0810,PRJ-0142,has_participant,PER-GN-00457,stated,,GIAN-NIDHI-R0142,[]
REL-0811,PRJ-0142,has_participant,PER-GN-00458,stated,,GIAN-NIDHI-R0142,[]
REL-0812,PRJ-0142,has_participant,PER-GN-00459,stated,,GIAN-NIDHI-R0142,[]
REL-0813,PRJ-0143,submitted_by_institution,INS-0087,stated,,GIAN-NIDHI-R0143,[]
REL-0814,PRJ-0143,has_participant,PER-GN-00460,stated,,GIAN-NIDHI-R0143,[]
REL-0815,PRJ-0143,has_participant,PER-GN-00461,stated,,GIAN-NIDHI-R0143,[]
REL-0816,PRJ-0144,submitted_by_institution,INS-0021,stated,,GIAN-NIDHI-R0144,[]
REL-0817,PRJ-0144,has_participant,PER-GN-00462,stated,,GIAN-NIDHI-R0144,[]
REL-0818,PRJ-0144,has_participant,PER-GN-00463,stated,,GIAN-NIDHI-R0144,[]
REL-0819,PRJ-0144,has_participant,PER-GN-00464,stated,,GIAN-NIDHI-R0144,[]
REL-0820,PRJ-0144,has_participant,PER-GN-00465,stated,,GIAN-NIDHI-R0144,[]
REL-0821,PRJ-0144,has_participant,PER-GN-00466,stated,,GIAN-NIDHI-R0144,[]
REL-0822,PRJ-0145,submitted_by_institution,INS-0004,stated,,GIAN-NIDHI-R0145,[]
REL-0823,PRJ-0145,has_participant,PER-GN-00467,stated,,GIAN-NIDHI-R0145,[]
REL-0824,PRJ-0145,has_participant,PER-GN-00468,stated,,GIAN-NIDHI-R0145,[]
REL-0825,PRJ-0145,has_participant,PER-GN-00469,stated,,GIAN-NIDHI-R0145,[]
REL-0826,PRJ-0145,has_participant,PER-GN-00470,stated,,GIAN-NIDHI-R0145,[]
REL-0827,PRJ-0146,submitted_by_institution,INS-0118,stated,,GIAN-NIDHI-R0146,[]
REL-0828,PRJ-0146,has_participant,PER-GN-00471,stated,,GIAN-NIDHI-R0146,[]
REL-0829,PRJ-0146,has_participant,PER-GN-00472,stated,,GIAN-NIDHI-R0146,[]
REL-0830,PRJ-0146,has_participant,PER-GN-00473,stated,,GIAN-NIDHI-R0146,[]
REL-0831,PRJ-0146,has_participant,PER-GN-00474,stated,,GIAN-NIDHI-R0146,[]
REL-0832,PRJ-0146,has_participant,PER-GN-00475,stated,,GIAN-NIDHI-R0146,[]
REL-0833,PRJ-0147,submitted_by_institution,INS-0117,stated,,GIAN-NIDHI-R0147,[]
REL-0834,PRJ-0147,has_participant,PER-GN-00476,stated,,GIAN-NIDHI-R0147,[]
REL-0835,PRJ-0147,has_participant,PER-GN-00477,stated,,GIAN-NIDHI-R0147,[]
REL-0836,PRJ-0147,has_participant,PER-GN-00478,stated,,GIAN-NIDHI-R0147,[]
REL-0837,PRJ-0147,has_participant,PER-GN-00479,stated,,GIAN-NIDHI-R0147,[]
REL-0838,PRJ-0147,has_participant,PER-GN-00480,stated,,GIAN-NIDHI-R0147,[]
REL-0839,PRJ-0148,submitted_by_institution,INS-0036,stated,,GIAN-NIDHI-R0148,[]
REL-0840,PRJ-0148,has_participant,PER-GN-00481,stated,,GIAN-NIDHI-R0148,[]
REL-0841,PRJ-0148,has_participant,PER-GN-00482,stated,,GIAN-NIDHI-R0148,[]
REL-0842,PRJ-0148,has_participant,PER-GN-00483,stated,,GIAN-NIDHI-R0148,[]
REL-0843,PRJ-0148,has_participant,PER-GN-00484,stated,,GIAN-NIDHI-R0148,[]
REL-0844,PRJ-0149,submitted_by_institution,INS-0016,stated,,GIAN-NIDHI-R0149,[]
REL-0845,PRJ-0149,has_participant,PER-GN-00485,stated,,GIAN-NIDHI-R0149,[]
REL-0846,PRJ-0149,has_participant,PER-GN-00486,stated,,GIAN-NIDHI-R0149,[]
REL-0847,PRJ-0149,has_participant,PER-GN-00487,stated,,GIAN-NIDHI-R0149,[]
REL-0848,PRJ-0149,has_participant,PER-GN-00488,stated,,GIAN-NIDHI-R0149,[]
REL-0849,PRJ-0150,submitted_by_institution,INS-0006,stated,,GIAN-NIDHI-R0150,[]
REL-0850,PRJ-0150,has_participant,PER-GN-00489,stated,,GIAN-NIDHI-R0150,[]
REL-0851,PRJ-0150,has_participant,PER-GN-00490,stated,,GIAN-NIDHI-R0150,[]
REL-0852,PRJ-0150,has_participant,PER-GN-00491,stated,,GIAN-NIDHI-R0150,[]
REL-0853,PRJ-0151,submitted_by_institution,INS-0015,stated,,GIAN-NIDHI-R0151,[]
REL-0854,PRJ-0151,has_participant,PER-GN-00492,stated,,GIAN-NIDHI-R0151,[]
REL-0855,PRJ-0151,has_participant,PER-GN-00493,stated,,GIAN-NIDHI-R0151,[]
REL-0856,PRJ-0151,has_participant,PER-GN-00494,stated,,GIAN-NIDHI-R0151,[]
REL-0857,PRJ-0152,submitted_by_institution,INS-0036,stated,,GIAN-NIDHI-R0148,[]
REL-0858,PRJ-0152,duplicate_of,PRJ-0148,stated,exact_duplicate (same title and team),GIAN-NIDHI-R0148,[]
REL-0859,PRJ-0152,has_participant,PER-GN-00481,stated,,GIAN-NIDHI-R0148,[]
REL-0860,PRJ-0152,has_participant,PER-GN-00482,stated,,GIAN-NIDHI-R0148,[]
REL-0861,PRJ-0152,has_participant,PER-GN-00483,stated,,GIAN-NIDHI-R0148,[]
REL-0862,PRJ-0152,has_participant,PER-GN-00484,stated,,GIAN-NIDHI-R0148,[]
REL-0863,PRJ-0152,has_participant,PER-GN-00495,stated,,GIAN-NIDHI-R0148,[]
REL-0864,PRJ-0153,submitted_by_institution,INS-0016,stated,,GIAN-NIDHI-R0153,[]
REL-0865,PRJ-0153,duplicate_of,PRJ-0149,probable,probable_duplicate (same title and team),GIAN-NIDHI-R0153,[]
REL-0866,PRJ-0153,has_participant,PER-GN-00485,stated,,GIAN-NIDHI-R0153,[]
REL-0867,PRJ-0153,has_participant,PER-GN-00486,stated,,GIAN-NIDHI-R0153,[]
REL-0868,PRJ-0153,has_participant,PER-GN-00487,stated,,GIAN-NIDHI-R0153,[]
REL-0869,PRJ-0153,has_participant,PER-GN-00488,stated,,GIAN-NIDHI-R0153,[]
REL-0870,PRJ-0154,submitted_by_institution,INS-0006,stated,,GIAN-NIDHI-R0154,[]
REL-0871,PRJ-0154,duplicate_of,PRJ-0150,probable,probable_duplicate (same title and team),GIAN-NIDHI-R0154,[]
REL-0872,PRJ-0154,has_participant,PER-GN-00489,stated,,GIAN-NIDHI-R0154,[]
REL-0873,PRJ-0154,has_participant,PER-GN-00490,stated,,GIAN-NIDHI-R0154,[]
REL-0874,PRJ-0154,has_participant,PER-GN-00491,stated,,GIAN-NIDHI-R0154,[]
REL-0875,PRJ-0155,submitted_by_institution,INS-0015,stated,,GIAN-NIDHI-R0155,[]
REL-0876,PRJ-0155,duplicate_of,PRJ-0151,probable,probable_duplicate (same title and team),GIAN-NIDHI-R0155,[]
REL-0877,PRJ-0155,has_participant,PER-GN-00492,stated,,GIAN-NIDHI-R0155,[]
REL-0878,PRJ-0155,has_participant,PER-GN-00493,stated,,GIAN-NIDHI-R0155,[]
REL-0879,PRJ-0155,has_participant,PER-GN-00494,stated,,GIAN-NIDHI-R0155,[]
REL-0880,PRJ-0155,has_participant,PER-GN-00496,stated,,GIAN-NIDHI-R0155,[]
REL-0881,PRJ-0156,submitted_by_institution,INS-0008,stated,,GIAN-NIDHI-R0156,[]
REL-0882,PRJ-0156,has_participant,PER-GN-00497,stated,,GIAN-NIDHI-R0156,[]
REL-0883,PRJ-0156,has_participant,PER-GN-00498,stated,,GIAN-NIDHI-R0156,[]
REL-0884,PRJ-0156,has_participant,PER-GN-00499,stated,,GIAN-NIDHI-R0156,[]
REL-0885,PRJ-0156,has_participant,PER-GN-00500,stated,,GIAN-NIDHI-R0156,[]
REL-0886,PRJ-0156,has_participant,PER-GN-00501,stated,,GIAN-NIDHI-R0156,[]
REL-0887,PRJ-0157,submitted_by_institution,INS-0055,stated,,GIAN-NIDHI-R0157,[]
REL-0888,PRJ-0157,has_participant,PER-GN-00502,stated,,GIAN-NIDHI-R0157,[]
REL-0889,PRJ-0157,has_participant,PER-GN-00503,stated,,GIAN-NIDHI-R0157,[]
REL-0890,PRJ-0157,has_participant,PER-GN-00504,stated,,GIAN-NIDHI-R0157,[]
REL-0891,PRJ-0157,has_participant,PER-GN-00505,stated,,GIAN-NIDHI-R0157,[]
REL-0892,PRJ-0158,submitted_by_institution,INS-0042,stated,,GIAN-NIDHI-R0158,[]
REL-0893,PRJ-0158,has_participant,PER-GN-00506,stated,,GIAN-NIDHI-R0158,[]
REL-0894,PRJ-0158,has_participant,PER-GN-00507,stated,,GIAN-NIDHI-R0158,[]
REL-0895,PRJ-0159,submitted_by_institution,INS-0021,stated,,GIAN-NIDHI-R0159,[]
REL-0896,PRJ-0159,has_participant,PER-GN-00508,stated,,GIAN-NIDHI-R0159,[]
REL-0897,PRJ-0159,has_participant,PER-GN-00509,stated,,GIAN-NIDHI-R0159,[]
REL-0898,PRJ-0159,has_participant,PER-GN-00510,stated,,GIAN-NIDHI-R0159,[]
REL-0899,PRJ-0159,has_participant,PER-GN-00511,stated,,GIAN-NIDHI-R0159,[]
REL-0900,PRJ-0159,has_participant,PER-GN-00512,stated,,GIAN-NIDHI-R0159,[]
REL-0901,PRJ-0159,has_participant,PER-GN-00513,stated,,GIAN-NIDHI-R0159,[]
REL-0902,PRJ-0160,submitted_by_institution,INS-0046,stated,,GIAN-NIDHI-R0160,[]
REL-0903,PRJ-0160,has_participant,PER-GN-00514,stated,,GIAN-NIDHI-R0160,[]
REL-0904,PRJ-0160,has_participant,PER-GN-00515,stated,,GIAN-NIDHI-R0160,[]
REL-0905,PRJ-0160,has_participant,PER-GN-00516,stated,,GIAN-NIDHI-R0160,[]
REL-0906,PRJ-0160,has_participant,PER-GN-00517,stated,,GIAN-NIDHI-R0160,[]
REL-0907,PRJ-0160,has_participant,PER-GN-00518,stated,,GIAN-NIDHI-R0160,[]
REL-0908,PRJ-0161,submitted_by_institution,INS-0022,stated,,GIAN-NIDHI-R0161,[]
REL-0909,PRJ-0161,has_participant,PER-GN-00519,stated,,GIAN-NIDHI-R0161,[]
REL-0910,PRJ-0161,has_participant,PER-GN-00520,stated,,GIAN-NIDHI-R0161,[]
REL-0911,PRJ-0161,has_participant,PER-GN-00521,stated,,GIAN-NIDHI-R0161,[]
REL-0912,PRJ-0161,has_participant,PER-GN-00522,stated,,GIAN-NIDHI-R0161,[]
REL-0913,PRJ-0161,has_participant,PER-GN-00523,stated,,GIAN-NIDHI-R0161,[]
REL-0914,PRJ-0161,has_participant,PER-GN-00524,stated,,GIAN-NIDHI-R0161,[]
REL-0915,PRJ-0162,has_participant,PER-GN-00525,stated,,GIAN-NIDHI-R0162,[]
REL-0916,PRJ-0162,has_participant,PER-GN-00526,stated,,GIAN-NIDHI-R0162,[]
REL-0917,PRJ-0162,has_participant,PER-GN-00527,stated,,GIAN-NIDHI-R0162,[]
REL-0918,PRJ-0162,has_participant,PER-GN-00528,stated,,GIAN-NIDHI-R0162,[]
REL-0919,PRJ-0163,submitted_by_institution,INS-0097,stated,,GIAN-NIDHI-R0163,[]
REL-0920,PRJ-0163,has_participant,PER-GN-00529,stated,,GIAN-NIDHI-R0163,[]
REL-0921,PRJ-0163,has_participant,PER-GN-00530,stated,,GIAN-NIDHI-R0163,[]
REL-0922,PRJ-0163,has_participant,PER-GN-00531,stated,,GIAN-NIDHI-R0163,[]
REL-0923,PRJ-0163,has_participant,PER-GN-00532,stated,,GIAN-NIDHI-R0163,[]
REL-0924,PRJ-0163,has_participant,PER-GN-00533,stated,,GIAN-NIDHI-R0163,[]
REL-0925,PRJ-0164,submitted_by_institution,INS-0074,stated,,GIAN-NIDHI-R0164,[]
REL-0926,PRJ-0164,has_participant,PER-GN-00534,stated,,GIAN-NIDHI-R0164,[]
REL-0927,PRJ-0164,has_participant,PER-GN-00535,stated,,GIAN-NIDHI-R0164,[]
REL-0928,PRJ-0164,has_participant,PER-GN-00536,stated,,GIAN-NIDHI-R0164,[]
REL-0929,PRJ-0164,has_participant,PER-GN-00537,stated,,GIAN-NIDHI-R0164,[]
REL-0930,PRJ-0165,submitted_by_institution,INS-0013,stated,,GIAN-NIDHI-R0165,[]
REL-0931,PRJ-0165,has_participant,PER-GN-00538,stated,,GIAN-NIDHI-R0165,[]
REL-0932,PRJ-0165,has_participant,PER-GN-00539,stated,,GIAN-NIDHI-R0165,[]
REL-0933,PRJ-0165,has_participant,PER-GN-00540,stated,,GIAN-NIDHI-R0165,[]
REL-0934,PRJ-0165,has_participant,PER-GN-00541,stated,,GIAN-NIDHI-R0165,[]
REL-0935,PRJ-0166,submitted_by_institution,INS-0070,stated,,GIAN-NIDHI-R0166,[]
REL-0936,PRJ-0166,has_participant,PER-GN-00542,stated,,GIAN-NIDHI-R0166,[]
REL-0937,PRJ-0166,has_participant,PER-GN-00543,stated,,GIAN-NIDHI-R0166,[]
REL-0938,PRJ-0166,has_participant,PER-GN-00544,stated,,GIAN-NIDHI-R0166,[]
REL-0939,PRJ-0166,has_participant,PER-GN-00545,stated,,GIAN-NIDHI-R0166,[]
REL-0940,PRJ-0167,submitted_by_institution,INS-0109,stated,,GIAN-NIDHI-R0167,[]
REL-0941,PRJ-0167,has_participant,PER-GN-00546,stated,,GIAN-NIDHI-R0167,[]
REL-0942,PRJ-0167,has_participant,PER-GN-00547,stated,,GIAN-NIDHI-R0167,[]
REL-0943,PRJ-0167,has_participant,PER-GN-00548,stated,,GIAN-NIDHI-R0167,[]
REL-0944,PRJ-0167,has_participant,PER-GN-00549,stated,,GIAN-NIDHI-R0167,[]
REL-0945,PRJ-0167,has_participant,PER-GN-00550,stated,,GIAN-NIDHI-R0167,[]
REL-0946,PRJ-0168,has_participant,PER-GN-00551,stated,,GIAN-NIDHI-R0168,[]
REL-0947,PRJ-0168,has_participant,PER-GN-00552,stated,,GIAN-NIDHI-R0168,[]
REL-0948,PRJ-0168,has_participant,PER-GN-00553,stated,,GIAN-NIDHI-R0168,[]
REL-0949,PRJ-0168,has_participant,PER-GN-00554,stated,,GIAN-NIDHI-R0168,[]
REL-0950,PRJ-0169,has_participant,PER-GN-00555,stated,,GIAN-NIDHI-R0169,[]
REL-0951,PRJ-0169,has_participant,PER-GN-00556,stated,,GIAN-NIDHI-R0169,[]
REL-0952,PRJ-0169,has_participant,PER-GN-00557,stated,,GIAN-NIDHI-R0169,[]
REL-0953,PRJ-0169,has_participant,PER-GN-00558,stated,,GIAN-NIDHI-R0169,[]
REL-0954,PRJ-0169,has_participant,PER-GN-00559,stated,,GIAN-NIDHI-R0169,[]
REL-0955,PRJ-0169,has_participant,PER-GN-00560,stated,,GIAN-NIDHI-R0169,[]
REL-0956,PRJ-0170,has_participant,PER-GN-00561,stated,,GIAN-NIDHI-R0170,[]
REL-0957,PRJ-0170,has_participant,PER-GN-00562,stated,,GIAN-NIDHI-R0170,[]
REL-0958,PRJ-0170,has_participant,PER-GN-00563,stated,,GIAN-NIDHI-R0170,[]
REL-0959,PRJ-0171,has_participant,PER-GN-00564,stated,,GIAN-NIDHI-R0171,[]
REL-0960,PRJ-0171,has_participant,PER-GN-00565,stated,,GIAN-NIDHI-R0171,[]
REL-0961,PRJ-0171,has_participant,PER-GN-00566,stated,,GIAN-NIDHI-R0171,[]
REL-0962,PRJ-0172,has_participant,PER-GN-00567,stated,,GIAN-NIDHI-R0172,[]
REL-0963,PRJ-0172,has_participant,PER-GN-00568,stated,,GIAN-NIDHI-R0172,[]
REL-0964,PRJ-0172,has_participant,PER-GN-00569,stated,,GIAN-NIDHI-R0172,[]
REL-0965,PRJ-0172,has_participant,PER-GN-00570,stated,,GIAN-NIDHI-R0172,[]
REL-0966,PRJ-0173,has_participant,PER-GN-00571,stated,,GIAN-NIDHI-R0173,[]
REL-0967,PRJ-0173,has_participant,PER-GN-00572,stated,,GIAN-NIDHI-R0173,[]
REL-0968,PRJ-0174,has_participant,PER-GN-00573,stated,,GIAN-NIDHI-R0174,[]
REL-0969,PRJ-0174,has_participant,PER-GN-00574,stated,,GIAN-NIDHI-R0174,[]
REL-0970,PRJ-0174,has_participant,PER-GN-00575,stated,,GIAN-NIDHI-R0174,[]
REL-0971,PRJ-0174,has_participant,PER-GN-00576,stated,,GIAN-NIDHI-R0174,[]
REL-0972,PRJ-0175,has_participant,PER-GN-00577,stated,,GIAN-NIDHI-R0175,[]
REL-0973,PRJ-0175,has_participant,PER-GN-00578,stated,,GIAN-NIDHI-R0175,[]
REL-0974,PRJ-0175,has_participant,PER-GN-00579,stated,,GIAN-NIDHI-R0175,[]
REL-0975,PRJ-0175,has_participant,PER-GN-00580,stated,,GIAN-NIDHI-R0175,[]
REL-0976,PRJ-0176,submitted_by_institution,INS-0019,stated,,GIAN-NIDHI-R0176,[]
REL-0977,PRJ-0176,has_participant,PER-GN-00581,stated,,GIAN-NIDHI-R0176,[]
REL-0978,PRJ-0176,has_participant,PER-GN-00582,stated,,GIAN-NIDHI-R0176,[]
REL-0979,PRJ-0176,has_participant,PER-GN-00583,stated,,GIAN-NIDHI-R0176,[]
REL-0980,PRJ-0176,has_participant,PER-GN-00584,stated,,GIAN-NIDHI-R0176,[]
REL-0981,PRJ-0176,has_participant,PER-GN-00585,stated,,GIAN-NIDHI-R0176,[]
REL-0982,PRJ-0177,submitted_by_institution,INS-0078,stated,,GIAN-NIDHI-R0177,[]
REL-0983,PRJ-0177,has_participant,PER-GN-00586,stated,,GIAN-NIDHI-R0177,[]
REL-0984,PRJ-0177,has_participant,PER-GN-00587,stated,,GIAN-NIDHI-R0177,[]
REL-0985,PRJ-0178,submitted_by_institution,INS-0069,stated,,GIAN-NIDHI-R0178,[]
REL-0986,PRJ-0178,has_participant,PER-GN-00588,stated,,GIAN-NIDHI-R0178,[]
REL-0987,PRJ-0178,has_participant,PER-GN-00589,stated,,GIAN-NIDHI-R0178,[]
REL-0988,PRJ-0178,has_participant,PER-GN-00590,stated,,GIAN-NIDHI-R0178,[]
REL-0989,PRJ-0178,has_participant,PER-GN-00591,stated,,GIAN-NIDHI-R0178,[]
REL-0990,PRJ-0179,submitted_by_institution,INS-0007,stated,,GIAN-NIDHI-R0179,[]
REL-0991,PRJ-0179,has_participant,PER-GN-00592,stated,,GIAN-NIDHI-R0179,[]
REL-0992,PRJ-0179,has_participant,PER-GN-00593,stated,,GIAN-NIDHI-R0179,[]
REL-0993,PRJ-0179,has_participant,PER-GN-00594,stated,,GIAN-NIDHI-R0179,[]
REL-0994,PRJ-0179,has_participant,PER-GN-00595,stated,,GIAN-NIDHI-R0179,[]
REL-0995,PRJ-0179,has_participant,PER-GN-00596,stated,,GIAN-NIDHI-R0179,[]
REL-0996,PRJ-0179,has_participant,PER-GN-00597,stated,,GIAN-NIDHI-R0179,[]
REL-0997,PRJ-0180,submitted_by_institution,INS-0003,stated,,GIAN-NIDHI-R0180,[]
REL-0998,PRJ-0180,has_participant,PER-GN-00598,stated,,GIAN-NIDHI-R0180,[]
REL-0999,PRJ-0180,has_participant,PER-GN-00599,stated,,GIAN-NIDHI-R0180,[]
REL-1000,PRJ-0180,has_participant,PER-GN-00600,stated,,GIAN-NIDHI-R0180,[]
REL-1001,PRJ-0180,has_participant,PER-GN-00601,stated,,GIAN-NIDHI-R0180,[]
REL-1002,PRJ-0181,submitted_by_institution,INS-0108,stated,,GIAN-NIDHI-R0181,[]
REL-1003,PRJ-0181,has_participant,PER-GN-00602,stated,,GIAN-NIDHI-R0181,[]
REL-1004,PRJ-0181,has_participant,PER-GN-00603,stated,,GIAN-NIDHI-R0181,[]
REL-1005,PRJ-0181,has_participant,PER-GN-00604,stated,,GIAN-NIDHI-R0181,[]
REL-1006,PRJ-0181,has_participant,PER-GN-00605,stated,,GIAN-NIDHI-R0181,[]
REL-1007,PRJ-0181,has_participant,PER-GN-00606,stated,,GIAN-NIDHI-R0181,[]
REL-1008,PRJ-0181,has_participant,PER-GN-00607,stated,,GIAN-NIDHI-R0181,[]
REL-1009,PRJ-0182,submitted_by_institution,INS-0006,stated,,GIAN-NIDHI-R0182,[]
REL-1010,PRJ-0182,has_participant,PER-GN-00608,stated,,GIAN-NIDHI-R0182,[]
REL-1011,PRJ-0182,has_participant,PER-GN-00609,stated,,GIAN-NIDHI-R0182,[]
REL-1012,PRJ-0182,has_participant,PER-GN-00610,stated,,GIAN-NIDHI-R0182,[]
REL-1013,PRJ-0183,submitted_by_institution,INS-0132,stated,,GIAN-NIDHI-R0183,[]
REL-1014,PRJ-0183,has_participant,PER-GN-00611,stated,,GIAN-NIDHI-R0183,[]
REL-1015,PRJ-0183,has_participant,PER-GN-00612,stated,,GIAN-NIDHI-R0183,[]
REL-1016,PRJ-0183,has_participant,PER-GN-00613,stated,,GIAN-NIDHI-R0183,[]
REL-1017,PRJ-0183,has_participant,PER-GN-00614,stated,,GIAN-NIDHI-R0183,[]
REL-1018,PRJ-0183,has_participant,PER-GN-00615,stated,,GIAN-NIDHI-R0183,[]
REL-1019,PRJ-0183,has_participant,PER-GN-00616,stated,,GIAN-NIDHI-R0183,[]
REL-1020,PRJ-0184,submitted_by_institution,INS-0008,stated,,GIAN-NIDHI-R0184,[]
REL-1021,PRJ-0184,has_participant,PER-GN-00617,stated,,GIAN-NIDHI-R0184,[]
REL-1022,PRJ-0184,has_participant,PER-GN-00618,stated,,GIAN-NIDHI-R0184,[]
REL-1023,PRJ-0184,has_participant,PER-GN-00619,stated,,GIAN-NIDHI-R0184,[]
REL-1024,PRJ-0184,has_participant,PER-GN-00620,stated,,GIAN-NIDHI-R0184,[]
REL-1025,PRJ-0184,has_participant,PER-GN-00621,stated,,GIAN-NIDHI-R0184,[]
REL-1026,PRJ-0184,has_participant,PER-GN-00622,stated,,GIAN-NIDHI-R0184,[]
REL-1027,PRJ-0185,submitted_by_institution,INS-0037,stated,,GIAN-NIDHI-R0185,[]
REL-1028,PRJ-0185,has_participant,PER-GN-00623,stated,,GIAN-NIDHI-R0185,[]
REL-1029,PRJ-0185,has_participant,PER-GN-00624,stated,,GIAN-NIDHI-R0185,[]
REL-1030,PRJ-0185,has_participant,PER-GN-00625,stated,,GIAN-NIDHI-R0185,[]
REL-1031,PRJ-0185,has_participant,PER-GN-00626,stated,,GIAN-NIDHI-R0185,[]
REL-1032,PRJ-0186,submitted_by_institution,INS-0010,stated,,GIAN-NIDHI-R0186,[]
REL-1033,PRJ-0186,has_participant,PER-GN-00627,stated,,GIAN-NIDHI-R0186,[]
REL-1034,PRJ-0186,has_participant,PER-GN-00628,stated,,GIAN-NIDHI-R0186,[]
REL-1035,PRJ-0186,has_participant,PER-GN-00629,stated,,GIAN-NIDHI-R0186,[]
REL-1036,PRJ-0187,submitted_by_institution,INS-0010,stated,,GIAN-NIDHI-R0187,[]
REL-1037,PRJ-0187,has_participant,PER-GN-00630,stated,,GIAN-NIDHI-R0187,[]
REL-1038,PRJ-0187,has_participant,PER-GN-00631,stated,,GIAN-NIDHI-R0187,[]
REL-1039,PRJ-0187,has_participant,PER-GN-00632,stated,,GIAN-NIDHI-R0187,[]
REL-1040,PRJ-0187,has_participant,PER-GN-00633,stated,,GIAN-NIDHI-R0187,[]
REL-1041,PRJ-0188,submitted_by_institution,INS-0010,stated,,GIAN-NIDHI-R0188,[]
REL-1042,PRJ-0188,has_participant,PER-GN-00634,stated,,GIAN-NIDHI-R0188,[]
REL-1043,PRJ-0188,has_participant,PER-GN-00635,stated,,GIAN-NIDHI-R0188,[]
REL-1044,PRJ-0188,has_participant,PER-GN-00636,stated,,GIAN-NIDHI-R0188,[]
REL-1045,PRJ-0189,submitted_by_institution,INS-0004,stated,,GIAN-NIDHI-R0189,[]
REL-1046,PRJ-0189,has_participant,PER-GN-00637,stated,,GIAN-NIDHI-R0189,[]
REL-1047,PRJ-0189,has_participant,PER-GN-00638,stated,,GIAN-NIDHI-R0189,[]
REL-1048,PRJ-0189,has_participant,PER-GN-00639,stated,,GIAN-NIDHI-R0189,[]
REL-1049,PRJ-0189,has_participant,PER-GN-00640,stated,,GIAN-NIDHI-R0189,[]
REL-1050,PRJ-0189,has_participant,PER-GN-00641,stated,,GIAN-NIDHI-R0189,[]
REL-1051,PRJ-0190,submitted_by_institution,INS-0038,stated,,GIAN-NIDHI-R0190,[]
REL-1052,PRJ-0190,has_participant,PER-GN-00642,stated,,GIAN-NIDHI-R0190,[]
REL-1053,PRJ-0190,has_participant,PER-GN-00643,stated,,GIAN-NIDHI-R0190,[]
REL-1054,PRJ-0190,has_participant,PER-GN-00644,stated,,GIAN-NIDHI-R0190,[]
REL-1055,PRJ-0190,has_participant,PER-GN-00645,stated,,GIAN-NIDHI-R0190,[]
REL-1056,PRJ-0191,submitted_by_institution,INS-0013,stated,,GIAN-NIDHI-R0191,[]
REL-1057,PRJ-0191,has_participant,PER-GN-00646,stated,,GIAN-NIDHI-R0191,[]
REL-1058,PRJ-0191,has_participant,PER-GN-00647,stated,,GIAN-NIDHI-R0191,[]
REL-1059,PRJ-0191,has_participant,PER-GN-00648,stated,,GIAN-NIDHI-R0191,[]
REL-1060,PRJ-0192,submitted_by_institution,INS-0006,stated,,GIAN-NIDHI-R0192,[]
REL-1061,PRJ-0192,has_participant,PER-GN-00649,stated,,GIAN-NIDHI-R0192,[]
REL-1062,PRJ-0192,has_participant,PER-GN-00650,stated,,GIAN-NIDHI-R0192,[]
REL-1063,PRJ-0192,has_participant,PER-GN-00651,stated,,GIAN-NIDHI-R0192,[]
REL-1064,PRJ-0193,submitted_by_institution,INS-0059,stated,,GIAN-NIDHI-R0193,[]
REL-1065,PRJ-0193,has_participant,PER-GN-00652,stated,,GIAN-NIDHI-R0193,[]
REL-1066,PRJ-0193,has_participant,PER-GN-00653,stated,,GIAN-NIDHI-R0193,[]
REL-1067,PRJ-0193,has_participant,PER-GN-00654,stated,,GIAN-NIDHI-R0193,[]
REL-1068,PRJ-0193,has_participant,PER-GN-00655,stated,,GIAN-NIDHI-R0193,[]
REL-1069,PRJ-0193,has_participant,PER-GN-00656,stated,,GIAN-NIDHI-R0193,[]
REL-1070,PRJ-0194,submitted_by_institution,INS-0114,stated,,GIAN-NIDHI-R0194,[]
REL-1071,PRJ-0194,has_participant,PER-GN-00657,stated,,GIAN-NIDHI-R0194,[]
REL-1072,PRJ-0194,has_participant,PER-GN-00658,stated,,GIAN-NIDHI-R0194,[]
REL-1073,PRJ-0194,has_participant,PER-GN-00659,stated,,GIAN-NIDHI-R0194,[]
REL-1074,PRJ-0194,has_participant,PER-GN-00660,stated,,GIAN-NIDHI-R0194,[]
REL-1075,PRJ-0195,submitted_by_institution,INS-0044,stated,,GIAN-NIDHI-R0195,[]
REL-1076,PRJ-0195,has_participant,PER-GN-00661,stated,,GIAN-NIDHI-R0195,[]
REL-1077,PRJ-0195,has_participant,PER-GN-00662,stated,,GIAN-NIDHI-R0195,[]
REL-1078,PRJ-0195,has_participant,PER-GN-00663,stated,,GIAN-NIDHI-R0195,[]
REL-1079,PRJ-0195,has_participant,PER-GN-00664,stated,,GIAN-NIDHI-R0195,[]
REL-1080,PRJ-0196,submitted_by_institution,INS-0007,stated,,GIAN-NIDHI-R0196,[]
REL-1081,PRJ-0196,has_participant,PER-GN-00665,stated,,GIAN-NIDHI-R0196,[]
REL-1082,PRJ-0196,has_participant,PER-GN-00666,stated,,GIAN-NIDHI-R0196,[]
REL-1083,PRJ-0196,has_participant,PER-GN-00667,stated,,GIAN-NIDHI-R0196,[]
REL-1084,PRJ-0196,has_participant,PER-GN-00668,stated,,GIAN-NIDHI-R0196,[]
REL-1085,PRJ-0196,has_participant,PER-GN-00669,stated,,GIAN-NIDHI-R0196,[]
REL-1086,PRJ-0197,submitted_by_institution,INS-0076,stated,,GIAN-NIDHI-R0197,[]
REL-1087,PRJ-0197,has_participant,PER-GN-00670,stated,,GIAN-NIDHI-R0197,[]
REL-1088,PRJ-0197,has_participant,PER-GN-00671,stated,,GIAN-NIDHI-R0197,[]
REL-1089,PRJ-0197,has_participant,PER-GN-00672,stated,,GIAN-NIDHI-R0197,[]
REL-1090,PRJ-0197,has_participant,PER-GN-00673,stated,,GIAN-NIDHI-R0197,[]
REL-1091,PRJ-0197,has_participant,PER-GN-00674,stated,,GIAN-NIDHI-R0197,[]
REL-1092,PRJ-0197,has_participant,PER-GN-00675,stated,,GIAN-NIDHI-R0197,[]
REL-1093,PRJ-0198,submitted_by_institution,INS-0082,stated,,GIAN-NIDHI-R0198,[]
REL-1094,PRJ-0198,has_participant,PER-GN-00676,stated,,GIAN-NIDHI-R0198,[]
REL-1095,PRJ-0198,has_participant,PER-GN-00677,stated,,GIAN-NIDHI-R0198,[]
REL-1096,PRJ-0198,has_participant,PER-GN-00678,stated,,GIAN-NIDHI-R0198,[]
REL-1097,PRJ-0199,has_participant,PER-GN-00679,stated,,GIAN-NIDHI-R0199,[]
REL-1098,PRJ-0199,has_participant,PER-GN-00680,stated,,GIAN-NIDHI-R0199,[]
REL-1099,PRJ-0199,has_participant,PER-GN-00681,stated,,GIAN-NIDHI-R0199,[]
REL-1100,PRJ-0199,has_participant,PER-GN-00682,stated,,GIAN-NIDHI-R0199,[]
REL-1101,PRJ-0199,has_participant,PER-GN-00683,stated,,GIAN-NIDHI-R0199,[]
REL-1102,PRJ-0200,submitted_by_institution,INS-0003,stated,,GIAN-NIDHI-R0200,[]
REL-1103,PRJ-0200,has_participant,PER-GN-00684,stated,,GIAN-NIDHI-R0200,[]
REL-1104,PRJ-0200,has_participant,PER-GN-00685,stated,,GIAN-NIDHI-R0200,[]
REL-1105,PRJ-0200,has_participant,PER-GN-00686,stated,,GIAN-NIDHI-R0200,[]
REL-1106,PRJ-0200,has_participant,PER-GN-00687,stated,,GIAN-NIDHI-R0200,[]
REL-1107,PRJ-0200,has_participant,PER-GN-00688,stated,,GIAN-NIDHI-R0200,[]
REL-1108,PRJ-0201,submitted_by_institution,INS-0023,stated,,GIAN-NIDHI-R0201,[]
REL-1109,PRJ-0201,has_participant,PER-GN-00689,stated,,GIAN-NIDHI-R0201,[]
REL-1110,PRJ-0201,has_participant,PER-GN-00690,stated,,GIAN-NIDHI-R0201,[]
REL-1111,PRJ-0201,has_participant,PER-GN-00691,stated,,GIAN-NIDHI-R0201,[]
REL-1112,PRJ-0201,has_participant,PER-GN-00692,stated,,GIAN-NIDHI-R0201,[]
REL-1113,PRJ-0202,submitted_by_institution,INS-0023,stated,,GIAN-NIDHI-R0202,[]
REL-1114,PRJ-0202,has_participant,PER-GN-00693,stated,,GIAN-NIDHI-R0202,[]
REL-1115,PRJ-0202,has_participant,PER-GN-00694,stated,,GIAN-NIDHI-R0202,[]
REL-1116,PRJ-0202,has_participant,PER-GN-00695,stated,,GIAN-NIDHI-R0202,[]
REL-1117,PRJ-0202,has_participant,PER-GN-00696,stated,,GIAN-NIDHI-R0202,[]
REL-1118,PRJ-0203,submitted_by_institution,INS-0003,stated,,GIAN-NIDHI-R0203,[]
REL-1119,PRJ-0203,has_participant,PER-GN-00697,stated,,GIAN-NIDHI-R0203,[]
REL-1120,PRJ-0203,has_participant,PER-GN-00698,stated,,GIAN-NIDHI-R0203,[]
REL-1121,PRJ-0203,has_participant,PER-GN-00699,stated,,GIAN-NIDHI-R0203,[]
REL-1122,PRJ-0203,has_participant,PER-GN-00700,stated,,GIAN-NIDHI-R0203,[]
REL-1123,PRJ-0203,has_participant,PER-GN-00701,stated,,GIAN-NIDHI-R0203,[]
REL-1124,PRJ-0203,has_participant,PER-GN-00702,stated,,GIAN-NIDHI-R0203,[]
REL-1125,PRJ-0204,submitted_by_institution,INS-0003,stated,,GIAN-NIDHI-R0204,[]
REL-1126,PRJ-0204,has_participant,PER-GN-00703,stated,,GIAN-NIDHI-R0204,[]
REL-1127,PRJ-0204,has_participant,PER-GN-00704,stated,,GIAN-NIDHI-R0204,[]
REL-1128,PRJ-0204,has_participant,PER-GN-00705,stated,,GIAN-NIDHI-R0204,[]
REL-1129,PRJ-0204,has_participant,PER-GN-00706,stated,,GIAN-NIDHI-R0204,[]
REL-1130,PRJ-0204,has_participant,PER-GN-00707,stated,,GIAN-NIDHI-R0204,[]
REL-1131,PRJ-0204,has_participant,PER-GN-00708,stated,,GIAN-NIDHI-R0204,[]
REL-1132,PRJ-0205,submitted_by_institution,INS-0003,stated,,GIAN-NIDHI-R0205,[]
REL-1133,PRJ-0205,has_participant,PER-GN-00709,stated,,GIAN-NIDHI-R0205,[]
REL-1134,PRJ-0205,has_participant,PER-GN-00710,stated,,GIAN-NIDHI-R0205,[]
REL-1135,PRJ-0205,has_participant,PER-GN-00711,stated,,GIAN-NIDHI-R0205,[]
REL-1136,PRJ-0205,has_participant,PER-GN-00712,stated,,GIAN-NIDHI-R0205,[]
REL-1137,PRJ-0206,submitted_by_institution,INS-0083,stated,,GIAN-NIDHI-R0206,[]
REL-1138,PRJ-0206,has_participant,PER-GN-00713,stated,,GIAN-NIDHI-R0206,[]
REL-1139,PRJ-0206,has_participant,PER-GN-00714,stated,,GIAN-NIDHI-R0206,[]
REL-1140,PRJ-0206,has_participant,PER-GN-00715,stated,,GIAN-NIDHI-R0206,[]
REL-1141,PRJ-0206,has_participant,PER-GN-00716,stated,,GIAN-NIDHI-R0206,[]
REL-1142,PRJ-0207,submitted_by_institution,INS-0095,stated,,GIAN-NIDHI-R0207,[]
REL-1143,PRJ-0207,has_participant,PER-GN-00717,stated,,GIAN-NIDHI-R0207,[]
REL-1144,PRJ-0207,has_participant,PER-GN-00718,stated,,GIAN-NIDHI-R0207,[]
REL-1145,PRJ-0207,has_participant,PER-GN-00719,stated,,GIAN-NIDHI-R0207,[]
REL-1146,PRJ-0207,has_participant,PER-GN-00720,stated,,GIAN-NIDHI-R0207,[]
REL-1147,PRJ-0208,submitted_by_institution,INS-0020,stated,,GIAN-NIDHI-R0208,[]
REL-1148,PRJ-0208,has_participant,PER-GN-00721,stated,,GIAN-NIDHI-R0208,[]
REL-1149,PRJ-0208,has_participant,PER-GN-00722,stated,,GIAN-NIDHI-R0208,[]
REL-1150,PRJ-0208,has_participant,PER-GN-00723,stated,,GIAN-NIDHI-R0208,[]
REL-1151,PRJ-0208,has_participant,PER-GN-00724,stated,,GIAN-NIDHI-R0208,[]
REL-1152,PRJ-0209,submitted_by_institution,INS-0020,stated,,GIAN-NIDHI-R0208,[]
REL-1153,PRJ-0209,duplicate_of,PRJ-0208,stated,exact_duplicate (same title and team),GIAN-NIDHI-R0208,[]
REL-1154,PRJ-0209,has_participant,PER-GN-00721,stated,,GIAN-NIDHI-R0208,[]
REL-1155,PRJ-0209,has_participant,PER-GN-00722,stated,,GIAN-NIDHI-R0208,[]
REL-1156,PRJ-0209,has_participant,PER-GN-00723,stated,,GIAN-NIDHI-R0208,[]
REL-1157,PRJ-0209,has_participant,PER-GN-00724,stated,,GIAN-NIDHI-R0208,[]
REL-1158,PRJ-0210,submitted_by_institution,INS-0022,stated,,GIAN-NIDHI-R0210,[]
REL-1159,PRJ-0210,has_participant,PER-GN-00725,stated,,GIAN-NIDHI-R0210,[]
REL-1160,PRJ-0210,has_participant,PER-GN-00726,stated,,GIAN-NIDHI-R0210,[]
REL-1161,PRJ-0210,has_participant,PER-GN-00727,stated,,GIAN-NIDHI-R0210,[]
REL-1162,PRJ-0210,has_participant,PER-GN-00728,stated,,GIAN-NIDHI-R0210,[]
REL-1163,PRJ-0210,has_participant,PER-GN-00729,stated,,GIAN-NIDHI-R0210,[]
REL-1164,PRJ-0210,has_participant,PER-GN-00730,stated,,GIAN-NIDHI-R0210,[]
REL-1165,PRJ-0210,has_participant,PER-GN-00731,stated,,GIAN-NIDHI-R0210,[]
REL-1166,PRJ-0211,submitted_by_institution,INS-0008,stated,,GIAN-NIDHI-R0211,[]
REL-1167,PRJ-0211,has_participant,PER-GN-00732,stated,,GIAN-NIDHI-R0211,[]
REL-1168,PRJ-0211,has_participant,PER-GN-00733,stated,,GIAN-NIDHI-R0211,[]
REL-1169,PRJ-0211,has_participant,PER-GN-00734,stated,,GIAN-NIDHI-R0211,[]
REL-1170,PRJ-0211,has_participant,PER-GN-00735,stated,,GIAN-NIDHI-R0211,[]
REL-1171,PRJ-0211,has_participant,PER-GN-00736,stated,,GIAN-NIDHI-R0211,[]
REL-1172,PRJ-0211,has_participant,PER-GN-00737,stated,,GIAN-NIDHI-R0211,[]
REL-1173,PRJ-0212,submitted_by_institution,INS-0128,stated,,GIAN-NIDHI-R0212,[]
REL-1174,PRJ-0212,has_participant,PER-GN-00738,stated,,GIAN-NIDHI-R0212,[]
REL-1175,PRJ-0212,has_participant,PER-GN-00739,stated,,GIAN-NIDHI-R0212,[]
REL-1176,PRJ-0213,submitted_by_institution,INS-0080,stated,,GIAN-NIDHI-R0213,[]
REL-1177,PRJ-0213,has_participant,PER-GN-00740,stated,,GIAN-NIDHI-R0213,[]
REL-1178,PRJ-0213,has_participant,PER-GN-00741,stated,,GIAN-NIDHI-R0213,[]
REL-1179,PRJ-0213,has_participant,PER-GN-00742,stated,,GIAN-NIDHI-R0213,[]
REL-1180,PRJ-0213,has_participant,PER-GN-00743,stated,,GIAN-NIDHI-R0213,[]
REL-1181,PRJ-0213,has_participant,PER-GN-00744,stated,,GIAN-NIDHI-R0213,[]
REL-1182,PRJ-0214,submitted_by_institution,INS-0004,stated,,GIAN-NIDHI-R0214,[]
REL-1183,PRJ-0214,has_participant,PER-GN-00745,stated,,GIAN-NIDHI-R0214,[]
REL-1184,PRJ-0214,has_participant,PER-GN-00746,stated,,GIAN-NIDHI-R0214,[]
REL-1185,PRJ-0214,has_participant,PER-GN-00747,stated,,GIAN-NIDHI-R0214,[]
REL-1186,PRJ-0214,has_participant,PER-GN-00748,stated,,GIAN-NIDHI-R0214,[]
REL-1187,PRJ-0215,submitted_by_institution,INS-0092,stated,,GIAN-NIDHI-R0215,[]
REL-1188,PRJ-0215,has_participant,PER-GN-00749,stated,,GIAN-NIDHI-R0215,[]
REL-1189,PRJ-0216,submitted_by_institution,INS-0077,stated,,GIAN-NIDHI-R0216,[]
REL-1190,PRJ-0216,has_participant,PER-GN-00750,stated,,GIAN-NIDHI-R0216,[]
REL-1191,PRJ-0217,submitted_by_institution,INS-0063,stated,,GIAN-NIDHI-R0217,[]
REL-1192,PRJ-0217,has_participant,PER-GN-00751,stated,,GIAN-NIDHI-R0217,[]
REL-1193,PRJ-0218,submitted_by_institution,INS-0012,stated,,GIAN-NIDHI-R0218,[]
REL-1194,PRJ-0218,has_participant,PER-GN-00752,stated,,GIAN-NIDHI-R0218,[]
REL-1195,PRJ-0218,has_participant,PER-GN-00753,stated,,GIAN-NIDHI-R0218,[]
REL-1196,PRJ-0218,has_participant,PER-GN-00754,stated,,GIAN-NIDHI-R0218,[]
REL-1197,PRJ-0218,has_participant,PER-GN-00755,stated,,GIAN-NIDHI-R0218,[]
REL-1198,PRJ-0219,submitted_by_institution,INS-0013,stated,,GIAN-NIDHI-R0219,[]
REL-1199,PRJ-0219,has_participant,PER-GN-00756,stated,,GIAN-NIDHI-R0219,[]
REL-1200,PRJ-0219,has_participant,PER-GN-00757,stated,,GIAN-NIDHI-R0219,[]
REL-1201,PRJ-0219,has_participant,PER-GN-00758,stated,,GIAN-NIDHI-R0219,[]
REL-1202,PRJ-0219,has_participant,PER-GN-00759,stated,,GIAN-NIDHI-R0219,[]
REL-1203,PRJ-0220,submitted_by_institution,INS-0030,stated,,GIAN-NIDHI-R0220,[]
REL-1204,PRJ-0220,has_participant,PER-GN-00760,stated,,GIAN-NIDHI-R0220,[]
REL-1205,PRJ-0220,has_participant,PER-GN-00761,stated,,GIAN-NIDHI-R0220,[]
REL-1206,PRJ-0220,has_participant,PER-GN-00762,stated,,GIAN-NIDHI-R0220,[]
REL-1207,PRJ-0220,has_participant,PER-GN-00763,stated,,GIAN-NIDHI-R0220,[]
REL-1208,PRJ-0221,submitted_by_institution,INS-0026,stated,,GIAN-NIDHI-R0221,[]
REL-1209,PRJ-0221,has_participant,PER-GN-00764,stated,,GIAN-NIDHI-R0221,[]
REL-1210,PRJ-0221,has_participant,PER-GN-00765,stated,,GIAN-NIDHI-R0221,[]
REL-1211,PRJ-0221,has_participant,PER-GN-00766,stated,,GIAN-NIDHI-R0221,[]
REL-1212,PRJ-0222,submitted_by_institution,INS-0023,stated,,GIAN-NIDHI-R0222,[]
REL-1213,PRJ-0222,has_participant,PER-GN-00767,stated,,GIAN-NIDHI-R0222,[]
REL-1214,PRJ-0222,has_participant,PER-GN-00768,stated,,GIAN-NIDHI-R0222,[]
REL-1215,PRJ-0223,submitted_by_institution,INS-0060,stated,,GIAN-NIDHI-R0223,[]
REL-1216,PRJ-0223,has_participant,PER-GN-00769,stated,,GIAN-NIDHI-R0223,[]
REL-1217,PRJ-0223,has_participant,PER-GN-00770,stated,,GIAN-NIDHI-R0223,[]
REL-1218,PRJ-0223,has_participant,PER-GN-00771,stated,,GIAN-NIDHI-R0223,[]
REL-1219,PRJ-0223,has_participant,PER-GN-00772,stated,,GIAN-NIDHI-R0223,[]
REL-1220,PRJ-0224,submitted_by_institution,INS-0014,stated,,GIAN-NIDHI-R0224,[]
REL-1221,PRJ-0224,has_participant,PER-GN-00773,stated,,GIAN-NIDHI-R0224,[]
REL-1222,PRJ-0224,has_participant,PER-GN-00774,stated,,GIAN-NIDHI-R0224,[]
REL-1223,PRJ-0224,has_participant,PER-GN-00775,stated,,GIAN-NIDHI-R0224,[]
REL-1224,PRJ-0224,has_participant,PER-GN-00776,stated,,GIAN-NIDHI-R0224,[]
REL-1225,PRJ-0225,submitted_by_institution,INS-0007,stated,,GIAN-NIDHI-R0225,[]
REL-1226,PRJ-0225,has_participant,PER-GN-00777,stated,,GIAN-NIDHI-R0225,[]
REL-1227,PRJ-0225,has_participant,PER-GN-00778,stated,,GIAN-NIDHI-R0225,[]
REL-1228,PRJ-0225,has_participant,PER-GN-00779,stated,,GIAN-NIDHI-R0225,[]
REL-1229,PRJ-0225,has_participant,PER-GN-00780,stated,,GIAN-NIDHI-R0225,[]
REL-1230,PRJ-0225,has_participant,PER-GN-00781,stated,,GIAN-NIDHI-R0225,[]
REL-1231,PRJ-0226,submitted_by_institution,INS-0071,stated,,GIAN-NIDHI-R0226,[]
REL-1232,PRJ-0226,has_participant,PER-GN-00782,stated,,GIAN-NIDHI-R0226,[]
REL-1233,PRJ-0226,has_participant,PER-GN-00783,stated,,GIAN-NIDHI-R0226,[]
REL-1234,PRJ-0226,has_participant,PER-GN-00784,stated,,GIAN-NIDHI-R0226,[]
REL-1235,PRJ-0226,has_participant,PER-GN-00785,stated,,GIAN-NIDHI-R0226,[]
REL-1236,PRJ-0226,has_participant,PER-GN-00786,stated,,GIAN-NIDHI-R0226,[]
REL-1237,PRJ-0227,submitted_by_institution,INS-0048,stated,,GIAN-NIDHI-R0227,[]
REL-1238,PRJ-0227,has_participant,PER-GN-00787,stated,,GIAN-NIDHI-R0227,[]
REL-1239,PRJ-0227,has_participant,PER-GN-00788,stated,,GIAN-NIDHI-R0227,[]
REL-1240,PRJ-0227,has_participant,PER-GN-00789,stated,,GIAN-NIDHI-R0227,[]
REL-1241,PRJ-0228,submitted_by_institution,INS-0065,stated,,GIAN-NIDHI-R0228,[]
REL-1242,PRJ-0228,has_participant,PER-GN-00790,stated,,GIAN-NIDHI-R0228,[]
REL-1243,PRJ-0228,has_participant,PER-GN-00791,stated,,GIAN-NIDHI-R0228,[]
REL-1244,PRJ-0228,has_participant,PER-GN-00792,stated,,GIAN-NIDHI-R0228,[]
REL-1245,PRJ-0228,has_participant,PER-GN-00793,stated,,GIAN-NIDHI-R0228,[]
REL-1246,PRJ-0229,submitted_by_institution,INS-0142,stated,,GIAN-NIDHI-R0229,[]
REL-1247,PRJ-0229,has_participant,PER-GN-00794,stated,,GIAN-NIDHI-R0229,[]
REL-1248,PRJ-0229,has_participant,PER-GN-00795,stated,,GIAN-NIDHI-R0229,[]
REL-1249,PRJ-0230,submitted_by_institution,INS-0035,stated,,GIAN-NIDHI-R0230,[]
REL-1250,PRJ-0230,has_participant,PER-GN-00796,stated,,GIAN-NIDHI-R0230,[]
REL-1251,PRJ-0231,submitted_by_institution,INS-0068,stated,,GIAN-NIDHI-R0231,[]
REL-1252,PRJ-0231,has_participant,PER-GN-00797,stated,,GIAN-NIDHI-R0231,[]
REL-1253,PRJ-0231,has_participant,PER-GN-00798,stated,,GIAN-NIDHI-R0231,[]
REL-1254,PRJ-0231,has_participant,PER-GN-00799,stated,,GIAN-NIDHI-R0231,[]
REL-1255,PRJ-0232,submitted_by_institution,INS-0017,stated,,GIAN-NIDHI-R0232,[]
REL-1256,PRJ-0232,has_participant,PER-GN-00800,stated,,GIAN-NIDHI-R0232,[]
REL-1257,PRJ-0232,has_participant,PER-GN-00801,stated,,GIAN-NIDHI-R0232,[]
REL-1258,PRJ-0232,has_participant,PER-GN-00802,stated,,GIAN-NIDHI-R0232,[]
REL-1259,PRJ-0232,has_participant,PER-GN-00803,stated,,GIAN-NIDHI-R0232,[]
REL-1260,PRJ-0232,has_participant,PER-GN-00804,stated,,GIAN-NIDHI-R0232,[]
REL-1261,PRJ-0233,submitted_by_institution,INS-0029,stated,,GIAN-NIDHI-R0233,[]
REL-1262,PRJ-0233,has_participant,PER-GN-00805,stated,,GIAN-NIDHI-R0233,[]
REL-1263,PRJ-0233,has_participant,PER-GN-00806,stated,,GIAN-NIDHI-R0233,[]
REL-1264,PRJ-0233,has_participant,PER-GN-00807,stated,,GIAN-NIDHI-R0233,[]
REL-1265,PRJ-0234,submitted_by_institution,INS-0150,stated,,GIAN-NIDHI-R0234,[]
REL-1266,PRJ-0234,has_participant,PER-GN-00808,stated,,GIAN-NIDHI-R0234,[]
REL-1267,PRJ-0234,has_participant,PER-GN-00809,stated,,GIAN-NIDHI-R0234,[]
REL-1268,PRJ-0234,has_participant,PER-GN-00810,stated,,GIAN-NIDHI-R0234,[]
REL-1269,PRJ-0234,has_participant,PER-GN-00811,stated,,GIAN-NIDHI-R0234,[]
REL-1270,PRJ-0235,submitted_by_institution,INS-0019,stated,,GIAN-NIDHI-R0235,[]
REL-1271,PRJ-0235,has_participant,PER-GN-00812,stated,,GIAN-NIDHI-R0235,[]
REL-1272,PRJ-0235,has_participant,PER-GN-00813,stated,,GIAN-NIDHI-R0235,[]
REL-1273,PRJ-0235,has_participant,PER-GN-00814,stated,,GIAN-NIDHI-R0235,[]
REL-1274,PRJ-0235,has_participant,PER-GN-00815,stated,,GIAN-NIDHI-R0235,[]
REL-1275,PRJ-0235,has_participant,PER-GN-00816,stated,,GIAN-NIDHI-R0235,[]
REL-1276,PRJ-0235,has_participant,PER-GN-00817,stated,,GIAN-NIDHI-R0235,[]
REL-1277,PRJ-0236,submitted_by_institution,INS-0015,stated,,GIAN-NIDHI-R0236,[]
REL-1278,PRJ-0236,has_participant,PER-GN-00818,stated,,GIAN-NIDHI-R0236,[]
REL-1279,PRJ-0236,has_participant,PER-GN-00819,stated,,GIAN-NIDHI-R0236,[]
REL-1280,PRJ-0236,has_participant,PER-GN-00820,stated,,GIAN-NIDHI-R0236,[]
REL-1281,PRJ-0236,has_participant,PER-GN-00821,stated,,GIAN-NIDHI-R0236,[]
REL-1282,PRJ-0237,submitted_by_institution,INS-0102,stated,,GIAN-NIDHI-R0237,[]
REL-1283,PRJ-0237,has_participant,PER-GN-00822,stated,,GIAN-NIDHI-R0237,[]
REL-1284,PRJ-0237,has_participant,PER-GN-00823,stated,,GIAN-NIDHI-R0237,[]
REL-1285,PRJ-0237,has_participant,PER-GN-00824,stated,,GIAN-NIDHI-R0237,[]
REL-1286,PRJ-0237,has_participant,PER-GN-00825,stated,,GIAN-NIDHI-R0237,[]
REL-1287,PRJ-0238,submitted_by_institution,INS-0009,stated,,GIAN-NIDHI-R0238,[]
REL-1288,PRJ-0238,has_participant,PER-GN-00826,stated,,GIAN-NIDHI-R0238,[]
REL-1289,PRJ-0238,has_participant,PER-GN-00827,stated,,GIAN-NIDHI-R0238,[]
REL-1290,PRJ-0238,has_participant,PER-GN-00828,stated,,GIAN-NIDHI-R0238,[]
REL-1291,PRJ-0238,has_participant,PER-GN-00829,stated,,GIAN-NIDHI-R0238,[]
REL-1292,PRJ-0239,submitted_by_institution,INS-0009,stated,,GIAN-NIDHI-R0239,[]
REL-1293,PRJ-0239,has_participant,PER-GN-00830,stated,,GIAN-NIDHI-R0239,[]
REL-1294,PRJ-0239,has_participant,PER-GN-00831,stated,,GIAN-NIDHI-R0239,[]
REL-1295,PRJ-0239,has_participant,PER-GN-00832,stated,,GIAN-NIDHI-R0239,[]
REL-1296,PRJ-0239,has_participant,PER-GN-00833,stated,,GIAN-NIDHI-R0239,[]
REL-1297,PRJ-0240,submitted_by_institution,INS-0009,stated,,GIAN-NIDHI-R0240,[]
REL-1298,PRJ-0240,has_participant,PER-GN-00834,stated,,GIAN-NIDHI-R0240,[]
REL-1299,PRJ-0240,has_participant,PER-GN-00835,stated,,GIAN-NIDHI-R0240,[]
REL-1300,PRJ-0240,has_participant,PER-GN-00836,stated,,GIAN-NIDHI-R0240,[]
REL-1301,PRJ-0240,has_participant,PER-GN-00837,stated,,GIAN-NIDHI-R0240,[]
REL-1302,PRJ-0241,submitted_by_institution,INS-0009,stated,,GIAN-NIDHI-R0241,[]
REL-1303,PRJ-0241,has_participant,PER-GN-00838,stated,,GIAN-NIDHI-R0241,[]
REL-1304,PRJ-0241,has_participant,PER-GN-00839,stated,,GIAN-NIDHI-R0241,[]
REL-1305,PRJ-0241,has_participant,PER-GN-00840,stated,,GIAN-NIDHI-R0241,[]
REL-1306,PRJ-0241,has_participant,PER-GN-00841,stated,,GIAN-NIDHI-R0241,[]
REL-1307,PRJ-0242,submitted_by_institution,INS-0041,stated,,GIAN-NIDHI-R0242,[]
REL-1308,PRJ-0242,has_participant,PER-GN-00842,stated,,GIAN-NIDHI-R0242,[]
REL-1309,PRJ-0242,has_participant,PER-GN-00843,stated,,GIAN-NIDHI-R0242,[]
REL-1310,PRJ-0242,has_participant,PER-GN-00844,stated,,GIAN-NIDHI-R0242,[]
REL-1311,PRJ-0242,has_participant,PER-GN-00845,stated,,GIAN-NIDHI-R0242,[]
REL-1312,PRJ-0243,submitted_by_institution,INS-0037,stated,,GIAN-NIDHI-R0243,[]
REL-1313,PRJ-0243,has_participant,PER-GN-00846,stated,,GIAN-NIDHI-R0243,[]
REL-1314,PRJ-0243,has_participant,PER-GN-00847,stated,,GIAN-NIDHI-R0243,[]
REL-1315,PRJ-0243,has_participant,PER-GN-00848,stated,,GIAN-NIDHI-R0243,[]
REL-1316,PRJ-0243,has_participant,PER-GN-00849,stated,,GIAN-NIDHI-R0243,[]
REL-1317,PRJ-0243,has_participant,PER-GN-00850,stated,,GIAN-NIDHI-R0243,[]
REL-1318,PRJ-0243,has_participant,PER-GN-00851,stated,,GIAN-NIDHI-R0243,[]
REL-1319,PRJ-0244,submitted_by_institution,INS-0037,stated,,GIAN-NIDHI-R0244,[]
REL-1320,PRJ-0244,has_participant,PER-GN-00852,stated,,GIAN-NIDHI-R0244,[]
REL-1321,PRJ-0244,has_participant,PER-GN-00853,stated,,GIAN-NIDHI-R0244,[]
REL-1322,PRJ-0244,has_participant,PER-GN-00854,stated,,GIAN-NIDHI-R0244,[]
REL-1323,PRJ-0244,has_participant,PER-GN-00855,stated,,GIAN-NIDHI-R0244,[]
REL-1324,PRJ-0244,has_participant,PER-GN-00856,stated,,GIAN-NIDHI-R0244,[]
REL-1325,PRJ-0244,has_participant,PER-GN-00857,stated,,GIAN-NIDHI-R0244,[]
REL-1326,PRJ-0245,submitted_by_institution,INS-0037,stated,,GIAN-NIDHI-R0245,[]
REL-1327,PRJ-0245,has_participant,PER-GN-00858,stated,,GIAN-NIDHI-R0245,[]
REL-1328,PRJ-0245,has_participant,PER-GN-00859,stated,,GIAN-NIDHI-R0245,[]
REL-1329,PRJ-0245,has_participant,PER-GN-00860,stated,,GIAN-NIDHI-R0245,[]
REL-1330,PRJ-0246,submitted_by_institution,INS-0009,stated,,GIAN-NIDHI-R0246,[]
REL-1331,PRJ-0246,has_participant,PER-GN-00861,stated,,GIAN-NIDHI-R0246,[]
REL-1332,PRJ-0246,has_participant,PER-GN-00862,stated,,GIAN-NIDHI-R0246,[]
REL-1333,PRJ-0246,has_participant,PER-GN-00863,stated,,GIAN-NIDHI-R0246,[]
REL-1334,PRJ-0246,has_participant,PER-GN-00864,stated,,GIAN-NIDHI-R0246,[]
REL-1335,PRJ-0246,has_participant,PER-GN-00865,stated,,GIAN-NIDHI-R0246,[]
REL-1336,PRJ-0247,submitted_by_institution,INS-0009,stated,,GIAN-NIDHI-R0247,[]
REL-1337,PRJ-0247,has_participant,PER-GN-00866,stated,,GIAN-NIDHI-R0247,[]
REL-1338,PRJ-0247,has_participant,PER-GN-00867,stated,,GIAN-NIDHI-R0247,[]
REL-1339,PRJ-0247,has_participant,PER-GN-00868,stated,,GIAN-NIDHI-R0247,[]
REL-1340,PRJ-0248,submitted_by_institution,INS-0009,stated,,GIAN-NIDHI-R0248,[]
REL-1341,PRJ-0248,has_participant,PER-GN-00869,stated,,GIAN-NIDHI-R0248,[]
REL-1342,PRJ-0248,has_participant,PER-GN-00870,stated,,GIAN-NIDHI-R0248,[]
REL-1343,PRJ-0248,has_participant,PER-GN-00871,stated,,GIAN-NIDHI-R0248,[]
REL-1344,PRJ-0249,submitted_by_institution,INS-0089,stated,,GIAN-NIDHI-R0249,[]
REL-1345,PRJ-0249,has_participant,PER-GN-00872,stated,,GIAN-NIDHI-R0249,[]
REL-1346,PRJ-0249,has_participant,PER-GN-00873,stated,,GIAN-NIDHI-R0249,[]
REL-1347,PRJ-0249,has_participant,PER-GN-00874,stated,,GIAN-NIDHI-R0249,[]
REL-1348,PRJ-0249,has_participant,PER-GN-00875,stated,,GIAN-NIDHI-R0249,[]
REL-1349,PRJ-0249,has_participant,PER-GN-00876,stated,,GIAN-NIDHI-R0249,[]
REL-1350,PRJ-0250,submitted_by_institution,INS-0121,stated,,GIAN-NIDHI-R0250,[]
REL-1351,PRJ-0250,has_participant,PER-GN-00877,stated,,GIAN-NIDHI-R0250,[]
REL-1352,PRJ-0250,has_participant,PER-GN-00878,stated,,GIAN-NIDHI-R0250,[]
REL-1353,PRJ-0250,has_participant,PER-GN-00879,stated,,GIAN-NIDHI-R0250,[]
REL-1354,PRJ-0250,has_participant,PER-GN-00880,stated,,GIAN-NIDHI-R0250,[]
REL-1355,PRJ-0250,has_participant,PER-GN-00881,stated,,GIAN-NIDHI-R0250,[]
REL-1356,PRJ-0251,submitted_by_institution,INS-0009,stated,,GIAN-NIDHI-R0251,[]
REL-1357,PRJ-0251,has_participant,PER-GN-00882,stated,,GIAN-NIDHI-R0251,[]
REL-1358,PRJ-0251,has_participant,PER-GN-00883,stated,,GIAN-NIDHI-R0251,[]
REL-1359,PRJ-0251,has_participant,PER-GN-00884,stated,,GIAN-NIDHI-R0251,[]
REL-1360,PRJ-0251,has_participant,PER-GN-00885,stated,,GIAN-NIDHI-R0251,[]
REL-1361,PRJ-0251,has_participant,PER-GN-00886,stated,,GIAN-NIDHI-R0251,[]
REL-1362,PRJ-0251,has_participant,PER-GN-00887,stated,,GIAN-NIDHI-R0251,[]
REL-1363,PRJ-0252,submitted_by_institution,INS-0027,stated,,GIAN-NIDHI-R0252,[]
REL-1364,PRJ-0252,has_participant,PER-GN-00888,stated,,GIAN-NIDHI-R0252,[]
REL-1365,PRJ-0252,has_participant,PER-GN-00889,stated,,GIAN-NIDHI-R0252,[]
REL-1366,PRJ-0252,has_participant,PER-GN-00890,stated,,GIAN-NIDHI-R0252,[]
REL-1367,PRJ-0252,has_participant,PER-GN-00891,stated,,GIAN-NIDHI-R0252,[]
REL-1368,PRJ-0252,has_participant,PER-GN-00892,stated,,GIAN-NIDHI-R0252,[]
REL-1369,PRJ-0252,has_participant,PER-GN-00893,stated,,GIAN-NIDHI-R0252,[]
REL-1370,PRJ-0253,submitted_by_institution,INS-0027,stated,,GIAN-NIDHI-R0253,[]
REL-1371,PRJ-0253,has_participant,PER-GN-00894,stated,,GIAN-NIDHI-R0253,[]
REL-1372,PRJ-0253,has_participant,PER-GN-00895,stated,,GIAN-NIDHI-R0253,[]
REL-1373,PRJ-0253,has_participant,PER-GN-00896,stated,,GIAN-NIDHI-R0253,[]
REL-1374,PRJ-0253,has_participant,PER-GN-00897,stated,,GIAN-NIDHI-R0253,[]
REL-1375,PRJ-0253,has_participant,PER-GN-00898,stated,,GIAN-NIDHI-R0253,[]
REL-1376,PRJ-0254,submitted_by_institution,INS-0027,stated,,GIAN-NIDHI-R0254,[]
REL-1377,PRJ-0254,has_participant,PER-GN-00899,stated,,GIAN-NIDHI-R0254,[]
REL-1378,PRJ-0254,has_participant,PER-GN-00900,stated,,GIAN-NIDHI-R0254,[]
REL-1379,PRJ-0254,has_participant,PER-GN-00901,stated,,GIAN-NIDHI-R0254,[]
REL-1380,PRJ-0254,has_participant,PER-GN-00902,stated,,GIAN-NIDHI-R0254,[]
REL-1381,PRJ-0254,has_participant,PER-GN-00903,stated,,GIAN-NIDHI-R0254,[]
REL-1382,PRJ-0254,has_participant,PER-GN-00904,stated,,GIAN-NIDHI-R0254,[]
REL-1383,PRJ-0255,submitted_by_institution,INS-0027,stated,,GIAN-NIDHI-R0255,[]
REL-1384,PRJ-0255,has_participant,PER-GN-00905,stated,,GIAN-NIDHI-R0255,[]
REL-1385,PRJ-0255,has_participant,PER-GN-00906,stated,,GIAN-NIDHI-R0255,[]
REL-1386,PRJ-0255,has_participant,PER-GN-00907,stated,,GIAN-NIDHI-R0255,[]
REL-1387,PRJ-0255,has_participant,PER-GN-00908,stated,,GIAN-NIDHI-R0255,[]
REL-1388,PRJ-0255,has_participant,PER-GN-00909,stated,,GIAN-NIDHI-R0255,[]
REL-1389,PRJ-0255,has_participant,PER-GN-00910,stated,,GIAN-NIDHI-R0255,[]
REL-1390,PRJ-0256,submitted_by_institution,INS-0027,stated,,GIAN-NIDHI-R0256,[]
REL-1391,PRJ-0256,has_participant,PER-GN-00911,stated,,GIAN-NIDHI-R0256,[]
REL-1392,PRJ-0256,has_participant,PER-GN-00912,stated,,GIAN-NIDHI-R0256,[]
REL-1393,PRJ-0256,has_participant,PER-GN-00913,stated,,GIAN-NIDHI-R0256,[]
REL-1394,PRJ-0256,has_participant,PER-GN-00914,stated,,GIAN-NIDHI-R0256,[]
REL-1395,PRJ-0257,submitted_by_institution,INS-0027,stated,,GIAN-NIDHI-R0257,[]
REL-1396,PRJ-0257,has_participant,PER-GN-00915,stated,,GIAN-NIDHI-R0257,[]
REL-1397,PRJ-0257,has_participant,PER-GN-00916,stated,,GIAN-NIDHI-R0257,[]
REL-1398,PRJ-0257,has_participant,PER-GN-00917,stated,,GIAN-NIDHI-R0257,[]
REL-1399,PRJ-0258,submitted_by_institution,INS-0002,stated,,GIAN-NIDHI-R0258,[]
REL-1400,PRJ-0258,has_participant,PER-GN-00918,stated,,GIAN-NIDHI-R0258,[]
REL-1401,PRJ-0259,submitted_by_institution,INS-0002,stated,,GIAN-NIDHI-R0259,[]
REL-1402,PRJ-0259,has_participant,PER-GN-00919,stated,,GIAN-NIDHI-R0259,[]
REL-1403,PRJ-0260,submitted_by_institution,INS-0002,stated,,GIAN-NIDHI-R0260,[]
REL-1404,PRJ-0260,has_participant,PER-GN-00920,stated,,GIAN-NIDHI-R0260,[]
REL-1405,PRJ-0260,has_participant,PER-GN-00921,stated,,GIAN-NIDHI-R0260,[]
REL-1406,PRJ-0260,has_participant,PER-GN-00922,stated,,GIAN-NIDHI-R0260,[]
REL-1407,PRJ-0260,has_participant,PER-GN-00923,stated,,GIAN-NIDHI-R0260,[]
REL-1408,PRJ-0261,submitted_by_institution,INS-0002,stated,,GIAN-NIDHI-R0261,[]
REL-1409,PRJ-0261,has_participant,PER-GN-00924,stated,,GIAN-NIDHI-R0261,[]
REL-1410,PRJ-0261,has_participant,PER-GN-00925,stated,,GIAN-NIDHI-R0261,[]
REL-1411,PRJ-0261,has_participant,PER-GN-00926,stated,,GIAN-NIDHI-R0261,[]
REL-1412,PRJ-0261,has_participant,PER-GN-00927,stated,,GIAN-NIDHI-R0261,[]
REL-1413,PRJ-0261,has_participant,PER-GN-00923,stated,,GIAN-NIDHI-R0261,[]
REL-1414,PRJ-0262,submitted_by_institution,INS-0002,stated,,GIAN-NIDHI-R0262,[]
REL-1415,PRJ-0262,has_participant,PER-GN-00928,stated,,GIAN-NIDHI-R0262,[]
REL-1416,PRJ-0263,submitted_by_institution,INS-0002,stated,,GIAN-NIDHI-R0263,[]
REL-1417,PRJ-0263,has_participant,PER-GN-00929,stated,,GIAN-NIDHI-R0263,[]
REL-1418,PRJ-0263,has_participant,PER-GN-00930,stated,,GIAN-NIDHI-R0263,[]
REL-1419,PRJ-0264,submitted_by_institution,INS-0002,stated,,GIAN-NIDHI-R0264,[]
REL-1420,PRJ-0264,has_participant,PER-GN-00931,stated,,GIAN-NIDHI-R0264,[]
REL-1421,PRJ-0264,has_participant,PER-GN-00932,stated,,GIAN-NIDHI-R0264,[]
REL-1422,PRJ-0265,submitted_by_institution,INS-0002,stated,,GIAN-NIDHI-R0265,[]
REL-1423,PRJ-0265,has_participant,PER-GN-00933,stated,,GIAN-NIDHI-R0265,[]
REL-1424,PRJ-0265,has_participant,PER-GN-00932,stated,,GIAN-NIDHI-R0265,[]
REL-1425,PRJ-0266,submitted_by_institution,INS-0002,stated,,GIAN-NIDHI-R0266,[]
REL-1426,PRJ-0266,has_participant,PER-GN-00934,stated,,GIAN-NIDHI-R0266,[]
REL-1427,PRJ-0266,has_participant,PER-GN-00932,stated,,GIAN-NIDHI-R0266,[]
REL-1428,PRJ-0267,submitted_by_institution,INS-0002,stated,,GIAN-NIDHI-R0267,[]
REL-1429,PRJ-0267,has_participant,PER-GN-00935,stated,,GIAN-NIDHI-R0267,[]
REL-1430,PRJ-0267,has_participant,PER-GN-00936,stated,,GIAN-NIDHI-R0267,[]
REL-1431,PRJ-0268,submitted_by_institution,INS-0002,stated,,GIAN-NIDHI-R0268,[]
REL-1432,PRJ-0268,has_participant,PER-GN-00937,stated,,GIAN-NIDHI-R0268,[]
REL-1433,PRJ-0268,has_participant,PER-GN-00938,stated,,GIAN-NIDHI-R0268,[]
REL-1434,PRJ-0269,submitted_by_institution,INS-0002,stated,,GIAN-NIDHI-R0269,[]
REL-1435,PRJ-0269,has_participant,PER-GN-00939,stated,,GIAN-NIDHI-R0269,[]
REL-1436,PRJ-0269,has_participant,PER-GN-00938,stated,,GIAN-NIDHI-R0269,[]
REL-1437,PRJ-0270,submitted_by_institution,INS-0002,stated,,GIAN-NIDHI-R0270,[]
REL-1438,PRJ-0270,has_participant,PER-GN-00940,stated,,GIAN-NIDHI-R0270,[]
REL-1439,PRJ-0270,has_participant,PER-GN-00938,stated,,GIAN-NIDHI-R0270,[]
REL-1440,PRJ-0271,submitted_by_institution,INS-0002,stated,,GIAN-NIDHI-R0271,[]
REL-1441,PRJ-0271,has_participant,PER-GN-00941,stated,,GIAN-NIDHI-R0271,[]
REL-1442,PRJ-0271,has_participant,PER-GN-00942,stated,,GIAN-NIDHI-R0271,[]
REL-1443,PRJ-0271,has_participant,PER-GN-00943,stated,,GIAN-NIDHI-R0271,[]
REL-1444,PRJ-0271,has_participant,PER-GN-00944,stated,,GIAN-NIDHI-R0271,[]
REL-1445,PRJ-0271,has_participant,PER-GN-00945,stated,,GIAN-NIDHI-R0271,[]
REL-1446,PRJ-0272,has_participant,PER-GN-00946,stated,,GIAN-NIDHI-R0272,[]
REL-1447,PRJ-0273,has_participant,PER-GN-00947,stated,,GIAN-NIDHI-R0273,[]
REL-1448,PRJ-0274,submitted_by_institution,INS-0005,stated,,GIAN-NIDHI-R0274,[]
REL-1449,PRJ-0274,has_participant,PER-GN-00948,stated,,GIAN-NIDHI-R0274,[]
REL-1450,PRJ-0274,has_participant,PER-GN-00949,stated,,GIAN-NIDHI-R0274,[]
REL-1451,PRJ-0274,has_participant,PER-GN-00950,stated,,GIAN-NIDHI-R0274,[]
REL-1452,PRJ-0274,has_participant,PER-GN-00951,stated,,GIAN-NIDHI-R0274,[]
REL-1453,PRJ-0275,submitted_by_institution,INS-0005,stated,,GIAN-NIDHI-R0275,[]
REL-1454,PRJ-0275,has_participant,PER-GN-00952,stated,,GIAN-NIDHI-R0275,[]
REL-1455,PRJ-0275,has_participant,PER-GN-00953,stated,,GIAN-NIDHI-R0275,[]
REL-1456,PRJ-0275,has_participant,PER-GN-00954,stated,,GIAN-NIDHI-R0275,[]
REL-1457,PRJ-0276,submitted_by_institution,INS-0005,stated,,GIAN-NIDHI-R0276,[]
REL-1458,PRJ-0276,has_participant,PER-GN-00955,stated,,GIAN-NIDHI-R0276,[]
REL-1459,PRJ-0276,has_participant,PER-GN-00956,stated,,GIAN-NIDHI-R0276,[]
REL-1460,PRJ-0276,has_participant,PER-GN-00957,stated,,GIAN-NIDHI-R0276,[]
REL-1461,PRJ-0277,submitted_by_institution,INS-0005,stated,,GIAN-NIDHI-R0277,[]
REL-1462,PRJ-0277,has_participant,PER-GN-00958,stated,,GIAN-NIDHI-R0277,[]
REL-1463,PRJ-0277,has_participant,PER-GN-00959,stated,,GIAN-NIDHI-R0277,[]
REL-1464,PRJ-0277,has_participant,PER-GN-00960,stated,,GIAN-NIDHI-R0277,[]
REL-1465,PRJ-0277,has_participant,PER-GN-00961,stated,,GIAN-NIDHI-R0277,[]
REL-1466,PRJ-0278,submitted_by_institution,INS-0005,stated,,GIAN-NIDHI-R0278,[]
REL-1467,PRJ-0278,has_participant,PER-GN-00962,stated,,GIAN-NIDHI-R0278,[]
REL-1468,PRJ-0278,has_participant,PER-GN-00963,stated,,GIAN-NIDHI-R0278,[]
REL-1469,PRJ-0278,has_participant,PER-GN-00964,stated,,GIAN-NIDHI-R0278,[]
REL-1470,PRJ-0278,has_participant,PER-GN-00965,stated,,GIAN-NIDHI-R0278,[]
REL-1471,PRJ-0279,submitted_by_institution,INS-0005,stated,,GIAN-NIDHI-R0279,[]
REL-1472,PRJ-0279,has_participant,PER-GN-00966,stated,,GIAN-NIDHI-R0279,[]
REL-1473,PRJ-0279,has_participant,PER-GN-00967,stated,,GIAN-NIDHI-R0279,[]
REL-1474,PRJ-0279,has_participant,PER-GN-00968,stated,,GIAN-NIDHI-R0279,[]
REL-1475,PRJ-0279,has_participant,PER-GN-00969,stated,,GIAN-NIDHI-R0279,[]
REL-1476,PRJ-0280,submitted_by_institution,INS-0005,stated,,GIAN-NIDHI-R0280,[]
REL-1477,PRJ-0280,has_participant,PER-GN-00970,stated,,GIAN-NIDHI-R0280,[]
REL-1478,PRJ-0280,has_participant,PER-GN-00971,stated,,GIAN-NIDHI-R0280,[]
REL-1479,PRJ-0280,has_participant,PER-GN-00972,stated,,GIAN-NIDHI-R0280,[]
REL-1480,PRJ-0280,has_participant,PER-GN-00973,stated,,GIAN-NIDHI-R0280,[]
REL-1481,PRJ-0281,submitted_by_institution,INS-0005,stated,,GIAN-NIDHI-R0281,[]
REL-1482,PRJ-0281,has_participant,PER-GN-00974,stated,,GIAN-NIDHI-R0281,[]
REL-1483,PRJ-0281,has_participant,PER-GN-00975,stated,,GIAN-NIDHI-R0281,[]
REL-1484,PRJ-0281,has_participant,PER-GN-00976,stated,,GIAN-NIDHI-R0281,[]
REL-1485,PRJ-0282,submitted_by_institution,INS-0005,stated,,GIAN-NIDHI-R0282,[]
REL-1486,PRJ-0282,has_participant,PER-GN-00977,stated,,GIAN-NIDHI-R0282,[]
REL-1487,PRJ-0282,has_participant,PER-GN-00978,stated,,GIAN-NIDHI-R0282,[]
REL-1488,PRJ-0282,has_participant,PER-GN-00979,stated,,GIAN-NIDHI-R0282,[]
REL-1489,PRJ-0282,has_participant,PER-GN-00980,stated,,GIAN-NIDHI-R0282,[]
REL-1490,PRJ-0283,submitted_by_institution,INS-0005,stated,,GIAN-NIDHI-R0283,[]
REL-1491,PRJ-0283,has_participant,PER-GN-00981,stated,,GIAN-NIDHI-R0283,[]
REL-1492,PRJ-0283,has_participant,PER-GN-00982,stated,,GIAN-NIDHI-R0283,[]
REL-1493,PRJ-0283,has_participant,PER-GN-00983,stated,,GIAN-NIDHI-R0283,[]
REL-1494,PRJ-0284,submitted_by_institution,INS-0005,stated,,GIAN-NIDHI-R0284,[]
REL-1495,PRJ-0284,has_participant,PER-GN-00984,stated,,GIAN-NIDHI-R0284,[]
REL-1496,PRJ-0284,has_participant,PER-GN-00985,stated,,GIAN-NIDHI-R0284,[]
REL-1497,PRJ-0284,has_participant,PER-GN-00986,stated,,GIAN-NIDHI-R0284,[]
REL-1498,PRJ-0284,has_participant,PER-GN-00987,stated,,GIAN-NIDHI-R0284,[]
REL-1499,PRJ-0285,submitted_by_institution,INS-0005,stated,,GIAN-NIDHI-R0285,[]
REL-1500,PRJ-0285,has_participant,PER-GN-00988,stated,,GIAN-NIDHI-R0285,[]
REL-1501,PRJ-0285,has_participant,PER-GN-00989,stated,,GIAN-NIDHI-R0285,[]
REL-1502,PRJ-0285,has_participant,PER-GN-00990,stated,,GIAN-NIDHI-R0285,[]
REL-1503,PRJ-0286,submitted_by_institution,INS-0005,stated,,GIAN-NIDHI-R0286,[]
REL-1504,PRJ-0286,has_participant,PER-GN-00991,stated,,GIAN-NIDHI-R0286,[]
REL-1505,PRJ-0286,has_participant,PER-GN-00992,stated,,GIAN-NIDHI-R0286,[]
REL-1506,PRJ-0286,has_participant,PER-GN-00993,stated,,GIAN-NIDHI-R0286,[]
REL-1507,PRJ-0286,has_participant,PER-GN-00994,stated,,GIAN-NIDHI-R0286,[]
REL-1508,PRJ-0287,submitted_by_institution,INS-0005,stated,,GIAN-NIDHI-R0287,[]
REL-1509,PRJ-0287,has_participant,PER-GN-00995,stated,,GIAN-NIDHI-R0287,[]
REL-1510,PRJ-0287,has_participant,PER-GN-00996,stated,,GIAN-NIDHI-R0287,[]
REL-1511,PRJ-0287,has_participant,PER-GN-00997,stated,,GIAN-NIDHI-R0287,[]
REL-1512,PRJ-0288,submitted_by_institution,INS-0005,stated,,GIAN-NIDHI-R0288,[]
REL-1513,PRJ-0288,has_participant,PER-GN-00998,stated,,GIAN-NIDHI-R0288,[]
REL-1514,PRJ-0288,has_participant,PER-GN-00999,stated,,GIAN-NIDHI-R0288,[]
REL-1515,PRJ-0288,has_participant,PER-GN-01000,stated,,GIAN-NIDHI-R0288,[]
REL-1516,PRJ-0288,has_participant,PER-GN-01001,stated,,GIAN-NIDHI-R0288,[]
REL-1517,PRJ-0289,submitted_by_institution,INS-0011,stated,,GIAN-NIDHI-R0289,[]
REL-1518,PRJ-0289,has_participant,PER-GN-01002,stated,,GIAN-NIDHI-R0289,[]
REL-1519,PRJ-0289,has_participant,PER-GN-01003,stated,,GIAN-NIDHI-R0289,[]
REL-1520,PRJ-0290,submitted_by_institution,INS-0011,stated,,GIAN-NIDHI-R0290,[]
REL-1521,PRJ-0290,has_participant,PER-GN-01004,stated,,GIAN-NIDHI-R0290,[]
REL-1522,PRJ-0291,submitted_by_institution,INS-0011,stated,,GIAN-NIDHI-R0291,[]
REL-1523,PRJ-0291,has_participant,PER-GN-01005,stated,,GIAN-NIDHI-R0291,[]
REL-1524,PRJ-0291,has_participant,PER-GN-01006,stated,,GIAN-NIDHI-R0291,[]
REL-1525,PRJ-0291,has_participant,PER-GN-01007,stated,,GIAN-NIDHI-R0291,[]
REL-1526,PRJ-0292,submitted_by_institution,INS-0011,stated,,GIAN-NIDHI-R0292,[]
REL-1527,PRJ-0292,has_participant,PER-GN-01008,stated,,GIAN-NIDHI-R0292,[]
REL-1528,PRJ-0292,has_participant,PER-GN-01009,stated,,GIAN-NIDHI-R0292,[]
REL-1529,PRJ-0292,has_participant,PER-GN-01010,stated,,GIAN-NIDHI-R0292,[]
REL-1530,PRJ-0292,has_participant,PER-GN-01011,stated,,GIAN-NIDHI-R0292,[]
REL-1531,PRJ-0293,submitted_by_institution,INS-0011,stated,,GIAN-NIDHI-R0293,[]
REL-1532,PRJ-0293,has_participant,PER-GN-01012,stated,,GIAN-NIDHI-R0293,[]
REL-1533,PRJ-0293,has_participant,PER-GN-01013,stated,,GIAN-NIDHI-R0293,[]
REL-1534,PRJ-0293,has_participant,PER-GN-01014,stated,,GIAN-NIDHI-R0293,[]
REL-1535,PRJ-0293,has_participant,PER-GN-01015,stated,,GIAN-NIDHI-R0293,[]
REL-1536,PRJ-0293,has_participant,PER-GN-01016,stated,,GIAN-NIDHI-R0293,[]
REL-1537,PRJ-0293,has_participant,PER-GN-01017,stated,,GIAN-NIDHI-R0293,[]
REL-1538,PRJ-0294,submitted_by_institution,INS-0011,stated,,GIAN-NIDHI-R0294,[]
REL-1539,PRJ-0294,has_participant,PER-GN-01018,stated,,GIAN-NIDHI-R0294,[]
REL-1540,PRJ-0294,has_participant,PER-GN-01019,stated,,GIAN-NIDHI-R0294,[]
REL-1541,PRJ-0294,has_participant,PER-GN-01020,stated,,GIAN-NIDHI-R0294,[]
REL-1542,PRJ-0295,submitted_by_institution,INS-0036,stated,,GIAN-NIDHI-R0295,[]
REL-1543,PRJ-0295,has_participant,PER-GN-01021,stated,,GIAN-NIDHI-R0295,[]
REL-1544,PRJ-0295,has_participant,PER-GN-01022,stated,,GIAN-NIDHI-R0295,[]
REL-1545,PRJ-0295,has_participant,PER-GN-01023,stated,,GIAN-NIDHI-R0295,[]
REL-1546,PRJ-0295,has_participant,PER-GN-01024,stated,,GIAN-NIDHI-R0295,[]
REL-1547,PRJ-0296,submitted_by_institution,INS-0088,stated,,GIAN-NIDHI-R0296,[]
REL-1548,PRJ-0296,has_participant,PER-GN-01025,stated,,GIAN-NIDHI-R0296,[]
REL-1549,PRJ-0296,has_participant,PER-GN-01026,stated,,GIAN-NIDHI-R0296,[]
REL-1550,PRJ-0296,has_participant,PER-GN-01027,stated,,GIAN-NIDHI-R0296,[]
REL-1551,PRJ-0296,has_participant,PER-GN-01028,stated,,GIAN-NIDHI-R0296,[]
REL-1552,PRJ-0297,submitted_by_institution,INS-0019,stated,,GIAN-NIDHI-R0297,[]
REL-1553,PRJ-0297,has_participant,PER-GN-01029,stated,,GIAN-NIDHI-R0297,[]
REL-1554,PRJ-0297,has_participant,PER-GN-01030,stated,,GIAN-NIDHI-R0297,[]
REL-1555,PRJ-0297,has_participant,PER-GN-01031,stated,,GIAN-NIDHI-R0297,[]
REL-1556,PRJ-0298,submitted_by_institution,INS-0052,stated,,GIAN-NIDHI-R0298,[]
REL-1557,PRJ-0298,has_participant,PER-GN-01032,stated,,GIAN-NIDHI-R0298,[]
REL-1558,PRJ-0298,has_participant,PER-GN-01033,stated,,GIAN-NIDHI-R0298,[]
REL-1559,PRJ-0298,has_participant,PER-GN-01034,stated,,GIAN-NIDHI-R0298,[]
REL-1560,PRJ-0298,has_participant,PER-GN-01035,stated,,GIAN-NIDHI-R0298,[]
REL-1561,PRJ-0299,submitted_by_institution,INS-0066,stated,,GIAN-NIDHI-R0299,[]
REL-1562,PRJ-0299,has_participant,PER-GN-01036,stated,,GIAN-NIDHI-R0299,[]
REL-1563,PRJ-0299,has_participant,PER-GN-01037,stated,,GIAN-NIDHI-R0299,[]
REL-1564,PRJ-0299,has_participant,PER-GN-01038,stated,,GIAN-NIDHI-R0299,[]
REL-1565,PRJ-0300,submitted_by_institution,INS-0026,stated,,GIAN-NIDHI-R0300,[]
REL-1566,PRJ-0300,has_participant,PER-GN-01039,stated,,GIAN-NIDHI-R0300,[]
REL-1567,PRJ-0300,has_participant,PER-GN-01040,stated,,GIAN-NIDHI-R0300,[]
REL-1568,PRJ-0300,has_participant,PER-GN-01041,stated,,GIAN-NIDHI-R0300,[]
REL-1569,PRJ-0301,submitted_by_institution,INS-0104,stated,,GIAN-NIDHI-R0301,[]
REL-1570,PRJ-0301,has_participant,PER-GN-01042,stated,,GIAN-NIDHI-R0301,[]
REL-1571,PRJ-0301,has_participant,PER-GN-01043,stated,,GIAN-NIDHI-R0301,[]
REL-1572,PRJ-0301,has_participant,PER-GN-01044,stated,,GIAN-NIDHI-R0301,[]
REL-1573,PRJ-0302,submitted_by_institution,INS-0024,stated,,GIAN-NIDHI-R0302,[]
REL-1574,PRJ-0302,has_participant,PER-GN-01045,stated,,GIAN-NIDHI-R0302,[]
REL-1575,PRJ-0302,has_participant,PER-GN-01046,stated,,GIAN-NIDHI-R0302,[]
REL-1576,PRJ-0302,has_participant,PER-GN-01047,stated,,GIAN-NIDHI-R0302,[]
REL-1577,PRJ-0303,submitted_by_institution,INS-0007,stated,,GIAN-NIDHI-R0303,[]
REL-1578,PRJ-0303,has_participant,PER-GN-01048,stated,,GIAN-NIDHI-R0303,[]
REL-1579,PRJ-0303,has_participant,PER-GN-01049,stated,,GIAN-NIDHI-R0303,[]
REL-1580,PRJ-0303,has_participant,PER-GN-01050,stated,,GIAN-NIDHI-R0303,[]
REL-1581,PRJ-0303,has_participant,PER-GN-01051,stated,,GIAN-NIDHI-R0303,[]
REL-1582,PRJ-0304,submitted_by_institution,INS-0091,stated,,GIAN-NIDHI-R0304,[]
REL-1583,PRJ-0304,has_participant,PER-GN-01052,stated,,GIAN-NIDHI-R0304,[]
REL-1584,PRJ-0304,has_participant,PER-GN-01053,stated,,GIAN-NIDHI-R0304,[]
REL-1585,PRJ-0304,has_participant,PER-GN-01054,stated,,GIAN-NIDHI-R0304,[]
REL-1586,PRJ-0304,has_participant,PER-GN-01055,stated,,GIAN-NIDHI-R0304,[]
REL-1587,PRJ-0305,submitted_by_institution,INS-0020,stated,,GIAN-NIDHI-R0305,[]
REL-1588,PRJ-0305,has_participant,PER-GN-01056,stated,,GIAN-NIDHI-R0305,[]
REL-1589,PRJ-0305,has_participant,PER-GN-01057,stated,,GIAN-NIDHI-R0305,[]
REL-1590,PRJ-0305,has_participant,PER-GN-01058,stated,,GIAN-NIDHI-R0305,[]
REL-1591,PRJ-0305,has_participant,PER-GN-01059,stated,,GIAN-NIDHI-R0305,[]
REL-1592,PRJ-0306,submitted_by_institution,INS-0139,stated,,GIAN-NIDHI-R0306,[]
REL-1593,PRJ-0306,has_participant,PER-GN-01060,stated,,GIAN-NIDHI-R0306,[]
REL-1594,PRJ-0306,has_participant,PER-GN-01061,stated,,GIAN-NIDHI-R0306,[]
REL-1595,PRJ-0306,has_participant,PER-GN-01062,stated,,GIAN-NIDHI-R0306,[]
REL-1596,PRJ-0307,submitted_by_institution,INS-0012,stated,,GIAN-NIDHI-R0307,[]
REL-1597,PRJ-0307,has_participant,PER-GN-01063,stated,,GIAN-NIDHI-R0307,[]
REL-1598,PRJ-0307,has_participant,PER-GN-01064,stated,,GIAN-NIDHI-R0307,[]
REL-1599,PRJ-0307,has_participant,PER-GN-01065,stated,,GIAN-NIDHI-R0307,[]
REL-1600,PRJ-0307,has_participant,PER-GN-01066,stated,,GIAN-NIDHI-R0307,[]
REL-1601,PRJ-0307,has_participant,PER-GN-01067,stated,,GIAN-NIDHI-R0307,[]
REL-1602,PRJ-0307,has_participant,PER-GN-01068,stated,,GIAN-NIDHI-R0307,[]
REL-1603,PRJ-0308,submitted_by_institution,INS-0003,stated,,GIAN-NIDHI-R0308,[]
REL-1604,PRJ-0308,has_participant,PER-GN-01069,stated,,GIAN-NIDHI-R0308,[]
REL-1605,PRJ-0308,has_participant,PER-GN-01070,stated,,GIAN-NIDHI-R0308,[]
REL-1606,PRJ-0308,has_participant,PER-GN-01071,stated,,GIAN-NIDHI-R0308,[]
REL-1607,PRJ-0308,has_participant,PER-GN-01072,stated,,GIAN-NIDHI-R0308,[]
REL-1608,PRJ-0308,has_participant,PER-GN-01073,stated,,GIAN-NIDHI-R0308,[]
REL-1609,PRJ-0309,submitted_by_institution,INS-0004,stated,,GIAN-NIDHI-R0309,[]
REL-1610,PRJ-0309,has_participant,PER-GN-01074,stated,,GIAN-NIDHI-R0309,[]
REL-1611,PRJ-0309,has_participant,PER-GN-01075,stated,,GIAN-NIDHI-R0309,[]
REL-1612,PRJ-0309,has_participant,PER-GN-01076,stated,,GIAN-NIDHI-R0309,[]
REL-1613,PRJ-0310,submitted_by_institution,INS-0107,stated,,GIAN-NIDHI-R0310,[]
REL-1614,PRJ-0310,has_participant,PER-GN-01077,stated,,GIAN-NIDHI-R0310,[]
REL-1615,PRJ-0310,has_participant,PER-GN-01078,stated,,GIAN-NIDHI-R0310,[]
REL-1616,PRJ-0310,has_participant,PER-GN-01079,stated,,GIAN-NIDHI-R0310,[]
REL-1617,PRJ-0310,has_participant,PER-GN-01080,stated,,GIAN-NIDHI-R0310,[]
REL-1618,PRJ-0310,has_participant,PER-GN-01081,stated,,GIAN-NIDHI-R0310,[]
REL-1619,PRJ-0311,submitted_by_institution,INS-0036,stated,,GIAN-NIDHI-R0311,[]
REL-1620,PRJ-0311,has_participant,PER-GN-01082,stated,,GIAN-NIDHI-R0311,[]
REL-1621,PRJ-0311,has_participant,PER-GN-01083,stated,,GIAN-NIDHI-R0311,[]
REL-1622,PRJ-0311,has_participant,PER-GN-01084,stated,,GIAN-NIDHI-R0311,[]
REL-1623,PRJ-0312,submitted_by_institution,INS-0119,stated,,GIAN-NIDHI-R0312,[]
REL-1624,PRJ-0312,has_participant,PER-GN-01085,stated,,GIAN-NIDHI-R0312,[]
REL-1625,PRJ-0312,has_participant,PER-GN-01086,stated,,GIAN-NIDHI-R0312,[]
REL-1626,PRJ-0312,has_participant,PER-GN-01087,stated,,GIAN-NIDHI-R0312,[]
REL-1627,PRJ-0313,submitted_by_institution,INS-0017,stated,,GIAN-NIDHI-R0313,[]
REL-1628,PRJ-0313,has_participant,PER-GN-01088,stated,,GIAN-NIDHI-R0313,[]
REL-1629,PRJ-0313,has_participant,PER-GN-01089,stated,,GIAN-NIDHI-R0313,[]
REL-1630,PRJ-0313,has_participant,PER-GN-01090,stated,,GIAN-NIDHI-R0313,[]
REL-1631,PRJ-0313,has_participant,PER-GN-01091,stated,,GIAN-NIDHI-R0313,[]
REL-1632,PRJ-0314,submitted_by_institution,INS-0019,stated,,GIAN-NIDHI-R0314,[]
REL-1633,PRJ-0314,has_participant,PER-GN-01092,stated,,GIAN-NIDHI-R0314,[]
REL-1634,PRJ-0314,has_participant,PER-GN-01093,stated,,GIAN-NIDHI-R0314,[]
REL-1635,PRJ-0314,has_participant,PER-GN-01094,stated,,GIAN-NIDHI-R0314,[]
REL-1636,PRJ-0314,has_participant,PER-GN-01095,stated,,GIAN-NIDHI-R0314,[]
REL-1637,PRJ-0314,has_participant,PER-GN-01096,stated,,GIAN-NIDHI-R0314,[]
REL-1638,PRJ-0314,has_participant,PER-GN-01097,stated,,GIAN-NIDHI-R0314,[]
REL-1639,PRJ-0315,submitted_by_institution,INS-0147,stated,,GIAN-NIDHI-R0315,[]
REL-1640,PRJ-0315,has_participant,PER-GN-01098,stated,,GIAN-NIDHI-R0315,[]
REL-1641,PRJ-0315,has_participant,PER-GN-01099,stated,,GIAN-NIDHI-R0315,[]
REL-1642,PRJ-0315,has_participant,PER-GN-01100,stated,,GIAN-NIDHI-R0315,[]
REL-1643,PRJ-0315,has_participant,PER-GN-01101,stated,,GIAN-NIDHI-R0315,[]
REL-1644,PRJ-0316,submitted_by_institution,INS-0020,stated,,GIAN-NIDHI-R0316,[]
REL-1645,PRJ-0316,has_participant,PER-GN-01102,stated,,GIAN-NIDHI-R0316,[]
REL-1646,PRJ-0316,has_participant,PER-GN-01103,stated,,GIAN-NIDHI-R0316,[]
REL-1647,PRJ-0316,has_participant,PER-GN-01104,stated,,GIAN-NIDHI-R0316,[]
REL-1648,PRJ-0316,has_participant,PER-GN-01105,stated,,GIAN-NIDHI-R0316,[]
REL-1649,PRJ-0317,submitted_by_institution,INS-0013,stated,,GIAN-NIDHI-R0317,[]
REL-1650,PRJ-0317,has_participant,PER-GN-01106,stated,,GIAN-NIDHI-R0317,[]
REL-1651,PRJ-0317,has_participant,PER-GN-01107,stated,,GIAN-NIDHI-R0317,[]
REL-1652,PRJ-0317,has_participant,PER-GN-01108,stated,,GIAN-NIDHI-R0317,[]
REL-1653,PRJ-0317,has_participant,PER-GN-01109,stated,,GIAN-NIDHI-R0317,[]
REL-1654,PRJ-0318,submitted_by_institution,INS-0004,stated,,GIAN-NIDHI-R0318,[]
REL-1655,PRJ-0318,has_participant,PER-GN-01110,stated,,GIAN-NIDHI-R0318,[]
REL-1656,PRJ-0318,has_participant,PER-GN-01111,stated,,GIAN-NIDHI-R0318,[]
REL-1657,PRJ-0318,has_participant,PER-GN-01112,stated,,GIAN-NIDHI-R0318,[]
REL-1658,PRJ-0319,submitted_by_institution,INS-0025,stated,,GIAN-NIDHI-R0319,[]
REL-1659,PRJ-0319,has_participant,PER-GN-01113,stated,,GIAN-NIDHI-R0319,[]
REL-1660,PRJ-0319,has_participant,PER-GN-01114,stated,,GIAN-NIDHI-R0319,[]
REL-1661,PRJ-0319,has_participant,PER-GN-01115,stated,,GIAN-NIDHI-R0319,[]
REL-1662,PRJ-0319,has_participant,PER-GN-01116,stated,,GIAN-NIDHI-R0319,[]
REL-1663,PRJ-0319,has_participant,PER-GN-01117,stated,,GIAN-NIDHI-R0319,[]
REL-1664,PRJ-0320,submitted_by_institution,INS-0058,stated,,GIAN-NIDHI-R0320,[]
REL-1665,PRJ-0320,has_participant,PER-GN-01118,stated,,GIAN-NIDHI-R0320,[]
REL-1666,PRJ-0320,has_participant,PER-GN-01119,stated,,GIAN-NIDHI-R0320,[]
REL-1667,PRJ-0320,has_participant,PER-GN-01120,stated,,GIAN-NIDHI-R0320,[]
REL-1668,PRJ-0320,has_participant,PER-GN-01121,stated,,GIAN-NIDHI-R0320,[]
REL-1669,PRJ-0320,has_participant,PER-GN-01122,stated,,GIAN-NIDHI-R0320,[]
REL-1670,PRJ-0321,submitted_by_institution,INS-0084,stated,,GIAN-NIDHI-R0321,[]
REL-1671,PRJ-0321,has_participant,PER-GN-01123,stated,,GIAN-NIDHI-R0321,[]
REL-1672,PRJ-0321,has_participant,PER-GN-01124,stated,,GIAN-NIDHI-R0321,[]
REL-1673,PRJ-0321,has_participant,PER-GN-01125,stated,,GIAN-NIDHI-R0321,[]
REL-1674,PRJ-0321,has_participant,PER-GN-01126,stated,,GIAN-NIDHI-R0321,[]
REL-1675,PRJ-0321,has_participant,PER-GN-01127,stated,,GIAN-NIDHI-R0321,[]
REL-1676,PRJ-0322,submitted_by_institution,INS-0044,stated,,GIAN-NIDHI-R0322,[]
REL-1677,PRJ-0322,has_participant,PER-GN-01128,stated,,GIAN-NIDHI-R0322,[]
REL-1678,PRJ-0322,has_participant,PER-GN-01129,stated,,GIAN-NIDHI-R0322,[]
REL-1679,PRJ-0322,has_participant,PER-GN-01130,stated,,GIAN-NIDHI-R0322,[]
REL-1680,PRJ-0322,has_participant,PER-GN-01131,stated,,GIAN-NIDHI-R0322,[]
REL-1681,PRJ-0323,submitted_by_institution,INS-0075,stated,,GIAN-NIDHI-R0323,[]
REL-1682,PRJ-0323,has_participant,PER-GN-01132,stated,,GIAN-NIDHI-R0323,[]
REL-1683,PRJ-0323,has_participant,PER-GN-01133,stated,,GIAN-NIDHI-R0323,[]
REL-1684,PRJ-0323,has_participant,PER-GN-01134,stated,,GIAN-NIDHI-R0323,[]
REL-1685,PRJ-0323,has_participant,PER-GN-01135,stated,,GIAN-NIDHI-R0323,[]
REL-1686,PRJ-0323,has_participant,PER-GN-01136,stated,,GIAN-NIDHI-R0323,[]
REL-1687,PRJ-0324,submitted_by_institution,INS-0080,stated,,GIAN-NIDHI-R0324,[]
REL-1688,PRJ-0324,has_participant,PER-GN-01137,stated,,GIAN-NIDHI-R0324,[]
REL-1689,PRJ-0324,has_participant,PER-GN-01138,stated,,GIAN-NIDHI-R0324,[]
REL-1690,PRJ-0324,has_participant,PER-GN-01139,stated,,GIAN-NIDHI-R0324,[]
REL-1691,PRJ-0324,has_participant,PER-GN-01140,stated,,GIAN-NIDHI-R0324,[]
REL-1692,PRJ-0325,submitted_by_institution,INS-0154,stated,,GIAN-NIDHI-R0325,[]
REL-1693,PRJ-0325,has_participant,PER-GN-01141,stated,,GIAN-NIDHI-R0325,[]
REL-1694,PRJ-0325,has_participant,PER-GN-01142,stated,,GIAN-NIDHI-R0325,[]
REL-1695,PRJ-0325,has_participant,PER-GN-01143,stated,,GIAN-NIDHI-R0325,[]
REL-1696,PRJ-0325,has_participant,PER-GN-01144,stated,,GIAN-NIDHI-R0325,[]
REL-1697,PRJ-0325,has_participant,PER-GN-01145,stated,,GIAN-NIDHI-R0325,[]
REL-1698,PRJ-0325,has_participant,PER-GN-01146,stated,,GIAN-NIDHI-R0325,[]
REL-1699,PRJ-0325,has_participant,PER-GN-01147,stated,,GIAN-NIDHI-R0325,[]
REL-1700,PRJ-0326,submitted_by_institution,INS-0012,stated,,GIAN-NIDHI-R0326,[]
REL-1701,PRJ-0326,has_participant,PER-GN-01148,stated,,GIAN-NIDHI-R0326,[]
REL-1702,PRJ-0326,has_participant,PER-GN-01149,stated,,GIAN-NIDHI-R0326,[]
REL-1703,PRJ-0326,has_participant,PER-GN-01150,stated,,GIAN-NIDHI-R0326,[]
REL-1704,PRJ-0326,has_participant,PER-GN-01151,stated,,GIAN-NIDHI-R0326,[]
REL-1705,PRJ-0326,has_participant,PER-GN-01152,stated,,GIAN-NIDHI-R0326,[]
REL-1706,PRJ-0327,submitted_by_institution,INS-0035,stated,,GIAN-NIDHI-R0327,[]
REL-1707,PRJ-0327,has_participant,PER-GN-01153,stated,,GIAN-NIDHI-R0327,[]
REL-1708,PRJ-0327,has_participant,PER-GN-01154,stated,,GIAN-NIDHI-R0327,[]
REL-1709,PRJ-0327,has_participant,PER-GN-01155,stated,,GIAN-NIDHI-R0327,[]
REL-1710,PRJ-0328,submitted_by_institution,INS-0047,stated,,GIAN-NIDHI-R0328,[]
REL-1711,PRJ-0328,has_participant,PER-GN-01156,stated,,GIAN-NIDHI-R0328,[]
REL-1712,PRJ-0328,has_participant,PER-GN-01157,stated,,GIAN-NIDHI-R0328,[]
REL-1713,PRJ-0328,has_participant,PER-GN-01158,stated,,GIAN-NIDHI-R0328,[]
REL-1714,PRJ-0328,has_participant,PER-GN-01159,stated,,GIAN-NIDHI-R0328,[]
REL-1715,PRJ-0328,has_participant,PER-GN-01160,stated,,GIAN-NIDHI-R0328,[]
REL-1716,PRJ-0329,submitted_by_institution,INS-0018,stated,,GIAN-NIDHI-R0329,[]
REL-1717,PRJ-0329,has_participant,PER-GN-01161,stated,,GIAN-NIDHI-R0329,[]
REL-1718,PRJ-0329,has_participant,PER-GN-01162,stated,,GIAN-NIDHI-R0329,[]
REL-1719,PRJ-0329,has_participant,PER-GN-01163,stated,,GIAN-NIDHI-R0329,[]
REL-1720,PRJ-0330,submitted_by_institution,INS-0006,stated,,GIAN-NIDHI-R0330,[]
REL-1721,PRJ-0330,has_participant,PER-GN-01164,stated,,GIAN-NIDHI-R0330,[]
REL-1722,PRJ-0330,has_participant,PER-GN-01165,stated,,GIAN-NIDHI-R0330,[]
REL-1723,PRJ-0330,has_participant,PER-GN-01166,stated,,GIAN-NIDHI-R0330,[]
REL-1724,PRJ-0330,has_participant,PER-GN-01167,stated,,GIAN-NIDHI-R0330,[]
REL-1725,PRJ-0330,has_participant,PER-GN-01168,stated,,GIAN-NIDHI-R0330,[]
REL-1726,PRJ-0331,submitted_by_institution,INS-0015,stated,,GIAN-NIDHI-R0331,[]
REL-1727,PRJ-0331,has_participant,PER-GN-01169,stated,,GIAN-NIDHI-R0331,[]
REL-1728,PRJ-0331,has_participant,PER-GN-01170,stated,,GIAN-NIDHI-R0331,[]
REL-1729,PRJ-0331,has_participant,PER-GN-01171,stated,,GIAN-NIDHI-R0331,[]
REL-1730,PRJ-0332,submitted_by_institution,INS-0031,stated,,GIAN-NIDHI-R0332,[]
REL-1731,PRJ-0332,has_participant,PER-GN-01172,stated,,GIAN-NIDHI-R0332,[]
REL-1732,PRJ-0332,has_participant,PER-GN-01173,stated,,GIAN-NIDHI-R0332,[]
REL-1733,PRJ-0332,has_participant,PER-GN-01174,stated,,GIAN-NIDHI-R0332,[]
REL-1734,PRJ-0332,has_participant,PER-GN-01175,stated,,GIAN-NIDHI-R0332,[]
REL-1735,PRJ-0333,submitted_by_institution,INS-0008,stated,,GIAN-NIDHI-R0333,[]
REL-1736,PRJ-0333,has_participant,PER-GN-01176,stated,,GIAN-NIDHI-R0333,[]
REL-1737,PRJ-0333,has_participant,PER-GN-01177,stated,,GIAN-NIDHI-R0333,[]
REL-1738,PRJ-0333,has_participant,PER-GN-01178,stated,,GIAN-NIDHI-R0333,[]
REL-1739,PRJ-0333,has_participant,PER-GN-01179,stated,,GIAN-NIDHI-R0333,[]
REL-1740,PRJ-0333,has_participant,PER-GN-01180,stated,,GIAN-NIDHI-R0333,[]
REL-1741,PRJ-0334,submitted_by_institution,INS-0021,stated,,GIAN-NIDHI-R0334,[]
REL-1742,PRJ-0334,has_participant,PER-GN-01181,stated,,GIAN-NIDHI-R0334,[]
REL-1743,PRJ-0334,has_participant,PER-GN-01182,stated,,GIAN-NIDHI-R0334,[]
REL-1744,PRJ-0334,has_participant,PER-GN-01183,stated,,GIAN-NIDHI-R0334,[]
REL-1745,PRJ-0334,has_participant,PER-GN-01184,stated,,GIAN-NIDHI-R0334,[]
REL-1746,PRJ-0334,has_participant,PER-GN-01185,stated,,GIAN-NIDHI-R0334,[]
REL-1747,PRJ-0334,has_participant,PER-GN-01186,stated,,GIAN-NIDHI-R0334,[]
REL-1748,PRJ-0335,submitted_by_institution,INS-0103,stated,,GIAN-NIDHI-R0335,[]
REL-1749,PRJ-0335,has_participant,PER-GN-01187,stated,,GIAN-NIDHI-R0335,[]
REL-1750,PRJ-0335,has_participant,PER-GN-01188,stated,,GIAN-NIDHI-R0335,[]
REL-1751,PRJ-0335,has_participant,PER-GN-01189,stated,,GIAN-NIDHI-R0335,[]
REL-1752,PRJ-0335,has_participant,PER-GN-01190,stated,,GIAN-NIDHI-R0335,[]
REL-1753,PRJ-0336,submitted_by_institution,INS-0140,stated,,GIAN-NIDHI-R0336,[]
REL-1754,PRJ-0336,has_participant,PER-GN-01191,stated,,GIAN-NIDHI-R0336,[]
REL-1755,PRJ-0336,has_participant,PER-GN-01192,stated,,GIAN-NIDHI-R0336,[]
REL-1756,PRJ-0337,submitted_by_institution,INS-0014,stated,,GIAN-NIDHI-R0337,[]
REL-1757,PRJ-0337,has_participant,PER-GN-01193,stated,,GIAN-NIDHI-R0337,[]
REL-1758,PRJ-0337,has_participant,PER-GN-01194,stated,,GIAN-NIDHI-R0337,[]
REL-1759,PRJ-0337,has_participant,PER-GN-01195,stated,,GIAN-NIDHI-R0337,[]
REL-1760,PRJ-0337,has_participant,PER-GN-01196,stated,,GIAN-NIDHI-R0337,[]
REL-1761,PRJ-0338,submitted_by_institution,INS-0144,stated,,GIAN-NIDHI-R0338,[]
REL-1762,PRJ-0338,has_participant,PER-GN-01197,stated,,GIAN-NIDHI-R0338,[]
REL-1763,PRJ-0338,has_participant,PER-GN-01198,stated,,GIAN-NIDHI-R0338,[]
REL-1764,PRJ-0338,has_participant,PER-GN-01199,stated,,GIAN-NIDHI-R0338,[]
REL-1765,PRJ-0339,submitted_by_institution,INS-0007,stated,,GIAN-NIDHI-R0339,[]
REL-1766,PRJ-0339,has_participant,PER-GN-01200,stated,,GIAN-NIDHI-R0339,[]
REL-1767,PRJ-0339,has_participant,PER-GN-01201,stated,,GIAN-NIDHI-R0339,[]
REL-1768,PRJ-0339,has_participant,PER-GN-01202,stated,,GIAN-NIDHI-R0339,[]
REL-1769,PRJ-0339,has_participant,PER-GN-01203,stated,,GIAN-NIDHI-R0339,[]
REL-1770,PRJ-0340,submitted_by_institution,INS-0003,stated,,GIAN-NIDHI-R0340,[]
REL-1771,PRJ-0340,has_participant,PER-GN-01204,stated,,GIAN-NIDHI-R0340,[]
REL-1772,PRJ-0340,has_participant,PER-GN-01205,stated,,GIAN-NIDHI-R0340,[]
REL-1773,PRJ-0340,has_participant,PER-GN-01206,stated,,GIAN-NIDHI-R0340,[]
REL-1774,PRJ-0340,has_participant,PER-GN-01207,stated,,GIAN-NIDHI-R0340,[]
REL-1775,PRJ-0341,submitted_by_institution,INS-0049,stated,,GIAN-NIDHI-R0341,[]
REL-1776,PRJ-0341,has_participant,PER-GN-01208,stated,,GIAN-NIDHI-R0341,[]
REL-1777,PRJ-0341,has_participant,PER-GN-01209,stated,,GIAN-NIDHI-R0341,[]
REL-1778,PRJ-0342,submitted_by_institution,INS-0026,stated,,GIAN-NIDHI-R0342,[]
REL-1779,PRJ-0342,has_participant,PER-GN-01210,stated,,GIAN-NIDHI-R0342,[]
REL-1780,PRJ-0342,has_participant,PER-GN-01211,stated,,GIAN-NIDHI-R0342,[]
REL-1781,PRJ-0342,has_participant,PER-GN-01212,stated,,GIAN-NIDHI-R0342,[]
REL-1782,PRJ-0343,submitted_by_institution,INS-0089,stated,,GIAN-NIDHI-R0343,[]
REL-1783,PRJ-0343,has_participant,PER-GN-01213,stated,,GIAN-NIDHI-R0343,[]
REL-1784,PRJ-0343,has_participant,PER-GN-01214,stated,,GIAN-NIDHI-R0343,[]
REL-1785,PRJ-0343,has_participant,PER-GN-01215,stated,,GIAN-NIDHI-R0343,[]
REL-1786,PRJ-0343,has_participant,PER-GN-01216,stated,,GIAN-NIDHI-R0343,[]
REL-1787,PRJ-0343,has_participant,PER-GN-01217,stated,,GIAN-NIDHI-R0343,[]
REL-1788,PRJ-0343,has_participant,PER-GN-01218,stated,,GIAN-NIDHI-R0343,[]
REL-1789,PRJ-0344,submitted_by_institution,INS-0009,stated,,GIAN-NIDHI-R0344,[]
REL-1790,PRJ-0344,has_participant,PER-GN-01219,stated,,GIAN-NIDHI-R0344,[]
REL-1791,PRJ-0344,has_participant,PER-GN-01220,stated,,GIAN-NIDHI-R0344,[]
REL-1792,PRJ-0344,has_participant,PER-GN-01221,stated,,GIAN-NIDHI-R0344,[]
REL-1793,PRJ-0344,has_participant,PER-GN-01222,stated,,GIAN-NIDHI-R0344,[]
REL-1794,PRJ-0345,submitted_by_institution,INS-0009,stated,,GIAN-NIDHI-R0345,[]
REL-1795,PRJ-0345,has_participant,PER-GN-01223,stated,,GIAN-NIDHI-R0345,[]
REL-1796,PRJ-0345,has_participant,PER-GN-01224,stated,,GIAN-NIDHI-R0345,[]
REL-1797,PRJ-0345,has_participant,PER-GN-01225,stated,,GIAN-NIDHI-R0345,[]
REL-1798,PRJ-0345,has_participant,PER-GN-01226,stated,,GIAN-NIDHI-R0345,[]
REL-1799,PRJ-0345,has_participant,PER-GN-01227,stated,,GIAN-NIDHI-R0345,[]
REL-1800,PRJ-0345,has_participant,PER-GN-01228,stated,,GIAN-NIDHI-R0345,[]
REL-1801,PRJ-0346,submitted_by_institution,INS-0146,stated,,GIAN-NIDHI-R0346,[]
REL-1802,PRJ-0346,has_participant,PER-GN-01229,stated,,GIAN-NIDHI-R0346,[]
REL-1803,PRJ-0346,has_participant,PER-GN-01230,stated,,GIAN-NIDHI-R0346,[]
REL-1804,PRJ-0346,has_participant,PER-GN-01231,stated,,GIAN-NIDHI-R0346,[]
REL-1805,PRJ-0346,has_participant,PER-GN-01232,stated,,GIAN-NIDHI-R0346,[]
REL-1806,PRJ-0346,has_participant,PER-GN-01233,stated,,GIAN-NIDHI-R0346,[]
REL-1807,PRJ-0347,submitted_by_institution,INS-0009,stated,,GIAN-NIDHI-R0347,[]
REL-1808,PRJ-0347,has_participant,PER-GN-01234,stated,,GIAN-NIDHI-R0347,[]
REL-1809,PRJ-0347,has_participant,PER-GN-01234,stated,,GIAN-NIDHI-R0347,[]
REL-1810,PRJ-0347,has_participant,PER-GN-01235,stated,,GIAN-NIDHI-R0347,[]
REL-1811,PRJ-0347,has_participant,PER-GN-01236,stated,,GIAN-NIDHI-R0347,[]
REL-1812,PRJ-0347,has_participant,PER-GN-01237,stated,,GIAN-NIDHI-R0347,[]
REL-1813,PRJ-0348,submitted_by_institution,INS-0143,stated,,GIAN-NIDHI-R0348,[]
REL-1814,PRJ-0348,has_participant,PER-GN-01238,stated,,GIAN-NIDHI-R0348,[]
REL-1815,PRJ-0348,has_participant,PER-GN-01239,stated,,GIAN-NIDHI-R0348,[]
REL-1816,PRJ-0348,has_participant,PER-GN-01240,stated,,GIAN-NIDHI-R0348,[]
REL-1817,PRJ-0349,submitted_by_institution,INS-0009,stated,,GIAN-NIDHI-R0349,[]
REL-1818,PRJ-0349,has_participant,PER-GN-01241,stated,,GIAN-NIDHI-R0349,[]
REL-1819,PRJ-0349,has_participant,PER-GN-01242,stated,,GIAN-NIDHI-R0349,[]
REL-1820,PRJ-0349,has_participant,PER-GN-01243,stated,,GIAN-NIDHI-R0349,[]
REL-1821,PRJ-0349,has_participant,PER-GN-01244,stated,,GIAN-NIDHI-R0349,[]
REL-1822,PRJ-0349,has_participant,PER-GN-01245,stated,,GIAN-NIDHI-R0349,[]
REL-1823,PRJ-0349,has_participant,PER-GN-01246,stated,,GIAN-NIDHI-R0349,[]
REL-1824,PRJ-0350,submitted_by_institution,INS-0009,stated,,GIAN-NIDHI-R0350,[]
REL-1825,PRJ-0350,has_participant,PER-GN-01247,stated,,GIAN-NIDHI-R0350,[]
REL-1826,PRJ-0350,has_participant,PER-GN-01248,stated,,GIAN-NIDHI-R0350,[]
REL-1827,PRJ-0351,submitted_by_institution,INS-0002,stated,,GIAN-NIDHI-R0351,[]
REL-1828,PRJ-0351,has_participant,PER-GN-01249,stated,,GIAN-NIDHI-R0351,[]
REL-1829,PRJ-0351,has_participant,PER-GN-01250,stated,,GIAN-NIDHI-R0351,[]
REL-1830,PRJ-0352,submitted_by_institution,INS-0002,stated,,GIAN-NIDHI-R0352,[]
REL-1831,PRJ-0352,has_participant,PER-GN-01251,stated,,GIAN-NIDHI-R0352,[]
REL-1832,PRJ-0352,has_participant,PER-GN-01252,stated,,GIAN-NIDHI-R0352,[]
REL-1833,PRJ-0353,submitted_by_institution,INS-0002,stated,,GIAN-NIDHI-R0353,[]
REL-1834,PRJ-0353,has_participant,PER-GN-01253,stated,,GIAN-NIDHI-R0353,[]
REL-1835,PRJ-0353,has_participant,PER-GN-01254,stated,,GIAN-NIDHI-R0353,[]
REL-1836,PRJ-0354,submitted_by_institution,INS-0002,stated,,GIAN-NIDHI-R0354,[]
REL-1837,PRJ-0354,has_participant,PER-GN-01255,stated,,GIAN-NIDHI-R0354,[]
REL-1838,PRJ-0355,submitted_by_institution,INS-0002,stated,,GIAN-NIDHI-R0355,[]
REL-1839,PRJ-0355,has_participant,PER-GN-01256,stated,,GIAN-NIDHI-R0355,[]
REL-1840,PRJ-0356,submitted_by_institution,INS-0002,stated,,GIAN-NIDHI-R0356,[]
REL-1841,PRJ-0356,has_participant,PER-GN-01257,stated,,GIAN-NIDHI-R0356,[]
REL-1842,PRJ-0357,submitted_by_institution,INS-0002,stated,,GIAN-NIDHI-R0357,[]
REL-1843,PRJ-0357,has_participant,PER-GN-01258,stated,,GIAN-NIDHI-R0357,[]
REL-1844,PRJ-0358,submitted_by_institution,INS-0002,stated,,GIAN-NIDHI-R0358,[]
REL-1845,PRJ-0358,has_participant,PER-GN-01259,stated,,GIAN-NIDHI-R0358,[]
REL-1846,PRJ-0359,submitted_by_institution,INS-0002,stated,,GIAN-NIDHI-R0359,[]
REL-1847,PRJ-0359,has_participant,PER-GN-01260,stated,,GIAN-NIDHI-R0359,[]
REL-1848,PRJ-0360,submitted_by_institution,INS-0002,stated,,GIAN-NIDHI-R0360,[]
REL-1849,PRJ-0360,has_participant,PER-GN-01261,stated,,GIAN-NIDHI-R0360,[]
REL-1850,PRJ-0361,submitted_by_institution,INS-0002,stated,,GIAN-NIDHI-R0361,[]
REL-1851,PRJ-0361,has_participant,PER-GN-01262,stated,,GIAN-NIDHI-R0361,[]
REL-1852,PRJ-0362,submitted_by_institution,INS-0002,stated,,GIAN-NIDHI-R0362,[]
REL-1853,PRJ-0362,has_participant,PER-GN-01263,stated,,GIAN-NIDHI-R0362,[]
REL-1854,PRJ-0363,submitted_by_institution,INS-0002,stated,,GIAN-NIDHI-R0363,[]
REL-1855,PRJ-0363,has_participant,PER-GN-01264,stated,,GIAN-NIDHI-R0363,[]
REL-1856,PRJ-0364,submitted_by_institution,INS-0002,stated,,GIAN-NIDHI-R0364,[]
REL-1857,PRJ-0364,has_participant,PER-GN-01265,stated,,GIAN-NIDHI-R0364,[]
REL-1858,PRJ-0365,submitted_by_institution,INS-0002,stated,,GIAN-NIDHI-R0360,[]
REL-1859,PRJ-0365,duplicate_of,PRJ-0360,stated,exact_duplicate (same title and team),GIAN-NIDHI-R0360,[]
REL-1860,PRJ-0365,has_participant,PER-GN-01261,stated,,GIAN-NIDHI-R0360,[]
REL-1861,PRJ-0366,submitted_by_institution,INS-0002,stated,,GIAN-NIDHI-R0366,[]
REL-1862,PRJ-0366,has_participant,PER-GN-01266,stated,,GIAN-NIDHI-R0366,[]
REL-1863,PRJ-0367,has_participant,PER-GN-01267,stated,,GIAN-NIDHI-R0367,[]
REL-1864,PRJ-0367,has_participant,PER-GN-01268,stated,,GIAN-NIDHI-R0367,[]
REL-1865,PRJ-0367,has_participant,PER-GN-01269,stated,,GIAN-NIDHI-R0367,[]
REL-1866,PRJ-0368,has_participant,PER-GN-01270,stated,,GIAN-NIDHI-R0368,[]
REL-1867,PRJ-0368,has_participant,PER-GN-01271,stated,,GIAN-NIDHI-R0368,[]
REL-1868,PRJ-0368,has_participant,PER-GN-01272,stated,,GIAN-NIDHI-R0368,[]
REL-1869,PRJ-0369,has_participant,PER-GN-01273,stated,,GIAN-NIDHI-R0369,[]
REL-1870,PRJ-0369,has_participant,PER-GN-01274,stated,,GIAN-NIDHI-R0369,[]
REL-1871,PRJ-0369,has_participant,PER-GN-01275,stated,,GIAN-NIDHI-R0369,[]
REL-1872,PRJ-0369,has_participant,PER-GN-01276,stated,,GIAN-NIDHI-R0369,[]
REL-1873,PRJ-0371,has_participant,PER-GN-01277,stated,,GIAN-NIDHI-R0371,[]
REL-1874,PRJ-0371,has_participant,PER-GN-01278,stated,,GIAN-NIDHI-R0371,[]
REL-1875,PRJ-0371,has_participant,PER-GN-01279,stated,,GIAN-NIDHI-R0371,[]
REL-1876,PRJ-0371,has_participant,PER-GN-01280,stated,,GIAN-NIDHI-R0371,[]
REL-1877,PRJ-0372,has_participant,PER-GN-01281,stated,,GIAN-NIDHI-R0372,[]
REL-1878,PRJ-0372,has_participant,PER-GN-01282,stated,,GIAN-NIDHI-R0372,[]
REL-1879,PRJ-0373,has_participant,PER-GN-01283,stated,,GIAN-NIDHI-R0373,[]
REL-1880,PRJ-0373,has_participant,PER-GN-01284,stated,,GIAN-NIDHI-R0373,[]
REL-1881,PRJ-0374,has_participant,PER-GN-01285,stated,,GIAN-NIDHI-R0374,[]
REL-1882,PRJ-0374,has_participant,PER-GN-01286,stated,,GIAN-NIDHI-R0374,[]
REL-1883,PRJ-0374,has_participant,PER-GN-01287,stated,,GIAN-NIDHI-R0374,[]
REL-1884,PRJ-0375,has_participant,PER-GN-01288,stated,,GIAN-NIDHI-R0375,[]
REL-1885,PRJ-0375,has_participant,PER-GN-01289,stated,,GIAN-NIDHI-R0375,[]
REL-1886,PRJ-0375,has_participant,PER-GN-01290,stated,,GIAN-NIDHI-R0375,[]
REL-1887,PRJ-0376,has_participant,PER-GN-01291,stated,,GIAN-NIDHI-R0376,[]
REL-1888,PRJ-0376,has_participant,PER-GN-01292,stated,,GIAN-NIDHI-R0376,[]
REL-1889,PRJ-0376,has_participant,PER-GN-01293,stated,,GIAN-NIDHI-R0376,[]
REL-1890,PRJ-0378,has_participant,PER-GN-01294,stated,,GIAN-NIDHI-R0378,[]
REL-1891,PRJ-0378,has_participant,PER-GN-01295,stated,,GIAN-NIDHI-R0378,[]
REL-1892,PRJ-0380,has_participant,PER-GN-01296,stated,,GIAN-NIDHI-R0380,[]
REL-1893,PRJ-0380,has_participant,PER-GN-01297,stated,,GIAN-NIDHI-R0380,[]
REL-1894,PRJ-0380,has_participant,PER-GN-01298,stated,,GIAN-NIDHI-R0380,[]
REL-1895,PRJ-0381,submitted_by_institution,INS-0010,stated,,GIAN-NIDHI-R0381,[]
REL-1896,PRJ-0381,has_participant,PER-GN-01299,stated,,GIAN-NIDHI-R0381,[]
REL-1897,PRJ-0381,has_participant,PER-GN-01300,stated,,GIAN-NIDHI-R0381,[]
REL-1898,PRJ-0381,has_participant,PER-GN-01301,stated,,GIAN-NIDHI-R0381,[]
REL-1899,PRJ-0382,submitted_by_institution,INS-0041,stated,,GIAN-NIDHI-R0382,[]
REL-1900,PRJ-0382,has_participant,PER-GN-01302,stated,,GIAN-NIDHI-R0382,[]
REL-1901,PRJ-0382,has_participant,PER-GN-01303,stated,,GIAN-NIDHI-R0382,[]
REL-1902,PRJ-0382,has_participant,PER-GN-01304,stated,,GIAN-NIDHI-R0382,[]
REL-1903,PRJ-0382,has_participant,PER-GN-01305,stated,,GIAN-NIDHI-R0382,[]
REL-1904,PRJ-0383,submitted_by_institution,INS-0141,stated,,GIAN-NIDHI-R0383,[]
REL-1905,PRJ-0383,has_participant,PER-GN-01306,stated,,GIAN-NIDHI-R0383,[]
REL-1906,PRJ-0383,has_participant,PER-GN-01307,stated,,GIAN-NIDHI-R0383,[]
REL-1907,PRJ-0383,has_participant,PER-GN-01308,stated,,GIAN-NIDHI-R0383,[]
REL-1908,PRJ-0383,has_participant,PER-GN-01309,stated,,GIAN-NIDHI-R0383,[]
REL-1909,PRJ-0384,submitted_by_institution,INS-0016,stated,,GIAN-NIDHI-R0384,[]
REL-1910,PRJ-0384,has_participant,PER-GN-01310,stated,,GIAN-NIDHI-R0384,[]
REL-1911,PRJ-0384,has_participant,PER-GN-01311,stated,,GIAN-NIDHI-R0384,[]
REL-1912,PRJ-0384,has_participant,PER-GN-01312,stated,,GIAN-NIDHI-R0384,[]
REL-1913,PRJ-0384,has_participant,PER-GN-01313,stated,,GIAN-NIDHI-R0384,[]
REL-1914,PRJ-0384,has_participant,PER-GN-01314,stated,,GIAN-NIDHI-R0384,[]
REL-1915,PRJ-0384,has_participant,PER-GN-01315,stated,,GIAN-NIDHI-R0384,[]
REL-1916,PRJ-0385,submitted_by_institution,INS-0017,stated,,GIAN-NIDHI-R0385,[]
REL-1917,PRJ-0385,has_participant,PER-GN-01316,stated,,GIAN-NIDHI-R0385,[]
REL-1918,PRJ-0385,has_participant,PER-GN-01317,stated,,GIAN-NIDHI-R0385,[]
REL-1919,PRJ-0385,has_participant,PER-GN-01318,stated,,GIAN-NIDHI-R0385,[]
REL-1920,PRJ-0385,has_participant,PER-GN-01319,stated,,GIAN-NIDHI-R0385,[]
REL-1921,PRJ-0385,has_participant,PER-GN-01320,stated,,GIAN-NIDHI-R0385,[]
REL-1922,PRJ-0386,submitted_by_institution,INS-0061,stated,,GIAN-NIDHI-R0386,[]
REL-1923,PRJ-0386,has_participant,PER-GN-01321,stated,,GIAN-NIDHI-R0386,[]
REL-1924,PRJ-0386,has_participant,PER-GN-01322,stated,,GIAN-NIDHI-R0386,[]
REL-1925,PRJ-0386,has_participant,PER-GN-01323,stated,,GIAN-NIDHI-R0386,[]
REL-1926,PRJ-0386,has_participant,PER-GN-01324,stated,,GIAN-NIDHI-R0386,[]
REL-1927,PRJ-0386,has_participant,PER-GN-01325,stated,,GIAN-NIDHI-R0386,[]
REL-1928,PRJ-0386,has_participant,PER-GN-01326,stated,,GIAN-NIDHI-R0386,[]
REL-1929,PRJ-0387,submitted_by_institution,INS-0020,stated,,GIAN-NIDHI-R0387,[]
REL-1930,PRJ-0387,has_participant,PER-GN-01327,stated,,GIAN-NIDHI-R0387,[]
REL-1931,PRJ-0387,has_participant,PER-GN-01328,stated,,GIAN-NIDHI-R0387,[]
REL-1932,PRJ-0387,has_participant,PER-GN-01329,stated,,GIAN-NIDHI-R0387,[]
REL-1933,PRJ-0388,submitted_by_institution,INS-0090,stated,,GIAN-NIDHI-R0388,[]
REL-1934,PRJ-0388,has_participant,PER-GN-01330,stated,,GIAN-NIDHI-R0388,[]
REL-1935,PRJ-0388,has_participant,PER-GN-01331,stated,,GIAN-NIDHI-R0388,[]
REL-1936,PRJ-0388,has_participant,PER-GN-01332,stated,,GIAN-NIDHI-R0388,[]
REL-1937,PRJ-0388,has_participant,PER-GN-01333,stated,,GIAN-NIDHI-R0388,[]
REL-1938,PRJ-0388,has_participant,PER-GN-01334,stated,,GIAN-NIDHI-R0388,[]
REL-1939,PRJ-0388,has_participant,PER-GN-01335,stated,,GIAN-NIDHI-R0388,[]
REL-1940,PRJ-0389,submitted_by_institution,INS-0038,stated,,GIAN-NIDHI-R0389,[]
REL-1941,PRJ-0389,has_participant,PER-GN-01336,stated,,GIAN-NIDHI-R0389,[]
REL-1942,PRJ-0389,has_participant,PER-GN-01337,stated,,GIAN-NIDHI-R0389,[]
REL-1943,PRJ-0389,has_participant,PER-GN-01338,stated,,GIAN-NIDHI-R0389,[]
REL-1944,PRJ-0390,submitted_by_institution,INS-0018,stated,,GIAN-NIDHI-R0390,[]
REL-1945,PRJ-0390,has_participant,PER-GN-01339,stated,,GIAN-NIDHI-R0390,[]
REL-1946,PRJ-0390,has_participant,PER-GN-01340,stated,,GIAN-NIDHI-R0390,[]
REL-1947,PRJ-0390,has_participant,PER-GN-01341,stated,,GIAN-NIDHI-R0390,[]
REL-1948,PRJ-0390,has_participant,PER-GN-01342,stated,,GIAN-NIDHI-R0390,[]
REL-1949,PRJ-0390,has_participant,PER-GN-01343,stated,,GIAN-NIDHI-R0390,[]
REL-1950,PRJ-0390,has_participant,PER-GN-01344,stated,,GIAN-NIDHI-R0390,[]
REL-1951,PRJ-0391,submitted_by_institution,INS-0012,stated,,GIAN-NIDHI-R0391,[]
REL-1952,PRJ-0391,has_participant,PER-GN-01345,stated,,GIAN-NIDHI-R0391,[]
REL-1953,PRJ-0391,has_participant,PER-GN-01346,stated,,GIAN-NIDHI-R0391,[]
REL-1954,PRJ-0391,has_participant,PER-GN-01347,stated,,GIAN-NIDHI-R0391,[]
REL-1955,PRJ-0391,has_participant,PER-GN-01348,stated,,GIAN-NIDHI-R0391,[]
REL-1956,PRJ-0392,submitted_by_institution,INS-0004,stated,,GIAN-NIDHI-R0392,[]
REL-1957,PRJ-0392,has_participant,PER-GN-01349,stated,,GIAN-NIDHI-R0392,[]
REL-1958,PRJ-0392,has_participant,PER-GN-01350,stated,,GIAN-NIDHI-R0392,[]
REL-1959,PRJ-0392,has_participant,PER-GN-01351,stated,,GIAN-NIDHI-R0392,[]
REL-1960,PRJ-0392,has_participant,PER-GN-01352,stated,,GIAN-NIDHI-R0392,[]
REL-1961,PRJ-0393,submitted_by_institution,INS-0008,stated,,GIAN-NIDHI-R0393,[]
REL-1962,PRJ-0393,has_participant,PER-GN-01353,stated,,GIAN-NIDHI-R0393,[]
REL-1963,PRJ-0393,has_participant,PER-GN-01354,stated,,GIAN-NIDHI-R0393,[]
REL-1964,PRJ-0393,has_participant,PER-GN-01355,stated,,GIAN-NIDHI-R0393,[]
REL-1965,PRJ-0393,has_participant,PER-GN-01356,stated,,GIAN-NIDHI-R0393,[]
REL-1966,PRJ-0393,has_participant,PER-GN-01357,stated,,GIAN-NIDHI-R0393,[]
REL-1967,PRJ-0393,has_participant,PER-GN-01358,stated,,GIAN-NIDHI-R0393,[]
REL-1968,PRJ-0394,submitted_by_institution,INS-0045,stated,,GIAN-NIDHI-R0394,[]
REL-1969,PRJ-0394,has_participant,PER-GN-01359,stated,,GIAN-NIDHI-R0394,[]
REL-1970,PRJ-0394,has_participant,PER-GN-01360,stated,,GIAN-NIDHI-R0394,[]
REL-1971,PRJ-0394,has_participant,PER-GN-01361,stated,,GIAN-NIDHI-R0394,[]
REL-1972,PRJ-0394,has_participant,PER-GN-01362,stated,,GIAN-NIDHI-R0394,[]
REL-1973,PRJ-0394,has_participant,PER-GN-01363,stated,,GIAN-NIDHI-R0394,[]
REL-1974,PRJ-0395,submitted_by_institution,INS-0024,stated,,GIAN-NIDHI-R0395,[]
REL-1975,PRJ-0395,has_participant,PER-GN-01364,stated,,GIAN-NIDHI-R0395,[]
REL-1976,PRJ-0395,has_participant,PER-GN-01365,stated,,GIAN-NIDHI-R0395,[]
REL-1977,PRJ-0395,has_participant,PER-GN-01366,stated,,GIAN-NIDHI-R0395,[]
REL-1978,PRJ-0395,has_participant,PER-GN-01367,stated,,GIAN-NIDHI-R0395,[]
REL-1979,PRJ-0396,submitted_by_institution,INS-0025,stated,,GIAN-NIDHI-R0396,[]
REL-1980,PRJ-0396,has_participant,PER-GN-01368,stated,,GIAN-NIDHI-R0396,[]
REL-1981,PRJ-0396,has_participant,PER-GN-01369,stated,,GIAN-NIDHI-R0396,[]
REL-1982,PRJ-0396,has_participant,PER-GN-01370,stated,,GIAN-NIDHI-R0396,[]
REL-1983,PRJ-0396,has_participant,PER-GN-01371,stated,,GIAN-NIDHI-R0396,[]
REL-1984,PRJ-0397,submitted_by_institution,INS-0085,stated,,GIAN-NIDHI-R0397,[]
REL-1985,PRJ-0397,has_participant,PER-GN-01372,stated,,GIAN-NIDHI-R0397,[]
REL-1986,PRJ-0397,has_participant,PER-GN-01373,stated,,GIAN-NIDHI-R0397,[]
REL-1987,PRJ-0397,has_participant,PER-GN-01374,stated,,GIAN-NIDHI-R0397,[]
REL-1988,PRJ-0397,has_participant,PER-GN-01375,stated,,GIAN-NIDHI-R0397,[]
REL-1989,PRJ-0398,submitted_by_institution,INS-0007,stated,,GIAN-NIDHI-R0398,[]
REL-1990,PRJ-0398,has_participant,PER-GN-01376,stated,,GIAN-NIDHI-R0398,[]
REL-1991,PRJ-0398,has_participant,PER-GN-01377,stated,,GIAN-NIDHI-R0398,[]
REL-1992,PRJ-0398,has_participant,PER-GN-01378,stated,,GIAN-NIDHI-R0398,[]
REL-1993,PRJ-0398,has_participant,PER-GN-01379,stated,,GIAN-NIDHI-R0398,[]
REL-1994,PRJ-0399,submitted_by_institution,INS-0015,stated,,GIAN-NIDHI-R0399,[]
REL-1995,PRJ-0399,has_participant,PER-GN-01380,stated,,GIAN-NIDHI-R0399,[]
REL-1996,PRJ-0399,has_participant,PER-GN-01381,stated,,GIAN-NIDHI-R0399,[]
REL-1997,PRJ-0399,has_participant,PER-GN-01382,stated,,GIAN-NIDHI-R0399,[]
REL-1998,PRJ-0399,has_participant,PER-GN-01383,stated,,GIAN-NIDHI-R0399,[]
REL-1999,PRJ-0400,submitted_by_institution,INS-0003,stated,,GIAN-NIDHI-R0400,[]
REL-2000,PRJ-0400,has_participant,PER-GN-01384,stated,,GIAN-NIDHI-R0400,[]
REL-2001,PRJ-0400,has_participant,PER-GN-01385,stated,,GIAN-NIDHI-R0400,[]
REL-2002,PRJ-0400,has_participant,PER-GN-01386,stated,,GIAN-NIDHI-R0400,[]
REL-2003,PRJ-0400,has_participant,PER-GN-01387,stated,,GIAN-NIDHI-R0400,[]
REL-2004,PRJ-0401,submitted_by_institution,INS-0017,stated,,GIAN-NIDHI-R0401,[]
REL-2005,PRJ-0401,duplicate_of,PRJ-0033,probable,probable_duplicate (same title and team),GIAN-NIDHI-R0401,[]
REL-2006,PRJ-0401,has_participant,PER-GN-00115,stated,,GIAN-NIDHI-R0401,[]
REL-2007,PRJ-0401,has_participant,PER-GN-00116,stated,,GIAN-NIDHI-R0401,[]
REL-2008,PRJ-0401,has_participant,PER-GN-00117,stated,,GIAN-NIDHI-R0401,[]
REL-2009,PRJ-0401,has_participant,PER-GN-00118,stated,,GIAN-NIDHI-R0401,[]
REL-2010,PRJ-0402,submitted_by_institution,INS-0020,stated,,GIAN-NIDHI-R0402,[]
REL-2011,PRJ-0402,duplicate_of,PRJ-0035,probable,probable_duplicate (same title and team),GIAN-NIDHI-R0402,[]
REL-2012,PRJ-0402,has_participant,PER-GN-00127,stated,,GIAN-NIDHI-R0402,[]
REL-2013,PRJ-0402,has_participant,PER-GN-00124,stated,,GIAN-NIDHI-R0402,[]
REL-2014,PRJ-0402,has_participant,PER-GN-00125,stated,,GIAN-NIDHI-R0402,[]
REL-2015,PRJ-0402,has_participant,PER-GN-00126,stated,,GIAN-NIDHI-R0402,[]
REL-2016,PRJ-0403,submitted_by_institution,INS-0034,stated,,GIAN-NIDHI-R0403,[]
REL-2017,PRJ-0403,duplicate_of,PRJ-0034,probable,probable_duplicate (same title and team),GIAN-NIDHI-R0403,[]
REL-2018,PRJ-0403,has_participant,PER-GN-01388,stated,,GIAN-NIDHI-R0403,[]
REL-2019,PRJ-0403,has_participant,PER-GN-01389,stated,,GIAN-NIDHI-R0403,[]
REL-2020,PRJ-0403,has_participant,PER-GN-01390,stated,,GIAN-NIDHI-R0403,[]
REL-2021,PRJ-0403,has_participant,PER-GN-01391,stated,,GIAN-NIDHI-R0403,[]
REL-2022,PRJ-0403,has_participant,PER-GN-01392,stated,,GIAN-NIDHI-R0403,[]
REL-2023,PRJ-0404,submitted_by_institution,INS-0034,stated,,GIAN-NIDHI-R0404,[]
REL-2024,PRJ-0404,has_participant,PER-GN-00128,stated,,GIAN-NIDHI-R0404,[]
REL-2025,PRJ-0404,has_participant,PER-GN-00129,stated,,GIAN-NIDHI-R0404,[]
REL-2026,PRJ-0404,has_participant,PER-GN-00130,stated,,GIAN-NIDHI-R0404,[]
REL-2027,PRJ-0404,has_participant,PER-GN-00131,stated,,GIAN-NIDHI-R0404,[]
REL-2028,PRJ-0404,has_participant,PER-GN-00132,stated,,GIAN-NIDHI-R0404,[]
REL-2029,PRJ-0404,has_participant,PER-GN-01393,stated,,GIAN-NIDHI-R0404,[]
REL-2030,PRJ-0405,submitted_by_institution,INS-0062,stated,,GIAN-NIDHI-R0037,[]
REL-2031,PRJ-0405,duplicate_of,PRJ-0037,stated,exact_duplicate (same title and team),GIAN-NIDHI-R0037,[]
REL-2032,PRJ-0405,has_participant,PER-GN-00134,stated,,GIAN-NIDHI-R0037,[]
REL-2033,PRJ-0405,has_participant,PER-GN-00135,stated,,GIAN-NIDHI-R0037,[]
REL-2034,PRJ-0405,has_participant,PER-GN-00136,stated,,GIAN-NIDHI-R0037,[]
REL-2035,PRJ-0405,has_participant,PER-GN-00137,stated,,GIAN-NIDHI-R0037,[]
REL-2036,PRJ-0406,submitted_by_institution,INS-0053,stated,,GIAN-NIDHI-R0406,[]
REL-2037,PRJ-0406,has_participant,PER-GN-01394,stated,,GIAN-NIDHI-R0406,[]
REL-2038,PRJ-0406,has_participant,PER-GN-00140,stated,,GIAN-NIDHI-R0406,[]
REL-2039,PRJ-0406,has_participant,PER-GN-00141,stated,,GIAN-NIDHI-R0406,[]
REL-2040,PRJ-0407,submitted_by_institution,INS-0022,stated,,GIAN-NIDHI-R0407,[]
REL-2041,PRJ-0407,has_participant,PER-GN-00142,stated,,GIAN-NIDHI-R0407,[]
REL-2042,PRJ-0407,has_participant,PER-GN-00143,stated,,GIAN-NIDHI-R0407,[]
REL-2043,PRJ-0407,has_participant,PER-GN-01395,stated,,GIAN-NIDHI-R0407,[]
REL-2044,PRJ-0407,has_participant,PER-GN-01396,stated,,GIAN-NIDHI-R0407,[]
REL-2045,PRJ-0407,has_participant,PER-GN-00145,stated,,GIAN-NIDHI-R0407,[]
REL-2046,PRJ-0407,has_participant,PER-GN-00146,stated,,GIAN-NIDHI-R0407,[]
REL-2047,PRJ-0408,submitted_by_institution,INS-0013,stated,,GIAN-NIDHI-R0408,[]
REL-2048,PRJ-0408,duplicate_of,PRJ-0040,probable,probable_duplicate (same title and team),GIAN-NIDHI-R0408,[]
REL-2049,PRJ-0408,has_participant,PER-GN-00147,stated,,GIAN-NIDHI-R0408,[]
REL-2050,PRJ-0408,has_participant,PER-GN-00148,stated,,GIAN-NIDHI-R0408,[]
REL-2051,PRJ-0408,has_participant,PER-GN-00149,stated,,GIAN-NIDHI-R0408,[]
REL-2052,PRJ-0408,has_participant,PER-GN-00150,stated,,GIAN-NIDHI-R0408,[]
REL-2053,PRJ-0409,submitted_by_institution,INS-0137,stated,,GIAN-NIDHI-R0409,[]
REL-2054,PRJ-0409,duplicate_of,PRJ-0041,probable,probable_duplicate (same title and team),GIAN-NIDHI-R0409,[]
REL-2055,PRJ-0409,has_participant,PER-GN-01397,stated,,GIAN-NIDHI-R0409,[]
REL-2056,PRJ-0409,has_participant,PER-GN-01398,stated,,GIAN-NIDHI-R0409,[]
REL-2057,PRJ-0409,has_participant,PER-GN-01399,stated,,GIAN-NIDHI-R0409,[]
REL-2058,PRJ-0409,has_participant,PER-GN-01400,stated,,GIAN-NIDHI-R0409,[]
REL-2059,PRJ-0410,submitted_by_institution,INS-0006,stated,,GIAN-NIDHI-R0410,[]
REL-2060,PRJ-0410,has_participant,PER-GN-00155,stated,,GIAN-NIDHI-R0410,[]
REL-2061,PRJ-0410,has_participant,PER-GN-00156,stated,,GIAN-NIDHI-R0410,[]
REL-2062,PRJ-0410,has_participant,PER-GN-01401,stated,,GIAN-NIDHI-R0410,[]
REL-2063,PRJ-0411,submitted_by_institution,INS-0014,stated,,GIAN-NIDHI-R0411,[]
REL-2064,PRJ-0411,duplicate_of,PRJ-0043,probable,probable_duplicate (same title and team),GIAN-NIDHI-R0411,[]
REL-2065,PRJ-0411,has_participant,PER-GN-00158,stated,,GIAN-NIDHI-R0411,[]
REL-2066,PRJ-0411,has_participant,PER-GN-00159,stated,,GIAN-NIDHI-R0411,[]
REL-2067,PRJ-0411,has_participant,PER-GN-00160,stated,,GIAN-NIDHI-R0411,[]
REL-2068,PRJ-0411,has_participant,PER-GN-00161,stated,,GIAN-NIDHI-R0411,[]
REL-2069,PRJ-0412,submitted_by_institution,INS-0134,stated,,GIAN-NIDHI-R0412,[]
REL-2070,PRJ-0412,duplicate_of,PRJ-0044,probable,probable_duplicate (same title and team),GIAN-NIDHI-R0412,[]
REL-2071,PRJ-0412,has_participant,PER-GN-01402,stated,,GIAN-NIDHI-R0412,[]
REL-2072,PRJ-0412,has_participant,PER-GN-01403,stated,,GIAN-NIDHI-R0412,[]
REL-2073,PRJ-0412,has_participant,PER-GN-01404,stated,,GIAN-NIDHI-R0412,[]
REL-2074,PRJ-0412,has_participant,PER-GN-01405,stated,,GIAN-NIDHI-R0412,[]
REL-2075,PRJ-0412,has_participant,PER-GN-01406,stated,,GIAN-NIDHI-R0412,[]
REL-2076,PRJ-0412,has_participant,PER-GN-01407,stated,,GIAN-NIDHI-R0412,[]
REL-2077,PRJ-0413,submitted_by_institution,INS-0079,stated,,GIAN-NIDHI-R0413,[]
REL-2078,PRJ-0413,has_participant,PER-GN-00167,stated,,GIAN-NIDHI-R0413,[]
REL-2079,PRJ-0413,has_participant,PER-GN-00168,stated,,GIAN-NIDHI-R0413,[]
REL-2080,PRJ-0413,has_participant,PER-GN-00169,stated,,GIAN-NIDHI-R0413,[]
REL-2081,PRJ-0413,has_participant,PER-GN-00170,stated,,GIAN-NIDHI-R0413,[]
REL-2082,PRJ-0413,has_participant,PER-GN-00171,stated,,GIAN-NIDHI-R0413,[]
REL-2083,PRJ-0413,has_participant,PER-GN-01408,stated,,GIAN-NIDHI-R0413,[]
REL-2084,PRJ-0414,submitted_by_institution,INS-0003,stated,,GIAN-NIDHI-R0414,[]
REL-2085,PRJ-0414,duplicate_of,PRJ-0046,probable,probable_duplicate (same title and team),GIAN-NIDHI-R0414,[]
REL-2086,PRJ-0414,has_participant,PER-GN-00172,stated,,GIAN-NIDHI-R0414,[]
REL-2087,PRJ-0414,has_participant,PER-GN-00173,stated,,GIAN-NIDHI-R0414,[]
REL-2088,PRJ-0414,has_participant,PER-GN-00174,stated,,GIAN-NIDHI-R0414,[]
REL-2089,PRJ-0414,has_participant,PER-GN-00175,stated,,GIAN-NIDHI-R0414,[]
REL-2090,PRJ-0414,has_participant,PER-GN-00176,stated,,GIAN-NIDHI-R0414,[]
REL-2091,PRJ-0415,submitted_by_institution,INS-0032,stated,,GIAN-NIDHI-R0415,[]
REL-2092,PRJ-0415,duplicate_of,PRJ-0047,probable,probable_duplicate (same title and team),GIAN-NIDHI-R0415,[]
REL-2093,PRJ-0415,has_participant,PER-GN-00177,stated,,GIAN-NIDHI-R0415,[]
REL-2094,PRJ-0415,has_participant,PER-GN-00178,stated,,GIAN-NIDHI-R0415,[]
REL-2095,PRJ-0415,has_participant,PER-GN-00179,stated,,GIAN-NIDHI-R0415,[]
REL-2096,PRJ-0415,has_participant,PER-GN-00181,stated,,GIAN-NIDHI-R0415,[]
REL-2097,PRJ-0415,has_participant,PER-GN-00180,stated,,GIAN-NIDHI-R0415,[]
REL-2098,PRJ-0415,has_participant,PER-GN-01409,stated,,GIAN-NIDHI-R0415,[]
REL-2099,PRJ-0416,submitted_by_institution,INS-0030,stated,,GIAN-NIDHI-R0416,[]
REL-2100,PRJ-0416,duplicate_of,PRJ-0050,probable,probable_duplicate (same title and team),GIAN-NIDHI-R0416,[]
REL-2101,PRJ-0416,has_participant,PER-GN-00192,stated,,GIAN-NIDHI-R0416,[]
REL-2102,PRJ-0416,has_participant,PER-GN-00193,stated,,GIAN-NIDHI-R0416,[]
REL-2103,PRJ-0416,has_participant,PER-GN-00194,stated,,GIAN-NIDHI-R0416,[]
REL-2104,PRJ-0417,submitted_by_institution,INS-0013,stated,,GIAN-NIDHI-R0417,[]
REL-2105,PRJ-0417,duplicate_of,PRJ-0051,probable,probable_duplicate (same title and team),GIAN-NIDHI-R0417,[]
REL-2106,PRJ-0417,has_participant,PER-GN-00195,stated,,GIAN-NIDHI-R0417,[]
REL-2107,PRJ-0417,has_participant,PER-GN-00196,stated,,GIAN-NIDHI-R0417,[]
REL-2108,PRJ-0417,has_participant,PER-GN-00197,stated,,GIAN-NIDHI-R0417,[]
REL-2109,PRJ-0417,has_participant,PER-GN-00198,stated,,GIAN-NIDHI-R0417,[]
REL-2110,PRJ-0418,submitted_by_institution,INS-0017,stated,,GIAN-NIDHI-R0418,[]
REL-2111,PRJ-0418,has_participant,PER-GN-00199,stated,,GIAN-NIDHI-R0418,[]
REL-2112,PRJ-0418,has_participant,PER-GN-00200,stated,,GIAN-NIDHI-R0418,[]
REL-2113,PRJ-0418,has_participant,PER-GN-00201,stated,,GIAN-NIDHI-R0418,[]
REL-2114,PRJ-0418,has_participant,PER-GN-00202,stated,,GIAN-NIDHI-R0418,[]
REL-2115,PRJ-0419,submitted_by_institution,INS-0096,stated,,GIAN-NIDHI-R0419,[]
REL-2116,PRJ-0419,duplicate_of,PRJ-0053,probable,probable_duplicate (same title and team),GIAN-NIDHI-R0419,[]
REL-2117,PRJ-0419,has_participant,PER-GN-00203,stated,,GIAN-NIDHI-R0419,[]
REL-2118,PRJ-0419,has_participant,PER-GN-00204,stated,,GIAN-NIDHI-R0419,[]
REL-2119,PRJ-0419,has_participant,PER-GN-00205,stated,,GIAN-NIDHI-R0419,[]
REL-2120,PRJ-0419,has_participant,PER-GN-00206,stated,,GIAN-NIDHI-R0419,[]
REL-2121,PRJ-0420,submitted_by_institution,INS-0010,stated,,GIAN-NIDHI-R0420,[]
REL-2122,PRJ-0420,has_participant,PER-GN-00207,stated,,GIAN-NIDHI-R0420,[]
REL-2123,PRJ-0420,has_participant,PER-GN-00208,stated,,GIAN-NIDHI-R0420,[]
REL-2124,PRJ-0420,has_participant,PER-GN-01410,stated,,GIAN-NIDHI-R0420,[]
REL-2125,PRJ-0421,submitted_by_institution,INS-0004,stated,,GIAN-NIDHI-R0421,[]
REL-2126,PRJ-0421,has_participant,PER-GN-00214,stated,,GIAN-NIDHI-R0421,[]
REL-2127,PRJ-0421,has_participant,PER-GN-00215,stated,,GIAN-NIDHI-R0421,[]
REL-2128,PRJ-0421,has_participant,PER-GN-01411,stated,,GIAN-NIDHI-R0421,[]
REL-2129,PRJ-0421,has_participant,PER-GN-01412,stated,,GIAN-NIDHI-R0421,[]
REL-2130,PRJ-0422,submitted_by_institution,INS-0026,stated,,GIAN-NIDHI-R0422,[]
REL-2131,PRJ-0422,has_participant,PER-GN-00217,stated,,GIAN-NIDHI-R0422,[]
REL-2132,PRJ-0422,has_participant,PER-GN-00218,stated,,GIAN-NIDHI-R0422,[]
REL-2133,PRJ-0423,submitted_by_institution,INS-0050,stated,,GIAN-NIDHI-R0423,[]
REL-2134,PRJ-0423,has_participant,PER-GN-00219,stated,,GIAN-NIDHI-R0423,[]
REL-2135,PRJ-0423,has_participant,PER-GN-00220,stated,,GIAN-NIDHI-R0423,[]
REL-2136,PRJ-0423,has_participant,PER-GN-00221,stated,,GIAN-NIDHI-R0423,[]
REL-2137,PRJ-0423,has_participant,PER-GN-01413,stated,,GIAN-NIDHI-R0423,[]
REL-2138,PRJ-0424,submitted_by_institution,INS-0021,stated,,GIAN-NIDHI-R0424,[]
REL-2139,PRJ-0424,has_participant,PER-GN-00223,stated,,GIAN-NIDHI-R0424,[]
REL-2140,PRJ-0424,has_participant,PER-GN-00224,stated,,GIAN-NIDHI-R0424,[]
REL-2141,PRJ-0424,has_participant,PER-GN-01414,stated,,GIAN-NIDHI-R0424,[]
REL-2142,PRJ-0425,submitted_by_institution,INS-0031,stated,,GIAN-NIDHI-R0060,[]
REL-2143,PRJ-0425,duplicate_of,PRJ-0060,stated,exact_duplicate (same title and team),GIAN-NIDHI-R0060,[]
REL-2144,PRJ-0425,has_participant,PER-GN-00226,stated,,GIAN-NIDHI-R0060,[]
REL-2145,PRJ-0425,has_participant,PER-GN-00227,stated,,GIAN-NIDHI-R0060,[]
REL-2146,PRJ-0425,has_participant,PER-GN-00228,stated,,GIAN-NIDHI-R0060,[]
REL-2147,PRJ-0425,has_participant,PER-GN-00229,stated,,GIAN-NIDHI-R0060,[]
REL-2148,PRJ-0426,submitted_by_institution,INS-0054,stated,,GIAN-NIDHI-R0426,[]
REL-2149,PRJ-0426,has_participant,PER-GN-01415,stated,,GIAN-NIDHI-R0426,[]
REL-2150,PRJ-0427,submitted_by_institution,INS-0022,stated,,GIAN-NIDHI-R0427,[]
REL-2151,PRJ-0427,has_participant,PER-GN-00233,stated,,GIAN-NIDHI-R0427,[]
REL-2152,PRJ-0427,has_participant,PER-GN-00234,stated,,GIAN-NIDHI-R0427,[]
REL-2153,PRJ-0427,has_participant,PER-GN-00235,stated,,GIAN-NIDHI-R0427,[]
REL-2154,PRJ-0427,has_participant,PER-GN-01416,stated,,GIAN-NIDHI-R0427,[]
REL-2155,PRJ-0427,has_participant,PER-GN-00236,stated,,GIAN-NIDHI-R0427,[]
REL-2156,PRJ-0427,has_participant,PER-GN-01417,stated,,GIAN-NIDHI-R0427,[]
REL-2157,PRJ-0428,submitted_by_institution,INS-0015,stated,,GIAN-NIDHI-R0428,[]
REL-2158,PRJ-0428,has_participant,PER-GN-00237,stated,,GIAN-NIDHI-R0428,[]
REL-2159,PRJ-0428,has_participant,PER-GN-00238,stated,,GIAN-NIDHI-R0428,[]
REL-2160,PRJ-0428,has_participant,PER-GN-01418,stated,,GIAN-NIDHI-R0428,[]
REL-2161,PRJ-0428,has_participant,PER-GN-00240,stated,,GIAN-NIDHI-R0428,[]
REL-2162,PRJ-0428,has_participant,PER-GN-01419,stated,,GIAN-NIDHI-R0428,[]
REL-2163,PRJ-0429,submitted_by_institution,INS-0024,stated,,GIAN-NIDHI-R0429,[]
REL-2164,PRJ-0429,has_participant,PER-GN-01420,stated,,GIAN-NIDHI-R0429,[]
REL-2165,PRJ-0429,has_participant,PER-GN-01421,stated,,GIAN-NIDHI-R0429,[]
REL-2166,PRJ-0429,has_participant,PER-GN-00242,stated,,GIAN-NIDHI-R0429,[]
REL-2167,PRJ-0429,has_participant,PER-GN-01422,stated,,GIAN-NIDHI-R0429,[]
REL-2168,PRJ-0429,has_participant,PER-GN-00243,stated,,GIAN-NIDHI-R0429,[]
REL-2169,PRJ-0430,submitted_by_institution,INS-0018,stated,,GIAN-NIDHI-R0430,[]
REL-2170,PRJ-0430,has_participant,PER-GN-00244,stated,,GIAN-NIDHI-R0430,[]
REL-2171,PRJ-0430,has_participant,PER-GN-00245,stated,,GIAN-NIDHI-R0430,[]
REL-2172,PRJ-0430,has_participant,PER-GN-01423,stated,,GIAN-NIDHI-R0430,[]
REL-2173,PRJ-0430,has_participant,PER-GN-00247,stated,,GIAN-NIDHI-R0430,[]
REL-2174,PRJ-0431,submitted_by_institution,INS-0032,stated,,GIAN-NIDHI-R0431,[]
REL-2175,PRJ-0431,has_participant,PER-GN-00248,stated,,GIAN-NIDHI-R0431,[]
REL-2176,PRJ-0431,has_participant,PER-GN-00249,stated,,GIAN-NIDHI-R0431,[]
REL-2177,PRJ-0431,has_participant,PER-GN-01424,stated,,GIAN-NIDHI-R0431,[]
REL-2178,PRJ-0431,has_participant,PER-GN-00250,stated,,GIAN-NIDHI-R0431,[]
REL-2179,PRJ-0431,has_participant,PER-GN-01425,stated,,GIAN-NIDHI-R0431,[]
REL-2180,PRJ-0432,submitted_by_institution,INS-0067,stated,,GIAN-NIDHI-R0432,[]
REL-2181,PRJ-0432,duplicate_of,PRJ-0068,probable,probable_duplicate (same title and team),GIAN-NIDHI-R0432,[]
REL-2182,PRJ-0432,has_participant,PER-GN-00255,stated,,GIAN-NIDHI-R0432,[]
REL-2183,PRJ-0432,has_participant,PER-GN-00256,stated,,GIAN-NIDHI-R0432,[]
REL-2184,PRJ-0432,has_participant,PER-GN-01426,stated,,GIAN-NIDHI-R0432,[]
REL-2185,PRJ-0432,has_participant,PER-GN-00257,stated,,GIAN-NIDHI-R0432,[]
REL-2186,PRJ-0433,submitted_by_institution,INS-0148,stated,,GIAN-NIDHI-R0433,[]
REL-2187,PRJ-0433,has_participant,PER-GN-01427,stated,,GIAN-NIDHI-R0433,[]
REL-2188,PRJ-0433,has_participant,PER-GN-01428,stated,,GIAN-NIDHI-R0433,[]
REL-2189,PRJ-0433,has_participant,PER-GN-01429,stated,,GIAN-NIDHI-R0433,[]
REL-2190,PRJ-0433,has_participant,PER-GN-01430,stated,,GIAN-NIDHI-R0433,[]
REL-2191,PRJ-0433,has_participant,PER-GN-01431,stated,,GIAN-NIDHI-R0433,[]
REL-2192,PRJ-0433,has_participant,PER-GN-01432,stated,,GIAN-NIDHI-R0433,[]
REL-2193,PRJ-0434,submitted_by_institution,INS-0088,stated,,GIAN-NIDHI-R0434,[]
REL-2194,PRJ-0434,has_participant,PER-GN-01025,stated,,GIAN-NIDHI-R0434,[]
REL-2195,PRJ-0434,has_participant,PER-GN-01026,stated,,GIAN-NIDHI-R0434,[]
REL-2196,PRJ-0434,has_participant,PER-GN-01027,stated,,GIAN-NIDHI-R0434,[]
REL-2197,PRJ-0434,has_participant,PER-GN-01028,stated,,GIAN-NIDHI-R0434,[]
REL-2198,PRJ-0434,has_participant,PER-GN-01433,stated,,GIAN-NIDHI-R0434,[]
REL-2199,PRJ-0435,submitted_by_institution,INS-0019,stated,,GIAN-NIDHI-R0435,[]
REL-2200,PRJ-0435,has_participant,PER-GN-01434,stated,,GIAN-NIDHI-R0435,[]
REL-2201,PRJ-0435,has_participant,PER-GN-01435,stated,,GIAN-NIDHI-R0435,[]
REL-2202,PRJ-0435,has_participant,PER-GN-01436,stated,,GIAN-NIDHI-R0435,[]
REL-2203,PRJ-0435,has_participant,PER-GN-01437,stated,,GIAN-NIDHI-R0435,[]
REL-2204,PRJ-0435,has_participant,PER-GN-01438,stated,,GIAN-NIDHI-R0435,[]
REL-2205,PRJ-0436,submitted_by_institution,INS-0052,stated,,GIAN-NIDHI-R0298,[]
REL-2206,PRJ-0436,duplicate_of,PRJ-0298,stated,exact_duplicate (same title and team),GIAN-NIDHI-R0298,[]
REL-2207,PRJ-0436,has_participant,PER-GN-01032,stated,,GIAN-NIDHI-R0298,[]
REL-2208,PRJ-0436,has_participant,PER-GN-01033,stated,,GIAN-NIDHI-R0298,[]
REL-2209,PRJ-0436,has_participant,PER-GN-01034,stated,,GIAN-NIDHI-R0298,[]
REL-2210,PRJ-0436,has_participant,PER-GN-01439,stated,,GIAN-NIDHI-R0298,[]
REL-2211,PRJ-0436,has_participant,PER-GN-01035,stated,,GIAN-NIDHI-R0298,[]
REL-2212,PRJ-0437,submitted_by_institution,INS-0066,stated,,GIAN-NIDHI-R0437,[]
REL-2213,PRJ-0437,duplicate_of,PRJ-0299,probable,probable_duplicate (same title and team),GIAN-NIDHI-R0437,[]
REL-2214,PRJ-0437,has_participant,PER-GN-01036,stated,,GIAN-NIDHI-R0437,[]
REL-2215,PRJ-0437,has_participant,PER-GN-01037,stated,,GIAN-NIDHI-R0437,[]
REL-2216,PRJ-0437,has_participant,PER-GN-01440,stated,,GIAN-NIDHI-R0437,[]
REL-2217,PRJ-0437,has_participant,PER-GN-01038,stated,,GIAN-NIDHI-R0437,[]
REL-2218,PRJ-0438,submitted_by_institution,INS-0101,stated,,GIAN-NIDHI-R0438,[]
REL-2219,PRJ-0438,duplicate_of,PRJ-0300,probable,probable_duplicate (same title and team),GIAN-NIDHI-R0438,[]
REL-2220,PRJ-0438,has_participant,PER-GN-01441,stated,,GIAN-NIDHI-R0438,[]
REL-2221,PRJ-0438,has_participant,PER-GN-01442,stated,,GIAN-NIDHI-R0438,[]
REL-2222,PRJ-0438,has_participant,PER-GN-01443,stated,,GIAN-NIDHI-R0438,[]
REL-2223,PRJ-0438,has_participant,PER-GN-01444,stated,,GIAN-NIDHI-R0438,[]
REL-2224,PRJ-0439,submitted_by_institution,INS-0024,stated,,GIAN-NIDHI-R0439,[]
REL-2225,PRJ-0439,duplicate_of,PRJ-0302,probable,probable_duplicate (same title and team),GIAN-NIDHI-R0439,[]
REL-2226,PRJ-0439,has_participant,PER-GN-01045,stated,,GIAN-NIDHI-R0439,[]
REL-2227,PRJ-0439,has_participant,PER-GN-01046,stated,,GIAN-NIDHI-R0439,[]
REL-2228,PRJ-0439,has_participant,PER-GN-01047,stated,,GIAN-NIDHI-R0439,[]
REL-2229,PRJ-0439,has_participant,PER-GN-01445,stated,,GIAN-NIDHI-R0439,[]
REL-2230,PRJ-0440,submitted_by_institution,INS-0007,stated,,GIAN-NIDHI-R0440,[]
REL-2231,PRJ-0440,has_participant,PER-GN-01048,stated,,GIAN-NIDHI-R0440,[]
REL-2232,PRJ-0440,has_participant,PER-GN-01049,stated,,GIAN-NIDHI-R0440,[]
REL-2233,PRJ-0440,has_participant,PER-GN-01050,stated,,GIAN-NIDHI-R0440,[]
REL-2234,PRJ-0440,has_participant,PER-GN-01446,stated,,GIAN-NIDHI-R0440,[]
REL-2235,PRJ-0440,has_participant,PER-GN-01447,stated,,GIAN-NIDHI-R0440,[]
REL-2236,PRJ-0440,has_participant,PER-GN-01051,stated,,GIAN-NIDHI-R0440,[]
REL-2237,PRJ-0441,submitted_by_institution,INS-0091,stated,,GIAN-NIDHI-R0441,[]
REL-2238,PRJ-0441,duplicate_of,PRJ-0304,probable,probable_duplicate (same title and team),GIAN-NIDHI-R0441,[]
REL-2239,PRJ-0441,has_participant,PER-GN-01052,stated,,GIAN-NIDHI-R0441,[]
REL-2240,PRJ-0441,has_participant,PER-GN-01053,stated,,GIAN-NIDHI-R0441,[]
REL-2241,PRJ-0441,has_participant,PER-GN-01054,stated,,GIAN-NIDHI-R0441,[]
REL-2242,PRJ-0441,has_participant,PER-GN-01055,stated,,GIAN-NIDHI-R0441,[]
REL-2243,PRJ-0442,submitted_by_institution,INS-0073,stated,,GIAN-NIDHI-R0136,[]
REL-2244,PRJ-0442,duplicate_of,PRJ-0136,stated,exact_duplicate (same title and team),GIAN-NIDHI-R0136,[]
REL-2245,PRJ-0442,has_participant,PER-GN-00433,stated,,GIAN-NIDHI-R0136,[]
REL-2246,PRJ-0442,has_participant,PER-GN-00434,stated,,GIAN-NIDHI-R0136,[]
REL-2247,PRJ-0442,has_participant,PER-GN-00435,stated,,GIAN-NIDHI-R0136,[]
REL-2248,PRJ-0443,submitted_by_institution,INS-0029,stated,,GIAN-NIDHI-R0443,[]
REL-2249,PRJ-0443,duplicate_of,PRJ-0137,probable,probable_duplicate (same title and team),GIAN-NIDHI-R0443,[]
REL-2250,PRJ-0443,has_participant,PER-GN-00436,stated,,GIAN-NIDHI-R0443,[]
REL-2251,PRJ-0443,has_participant,PER-GN-00437,stated,,GIAN-NIDHI-R0443,[]
REL-2252,PRJ-0443,has_participant,PER-GN-00438,stated,,GIAN-NIDHI-R0443,[]
REL-2253,PRJ-0443,has_participant,PER-GN-01448,stated,,GIAN-NIDHI-R0443,[]
REL-2254,PRJ-0443,has_participant,PER-GN-00439,stated,,GIAN-NIDHI-R0443,[]
REL-2255,PRJ-0444,submitted_by_institution,INS-0019,stated,,GIAN-NIDHI-R0444,[]
REL-2256,PRJ-0444,has_participant,PER-GN-00440,stated,,GIAN-NIDHI-R0444,[]
REL-2257,PRJ-0444,has_participant,PER-GN-00441,stated,,GIAN-NIDHI-R0444,[]
REL-2258,PRJ-0444,has_participant,PER-GN-01449,stated,,GIAN-NIDHI-R0444,[]
REL-2259,PRJ-0444,has_participant,PER-GN-01450,stated,,GIAN-NIDHI-R0444,[]
REL-2260,PRJ-0444,has_participant,PER-GN-00442,stated,,GIAN-NIDHI-R0444,[]
REL-2261,PRJ-0445,submitted_by_institution,INS-0006,stated,,GIAN-NIDHI-R0445,[]
REL-2262,PRJ-0445,duplicate_of,PRJ-0139,probable,probable_duplicate (same title and team),GIAN-NIDHI-R0445,[]
REL-2263,PRJ-0445,has_participant,PER-GN-00444,stated,,GIAN-NIDHI-R0445,[]
REL-2264,PRJ-0445,has_participant,PER-GN-00445,stated,,GIAN-NIDHI-R0445,[]
REL-2265,PRJ-0445,has_participant,PER-GN-00446,stated,,GIAN-NIDHI-R0445,[]
REL-2266,PRJ-0445,has_participant,PER-GN-01451,stated,,GIAN-NIDHI-R0445,[]
REL-2267,PRJ-0445,has_participant,PER-GN-00447,stated,,GIAN-NIDHI-R0445,[]
REL-2268,PRJ-0445,has_participant,PER-GN-00448,stated,,GIAN-NIDHI-R0445,[]
REL-2269,PRJ-0446,submitted_by_institution,INS-0056,stated,,GIAN-NIDHI-R0140,[]
REL-2270,PRJ-0446,duplicate_of,PRJ-0140,stated,exact_duplicate (same title and team),GIAN-NIDHI-R0140,[]
REL-2271,PRJ-0446,has_participant,PER-GN-00449,stated,,GIAN-NIDHI-R0140,[]
REL-2272,PRJ-0446,has_participant,PER-GN-00450,stated,,GIAN-NIDHI-R0140,[]
REL-2273,PRJ-0446,has_participant,PER-GN-01452,stated,,GIAN-NIDHI-R0140,[]
REL-2274,PRJ-0446,has_participant,PER-GN-00451,stated,,GIAN-NIDHI-R0140,[]
REL-2275,PRJ-0447,submitted_by_institution,INS-0018,stated,,GIAN-NIDHI-R0447,[]
REL-2276,PRJ-0447,has_participant,PER-GN-00456,stated,,GIAN-NIDHI-R0447,[]
REL-2277,PRJ-0447,has_participant,PER-GN-00457,stated,,GIAN-NIDHI-R0447,[]
REL-2278,PRJ-0447,has_participant,PER-GN-01453,stated,,GIAN-NIDHI-R0447,[]
REL-2279,PRJ-0447,has_participant,PER-GN-01454,stated,,GIAN-NIDHI-R0447,[]
REL-2280,PRJ-0448,submitted_by_institution,INS-0087,stated,,GIAN-NIDHI-R0448,[]
REL-2281,PRJ-0448,has_participant,PER-GN-00460,stated,,GIAN-NIDHI-R0448,[]
REL-2282,PRJ-0448,has_participant,PER-GN-00461,stated,,GIAN-NIDHI-R0448,[]
REL-2283,PRJ-0448,has_participant,PER-GN-01455,stated,,GIAN-NIDHI-R0448,[]
REL-2284,PRJ-0449,submitted_by_institution,INS-0021,stated,,GIAN-NIDHI-R0449,[]
REL-2285,PRJ-0449,has_participant,PER-GN-00462,stated,,GIAN-NIDHI-R0449,[]
REL-2286,PRJ-0449,has_participant,PER-GN-00463,stated,,GIAN-NIDHI-R0449,[]
REL-2287,PRJ-0449,has_participant,PER-GN-00464,stated,,GIAN-NIDHI-R0449,[]
REL-2288,PRJ-0449,has_participant,PER-GN-00465,stated,,GIAN-NIDHI-R0449,[]
REL-2289,PRJ-0449,has_participant,PER-GN-01456,stated,,GIAN-NIDHI-R0449,[]
REL-2290,PRJ-0449,has_participant,PER-GN-01457,stated,,GIAN-NIDHI-R0449,[]
REL-2291,PRJ-0450,submitted_by_institution,INS-0004,stated,,GIAN-NIDHI-R0450,[]
REL-2292,PRJ-0450,has_participant,PER-GN-00467,stated,,GIAN-NIDHI-R0450,[]
REL-2293,PRJ-0450,has_participant,PER-GN-00468,stated,,GIAN-NIDHI-R0450,[]
REL-2294,PRJ-0450,has_participant,PER-GN-01458,stated,,GIAN-NIDHI-R0450,[]
REL-2295,PRJ-0450,has_participant,PER-GN-01459,stated,,GIAN-NIDHI-R0450,[]
REL-2296,PRJ-0450,has_participant,PER-GN-00468,stated,,GIAN-NIDHI-R0450,[]
REL-2297,PRJ-0450,has_participant,PER-GN-01458,stated,,GIAN-NIDHI-R0450,[]
REL-2298,PRJ-0450,has_participant,PER-GN-00470,stated,,GIAN-NIDHI-R0450,[]
REL-2299,PRJ-0451,submitted_by_institution,INS-0017,stated,,GIAN-NIDHI-R0313,[]
REL-2300,PRJ-0451,duplicate_of,PRJ-0313,stated,exact_duplicate (same title and team),GIAN-NIDHI-R0313,[]
REL-2301,PRJ-0451,has_participant,PER-GN-01088,stated,,GIAN-NIDHI-R0313,[]
REL-2302,PRJ-0451,has_participant,PER-GN-01089,stated,,GIAN-NIDHI-R0313,[]
REL-2303,PRJ-0451,has_participant,PER-GN-01090,stated,,GIAN-NIDHI-R0313,[]
REL-2304,PRJ-0451,has_participant,PER-GN-01460,stated,,GIAN-NIDHI-R0313,[]
REL-2305,PRJ-0451,has_participant,PER-GN-01091,stated,,GIAN-NIDHI-R0313,[]
REL-2306,PRJ-0452,submitted_by_institution,INS-0019,stated,,GIAN-NIDHI-R0452,[]
REL-2307,PRJ-0452,has_participant,PER-GN-01092,stated,,GIAN-NIDHI-R0452,[]
REL-2308,PRJ-0452,has_participant,PER-GN-01094,stated,,GIAN-NIDHI-R0452,[]
REL-2309,PRJ-0452,has_participant,PER-GN-01461,stated,,GIAN-NIDHI-R0452,[]
REL-2310,PRJ-0452,has_participant,PER-GN-01096,stated,,GIAN-NIDHI-R0452,[]
REL-2311,PRJ-0452,has_participant,PER-GN-01093,stated,,GIAN-NIDHI-R0452,[]
REL-2312,PRJ-0452,has_participant,PER-GN-01097,stated,,GIAN-NIDHI-R0452,[]
REL-2313,PRJ-0453,submitted_by_institution,INS-0020,stated,,GIAN-NIDHI-R0316,[]
REL-2314,PRJ-0453,duplicate_of,PRJ-0316,stated,exact_duplicate (same title and team),GIAN-NIDHI-R0316,[]
REL-2315,PRJ-0453,has_participant,PER-GN-01102,stated,,GIAN-NIDHI-R0316,[]
REL-2316,PRJ-0453,has_participant,PER-GN-01104,stated,,GIAN-NIDHI-R0316,[]
REL-2317,PRJ-0453,has_participant,PER-GN-01105,stated,,GIAN-NIDHI-R0316,[]
REL-2318,PRJ-0453,has_participant,PER-GN-01103,stated,,GIAN-NIDHI-R0316,[]
REL-2319,PRJ-0454,submitted_by_institution,INS-0013,stated,,GIAN-NIDHI-R0317,[]
REL-2320,PRJ-0454,duplicate_of,PRJ-0317,stated,exact_duplicate (same title and team),GIAN-NIDHI-R0317,[]
REL-2321,PRJ-0454,has_participant,PER-GN-01106,stated,,GIAN-NIDHI-R0317,[]
REL-2322,PRJ-0454,has_participant,PER-GN-01107,stated,,GIAN-NIDHI-R0317,[]
REL-2323,PRJ-0454,has_participant,PER-GN-01108,stated,,GIAN-NIDHI-R0317,[]
REL-2324,PRJ-0454,has_participant,PER-GN-01109,stated,,GIAN-NIDHI-R0317,[]
REL-2325,PRJ-0455,submitted_by_institution,INS-0004,stated,,GIAN-NIDHI-R0318,[]
REL-2326,PRJ-0455,duplicate_of,PRJ-0318,stated,exact_duplicate (same title and team),GIAN-NIDHI-R0318,[]
REL-2327,PRJ-0455,has_participant,PER-GN-01110,stated,,GIAN-NIDHI-R0318,[]
REL-2328,PRJ-0455,has_participant,PER-GN-01111,stated,,GIAN-NIDHI-R0318,[]
REL-2329,PRJ-0455,has_participant,PER-GN-01112,stated,,GIAN-NIDHI-R0318,[]
REL-2330,PRJ-0456,submitted_by_institution,INS-0025,stated,,GIAN-NIDHI-R0456,[]
REL-2331,PRJ-0456,has_participant,PER-GN-01113,stated,,GIAN-NIDHI-R0456,[]
REL-2332,PRJ-0456,has_participant,PER-GN-01115,stated,,GIAN-NIDHI-R0456,[]
REL-2333,PRJ-0456,has_participant,PER-GN-01462,stated,,GIAN-NIDHI-R0456,[]
REL-2334,PRJ-0456,has_participant,PER-GN-01114,stated,,GIAN-NIDHI-R0456,[]
REL-2335,PRJ-0456,has_participant,PER-GN-01117,stated,,GIAN-NIDHI-R0456,[]
REL-2336,PRJ-0457,submitted_by_institution,INS-0084,stated,,GIAN-NIDHI-R0457,[]
REL-2337,PRJ-0457,has_participant,PER-GN-01123,stated,,GIAN-NIDHI-R0457,[]
REL-2338,PRJ-0457,has_participant,PER-GN-01126,stated,,GIAN-NIDHI-R0457,[]
REL-2339,PRJ-0457,has_participant,PER-GN-01125,stated,,GIAN-NIDHI-R0457,[]
REL-2340,PRJ-0457,has_participant,PER-GN-01463,stated,,GIAN-NIDHI-R0457,[]
REL-2341,PRJ-0457,has_participant,PER-GN-01464,stated,,GIAN-NIDHI-R0457,[]
REL-2342,PRJ-0458,submitted_by_institution,INS-0075,stated,,GIAN-NIDHI-R0458,[]
REL-2343,PRJ-0458,has_participant,PER-GN-01132,stated,,GIAN-NIDHI-R0458,[]
REL-2344,PRJ-0458,has_participant,PER-GN-01134,stated,,GIAN-NIDHI-R0458,[]
REL-2345,PRJ-0458,has_participant,PER-GN-01465,stated,,GIAN-NIDHI-R0458,[]
REL-2346,PRJ-0458,has_participant,PER-GN-01133,stated,,GIAN-NIDHI-R0458,[]
REL-2347,PRJ-0458,has_participant,PER-GN-01136,stated,,GIAN-NIDHI-R0458,[]
REL-2348,PRJ-0459,submitted_by_institution,INS-0012,stated,,GIAN-NIDHI-R0459,[]
REL-2349,PRJ-0459,has_participant,PER-GN-01148,stated,,GIAN-NIDHI-R0459,[]
REL-2350,PRJ-0459,has_participant,PER-GN-01150,stated,,GIAN-NIDHI-R0459,[]
REL-2351,PRJ-0459,has_participant,PER-GN-01466,stated,,GIAN-NIDHI-R0459,[]
REL-2352,PRJ-0459,has_participant,PER-GN-01149,stated,,GIAN-NIDHI-R0459,[]
REL-2353,PRJ-0459,has_participant,PER-GN-01152,stated,,GIAN-NIDHI-R0459,[]
REL-2354,PRJ-0460,submitted_by_institution,INS-0035,stated,,GIAN-NIDHI-R0327,[]
REL-2355,PRJ-0460,duplicate_of,PRJ-0327,stated,exact_duplicate (same title and team),GIAN-NIDHI-R0327,[]
REL-2356,PRJ-0460,has_participant,PER-GN-01155,stated,,GIAN-NIDHI-R0327,[]
REL-2357,PRJ-0460,has_participant,PER-GN-01154,stated,,GIAN-NIDHI-R0327,[]
REL-2358,PRJ-0460,has_participant,PER-GN-01153,stated,,GIAN-NIDHI-R0327,[]
REL-2359,PRJ-0461,submitted_by_institution,INS-0047,stated,,GIAN-NIDHI-R0328,[]
REL-2360,PRJ-0461,duplicate_of,PRJ-0328,stated,exact_duplicate (same title and team),GIAN-NIDHI-R0328,[]
REL-2361,PRJ-0461,has_participant,PER-GN-01156,stated,,GIAN-NIDHI-R0328,[]
REL-2362,PRJ-0461,has_participant,PER-GN-01158,stated,,GIAN-NIDHI-R0328,[]
REL-2363,PRJ-0461,has_participant,PER-GN-01159,stated,,GIAN-NIDHI-R0328,[]
REL-2364,PRJ-0461,has_participant,PER-GN-01157,stated,,GIAN-NIDHI-R0328,[]
REL-2365,PRJ-0461,has_participant,PER-GN-01160,stated,,GIAN-NIDHI-R0328,[]
REL-2366,PRJ-0462,submitted_by_institution,INS-0018,stated,,GIAN-NIDHI-R0462,[]
REL-2367,PRJ-0462,has_participant,PER-GN-01163,stated,,GIAN-NIDHI-R0462,[]
REL-2368,PRJ-0462,has_participant,PER-GN-01162,stated,,GIAN-NIDHI-R0462,[]
REL-2369,PRJ-0462,has_participant,PER-GN-01161,stated,,GIAN-NIDHI-R0462,[]
REL-2370,PRJ-0462,has_participant,PER-GN-01467,stated,,GIAN-NIDHI-R0462,[]
REL-2371,PRJ-0462,has_participant,PER-GN-01468,stated,,GIAN-NIDHI-R0462,[]
REL-2372,PRJ-0462,has_participant,PER-GN-01469,stated,,GIAN-NIDHI-R0462,[]
REL-2373,PRJ-0463,submitted_by_institution,INS-0006,stated,,GIAN-NIDHI-R0330,[]
REL-2374,PRJ-0463,duplicate_of,PRJ-0330,stated,exact_duplicate (same title and team),GIAN-NIDHI-R0330,[]
REL-2375,PRJ-0463,has_participant,PER-GN-01164,stated,,GIAN-NIDHI-R0330,[]
REL-2376,PRJ-0463,has_participant,PER-GN-01166,stated,,GIAN-NIDHI-R0330,[]
REL-2377,PRJ-0463,has_participant,PER-GN-01167,stated,,GIAN-NIDHI-R0330,[]
REL-2378,PRJ-0463,has_participant,PER-GN-01165,stated,,GIAN-NIDHI-R0330,[]
REL-2379,PRJ-0463,has_participant,PER-GN-01168,stated,,GIAN-NIDHI-R0330,[]
REL-2380,PRJ-0464,submitted_by_institution,INS-0015,stated,,GIAN-NIDHI-R0464,[]
REL-2381,PRJ-0464,duplicate_of,PRJ-0331,probable,probable_duplicate (same title and team),GIAN-NIDHI-R0464,[]
REL-2382,PRJ-0464,has_participant,PER-GN-01169,stated,,GIAN-NIDHI-R0464,[]
REL-2383,PRJ-0464,has_participant,PER-GN-01171,stated,,GIAN-NIDHI-R0464,[]
REL-2384,PRJ-0464,has_participant,PER-GN-01170,stated,,GIAN-NIDHI-R0464,[]
REL-2385,PRJ-0464,has_participant,PER-GN-01470,stated,,GIAN-NIDHI-R0464,[]
REL-2386,PRJ-0465,submitted_by_institution,INS-0031,stated,,GIAN-NIDHI-R0465,[]
REL-2387,PRJ-0465,duplicate_of,PRJ-0332,probable,probable_duplicate (same title and team),GIAN-NIDHI-R0465,[]
REL-2388,PRJ-0465,has_participant,PER-GN-01172,stated,,GIAN-NIDHI-R0465,[]
REL-2389,PRJ-0465,has_participant,PER-GN-01175,stated,,GIAN-NIDHI-R0465,[]
REL-2390,PRJ-0465,has_participant,PER-GN-01173,stated,,GIAN-NIDHI-R0465,[]
REL-2391,PRJ-0465,has_participant,PER-GN-01174,stated,,GIAN-NIDHI-R0465,[]
REL-2392,PRJ-0466,submitted_by_institution,INS-0008,stated,,GIAN-NIDHI-R0466,[]
REL-2393,PRJ-0466,has_participant,PER-GN-01176,stated,,GIAN-NIDHI-R0466,[]
REL-2394,PRJ-0466,has_participant,PER-GN-01178,stated,,GIAN-NIDHI-R0466,[]
REL-2395,PRJ-0466,has_participant,PER-GN-01177,stated,,GIAN-NIDHI-R0466,[]
REL-2396,PRJ-0466,has_participant,PER-GN-01471,stated,,GIAN-NIDHI-R0466,[]
REL-2397,PRJ-0467,submitted_by_institution,INS-0021,stated,,GIAN-NIDHI-R0467,[]
REL-2398,PRJ-0467,has_participant,PER-GN-01181,stated,,GIAN-NIDHI-R0467,[]
REL-2399,PRJ-0467,has_participant,PER-GN-01185,stated,,GIAN-NIDHI-R0467,[]
REL-2400,PRJ-0467,has_participant,PER-GN-01186,stated,,GIAN-NIDHI-R0467,[]
REL-2401,PRJ-0467,has_participant,PER-GN-01472,stated,,GIAN-NIDHI-R0467,[]
REL-2402,PRJ-0467,has_participant,PER-GN-01184,stated,,GIAN-NIDHI-R0467,[]
REL-2403,PRJ-0467,has_participant,PER-GN-01183,stated,,GIAN-NIDHI-R0467,[]
REL-2404,PRJ-0468,submitted_by_institution,INS-0014,stated,,GIAN-NIDHI-R0337,[]
REL-2405,PRJ-0468,duplicate_of,PRJ-0337,stated,exact_duplicate (same title and team),GIAN-NIDHI-R0337,[]
REL-2406,PRJ-0468,has_participant,PER-GN-01193,stated,,GIAN-NIDHI-R0337,[]
REL-2407,PRJ-0468,has_participant,PER-GN-01194,stated,,GIAN-NIDHI-R0337,[]
REL-2408,PRJ-0468,has_participant,PER-GN-01195,stated,,GIAN-NIDHI-R0337,[]
REL-2409,PRJ-0468,has_participant,PER-GN-01196,stated,,GIAN-NIDHI-R0337,[]
REL-2410,PRJ-0469,submitted_by_institution,INS-0007,stated,,GIAN-NIDHI-R0339,[]
REL-2411,PRJ-0469,duplicate_of,PRJ-0339,stated,exact_duplicate (same title and team),GIAN-NIDHI-R0339,[]
REL-2412,PRJ-0469,has_participant,PER-GN-01200,stated,,GIAN-NIDHI-R0339,[]
REL-2413,PRJ-0469,has_participant,PER-GN-01202,stated,,GIAN-NIDHI-R0339,[]
REL-2414,PRJ-0469,has_participant,PER-GN-01203,stated,,GIAN-NIDHI-R0339,[]
REL-2415,PRJ-0469,has_participant,PER-GN-01201,stated,,GIAN-NIDHI-R0339,[]
REL-2416,PRJ-0470,submitted_by_institution,INS-0003,stated,,GIAN-NIDHI-R0470,[]
REL-2417,PRJ-0470,has_participant,PER-GN-01204,stated,,GIAN-NIDHI-R0470,[]
REL-2418,PRJ-0470,has_participant,PER-GN-01473,stated,,GIAN-NIDHI-R0470,[]
REL-2419,PRJ-0470,has_participant,PER-GN-01207,stated,,GIAN-NIDHI-R0470,[]
REL-2420,PRJ-0470,has_participant,PER-GN-01205,stated,,GIAN-NIDHI-R0470,[]
REL-2421,PRJ-0471,submitted_by_institution,INS-0049,stated,,GIAN-NIDHI-R0471,[]
REL-2422,PRJ-0471,duplicate_of,PRJ-0341,probable,probable_duplicate (same title and team),GIAN-NIDHI-R0471,[]
REL-2423,PRJ-0471,has_participant,PER-GN-01208,stated,,GIAN-NIDHI-R0471,[]
REL-2424,PRJ-0471,has_participant,PER-GN-01209,stated,,GIAN-NIDHI-R0471,[]
REL-2425,PRJ-0472,submitted_by_institution,INS-0026,stated,,GIAN-NIDHI-R0342,[]
REL-2426,PRJ-0472,duplicate_of,PRJ-0342,stated,exact_duplicate (same title and team),GIAN-NIDHI-R0342,[]
REL-2427,PRJ-0472,has_participant,PER-GN-01210,stated,,GIAN-NIDHI-R0342,[]
REL-2428,PRJ-0472,has_participant,PER-GN-01211,stated,,GIAN-NIDHI-R0342,[]
REL-2429,PRJ-0472,has_participant,PER-GN-01212,stated,,GIAN-NIDHI-R0342,[]
REL-2430,PRJ-0473,submitted_by_institution,INS-0016,stated,,GIAN-NIDHI-R0473,[]
REL-2431,PRJ-0473,duplicate_of,PRJ-0149,probable,probable_duplicate (same title and team),GIAN-NIDHI-R0473,[]
REL-2432,PRJ-0473,has_participant,PER-GN-00485,stated,,GIAN-NIDHI-R0473,[]
REL-2433,PRJ-0473,has_participant,PER-GN-00486,stated,,GIAN-NIDHI-R0473,[]
REL-2434,PRJ-0473,has_participant,PER-GN-00487,stated,,GIAN-NIDHI-R0473,[]
REL-2435,PRJ-0473,has_participant,PER-GN-00488,stated,,GIAN-NIDHI-R0473,[]
REL-2436,PRJ-0474,submitted_by_institution,INS-0006,stated,,GIAN-NIDHI-R0474,[]
REL-2437,PRJ-0474,duplicate_of,PRJ-0150,probable,probable_duplicate (same title and team),GIAN-NIDHI-R0474,[]
REL-2438,PRJ-0474,has_participant,PER-GN-00489,stated,,GIAN-NIDHI-R0474,[]
REL-2439,PRJ-0474,has_participant,PER-GN-00490,stated,,GIAN-NIDHI-R0474,[]
REL-2440,PRJ-0474,has_participant,PER-GN-00491,stated,,GIAN-NIDHI-R0474,[]
REL-2441,PRJ-0475,submitted_by_institution,INS-0015,stated,,GIAN-NIDHI-R0475,[]
REL-2442,PRJ-0475,duplicate_of,PRJ-0151,probable,probable_duplicate (same title and team),GIAN-NIDHI-R0475,[]
REL-2443,PRJ-0475,has_participant,PER-GN-00492,stated,,GIAN-NIDHI-R0475,[]
REL-2444,PRJ-0475,has_participant,PER-GN-00493,stated,,GIAN-NIDHI-R0475,[]
REL-2445,PRJ-0475,has_participant,PER-GN-00494,stated,,GIAN-NIDHI-R0475,[]
REL-2446,PRJ-0475,has_participant,PER-GN-00496,stated,,GIAN-NIDHI-R0475,[]
REL-2447,PRJ-0476,submitted_by_institution,INS-0008,stated,,GIAN-NIDHI-R0476,[]
REL-2448,PRJ-0476,duplicate_of,PRJ-0156,probable,probable_duplicate (same title and team),GIAN-NIDHI-R0476,[]
REL-2449,PRJ-0476,has_participant,PER-GN-00497,stated,,GIAN-NIDHI-R0476,[]
REL-2450,PRJ-0476,has_participant,PER-GN-00498,stated,,GIAN-NIDHI-R0476,[]
REL-2451,PRJ-0476,has_participant,PER-GN-00499,stated,,GIAN-NIDHI-R0476,[]
REL-2452,PRJ-0476,has_participant,PER-GN-00500,stated,,GIAN-NIDHI-R0476,[]
REL-2453,PRJ-0476,has_participant,PER-GN-00501,stated,,GIAN-NIDHI-R0476,[]
REL-2454,PRJ-0477,submitted_by_institution,INS-0055,stated,,GIAN-NIDHI-R0477,[]
REL-2455,PRJ-0477,has_participant,PER-GN-00502,stated,,GIAN-NIDHI-R0477,[]
REL-2456,PRJ-0477,has_participant,PER-GN-00503,stated,,GIAN-NIDHI-R0477,[]
REL-2457,PRJ-0477,has_participant,PER-GN-00504,stated,,GIAN-NIDHI-R0477,[]
REL-2458,PRJ-0477,has_participant,PER-GN-00505,stated,,GIAN-NIDHI-R0477,[]
REL-2459,PRJ-0478,submitted_by_institution,INS-0021,stated,,GIAN-NIDHI-R0478,[]
REL-2460,PRJ-0478,duplicate_of,PRJ-0159,probable,probable_duplicate (same title and team),GIAN-NIDHI-R0478,[]
REL-2461,PRJ-0478,has_participant,PER-GN-00508,stated,,GIAN-NIDHI-R0478,[]
REL-2462,PRJ-0478,has_participant,PER-GN-00509,stated,,GIAN-NIDHI-R0478,[]
REL-2463,PRJ-0478,has_participant,PER-GN-00510,stated,,GIAN-NIDHI-R0478,[]
REL-2464,PRJ-0478,has_participant,PER-GN-00511,stated,,GIAN-NIDHI-R0478,[]
REL-2465,PRJ-0478,has_participant,PER-GN-00512,stated,,GIAN-NIDHI-R0478,[]
REL-2466,PRJ-0478,has_participant,PER-GN-00513,stated,,GIAN-NIDHI-R0478,[]
REL-2467,PRJ-0479,submitted_by_institution,INS-0046,stated,,GIAN-NIDHI-R0479,[]
REL-2468,PRJ-0479,duplicate_of,PRJ-0160,probable,probable_duplicate (same title and team),GIAN-NIDHI-R0479,[]
REL-2469,PRJ-0479,has_participant,PER-GN-00514,stated,,GIAN-NIDHI-R0479,[]
REL-2470,PRJ-0479,has_participant,PER-GN-00515,stated,,GIAN-NIDHI-R0479,[]
REL-2471,PRJ-0479,has_participant,PER-GN-00516,stated,,GIAN-NIDHI-R0479,[]
REL-2472,PRJ-0479,has_participant,PER-GN-00517,stated,,GIAN-NIDHI-R0479,[]
REL-2473,PRJ-0479,has_participant,PER-GN-00518,stated,,GIAN-NIDHI-R0479,[]
REL-2474,PRJ-0480,submitted_by_institution,INS-0122,stated,,GIAN-NIDHI-R0480,[]
REL-2475,PRJ-0480,has_participant,PER-GN-01474,stated,,GIAN-NIDHI-R0480,[]
REL-2476,PRJ-0480,has_participant,PER-GN-01475,stated,,GIAN-NIDHI-R0480,[]
REL-2477,PRJ-0480,has_participant,PER-GN-01476,stated,,GIAN-NIDHI-R0480,[]
REL-2478,PRJ-0480,has_participant,PER-GN-01477,stated,,GIAN-NIDHI-R0480,[]
REL-2479,PRJ-0481,submitted_by_institution,INS-0022,stated,,GIAN-NIDHI-R0161,[]
REL-2480,PRJ-0481,duplicate_of,PRJ-0161,stated,exact_duplicate (same title and team),GIAN-NIDHI-R0161,[]
REL-2481,PRJ-0481,has_participant,PER-GN-00519,stated,,GIAN-NIDHI-R0161,[]
REL-2482,PRJ-0481,has_participant,PER-GN-00520,stated,,GIAN-NIDHI-R0161,[]
REL-2483,PRJ-0481,has_participant,PER-GN-00521,stated,,GIAN-NIDHI-R0161,[]
REL-2484,PRJ-0481,has_participant,PER-GN-00522,stated,,GIAN-NIDHI-R0161,[]
REL-2485,PRJ-0481,has_participant,PER-GN-00523,stated,,GIAN-NIDHI-R0161,[]
REL-2486,PRJ-0481,has_participant,PER-GN-00524,stated,,GIAN-NIDHI-R0161,[]
REL-2487,PRJ-0482,submitted_by_institution,INS-0129,stated,,GIAN-NIDHI-R0482,[]
REL-2488,PRJ-0482,has_participant,PER-GN-01478,stated,,GIAN-NIDHI-R0482,[]
REL-2489,PRJ-0482,has_participant,PER-GN-01479,stated,,GIAN-NIDHI-R0482,[]
REL-2490,PRJ-0482,has_participant,PER-GN-01480,stated,,GIAN-NIDHI-R0482,[]
REL-2491,PRJ-0482,has_participant,PER-GN-01481,stated,,GIAN-NIDHI-R0482,[]
REL-2492,PRJ-0483,submitted_by_institution,INS-0097,stated,,GIAN-NIDHI-R0483,[]
REL-2493,PRJ-0483,duplicate_of,PRJ-0163,probable,probable_duplicate (same title and team),GIAN-NIDHI-R0483,[]
REL-2494,PRJ-0483,has_participant,PER-GN-00529,stated,,GIAN-NIDHI-R0483,[]
REL-2495,PRJ-0483,has_participant,PER-GN-00530,stated,,GIAN-NIDHI-R0483,[]
REL-2496,PRJ-0483,has_participant,PER-GN-00531,stated,,GIAN-NIDHI-R0483,[]
REL-2497,PRJ-0483,has_participant,PER-GN-00532,stated,,GIAN-NIDHI-R0483,[]
REL-2498,PRJ-0483,has_participant,PER-GN-00533,stated,,GIAN-NIDHI-R0483,[]
REL-2499,PRJ-0484,submitted_by_institution,INS-0074,stated,,GIAN-NIDHI-R0164,[]
REL-2500,PRJ-0484,duplicate_of,PRJ-0164,stated,exact_duplicate (same title and team),GIAN-NIDHI-R0164,[]
REL-2501,PRJ-0484,has_participant,PER-GN-00534,stated,,GIAN-NIDHI-R0164,[]
REL-2502,PRJ-0484,has_participant,PER-GN-00535,stated,,GIAN-NIDHI-R0164,[]
REL-2503,PRJ-0484,has_participant,PER-GN-00536,stated,,GIAN-NIDHI-R0164,[]
REL-2504,PRJ-0484,has_participant,PER-GN-00537,stated,,GIAN-NIDHI-R0164,[]
REL-2505,PRJ-0485,submitted_by_institution,INS-0013,stated,,GIAN-NIDHI-R0485,[]
REL-2506,PRJ-0485,duplicate_of,PRJ-0165,probable,probable_duplicate (same title and team),GIAN-NIDHI-R0485,[]
REL-2507,PRJ-0485,has_participant,PER-GN-00538,stated,,GIAN-NIDHI-R0485,[]
REL-2508,PRJ-0485,has_participant,PER-GN-00539,stated,,GIAN-NIDHI-R0485,[]
REL-2509,PRJ-0485,has_participant,PER-GN-00540,stated,,GIAN-NIDHI-R0485,[]
REL-2510,PRJ-0485,has_participant,PER-GN-00541,stated,,GIAN-NIDHI-R0485,[]
REL-2511,PRJ-0486,submitted_by_institution,INS-0070,stated,,GIAN-NIDHI-R0486,[]
REL-2512,PRJ-0486,duplicate_of,PRJ-0166,probable,probable_duplicate (same title and team),GIAN-NIDHI-R0486,[]
REL-2513,PRJ-0486,has_participant,PER-GN-00542,stated,,GIAN-NIDHI-R0486,[]
REL-2514,PRJ-0486,has_participant,PER-GN-00543,stated,,GIAN-NIDHI-R0486,[]
REL-2515,PRJ-0486,has_participant,PER-GN-00544,stated,,GIAN-NIDHI-R0486,[]
REL-2516,PRJ-0486,has_participant,PER-GN-00545,stated,,GIAN-NIDHI-R0486,[]
REL-2517,PRJ-0487,submitted_by_institution,INS-0110,stated,,GIAN-NIDHI-R0487,[]
REL-2518,PRJ-0487,has_participant,PER-GN-01482,stated,,GIAN-NIDHI-R0487,[]
REL-2519,PRJ-0487,has_participant,PER-GN-01483,stated,,GIAN-NIDHI-R0487,[]
REL-2520,PRJ-0487,has_participant,PER-GN-01484,stated,,GIAN-NIDHI-R0487,[]
REL-2521,PRJ-0487,has_participant,PER-GN-01485,stated,,GIAN-NIDHI-R0487,[]
REL-2522,PRJ-0487,has_participant,PER-GN-01486,stated,,GIAN-NIDHI-R0487,[]
REL-2523,PRJ-0488,submitted_by_institution,INS-0014,stated,,GIAN-NIDHI-R0488,[]
REL-2524,PRJ-0488,duplicate_of,PRJ-0168,probable,probable_duplicate (same title and team),GIAN-NIDHI-R0488,[]
REL-2525,PRJ-0488,has_participant,PER-GN-01487,stated,,GIAN-NIDHI-R0488,[]
REL-2526,PRJ-0488,has_participant,PER-GN-01488,stated,,GIAN-NIDHI-R0488,[]
REL-2527,PRJ-0488,has_participant,PER-GN-01489,stated,,GIAN-NIDHI-R0488,[]
REL-2528,PRJ-0488,has_participant,PER-GN-01490,stated,,GIAN-NIDHI-R0488,[]
REL-2529,PRJ-0489,submitted_by_institution,INS-0152,stated,,GIAN-NIDHI-R0489,[]
REL-2530,PRJ-0489,duplicate_of,PRJ-0170,probable,probable_duplicate (same title and team),GIAN-NIDHI-R0489,[]
REL-2531,PRJ-0489,has_participant,PER-GN-01491,stated,,GIAN-NIDHI-R0489,[]
REL-2532,PRJ-0489,has_participant,PER-GN-01492,stated,,GIAN-NIDHI-R0489,[]
REL-2533,PRJ-0489,has_participant,PER-GN-01493,stated,,GIAN-NIDHI-R0489,[]
REL-2534,PRJ-0490,submitted_by_institution,INS-0100,stated,,GIAN-NIDHI-R0490,[]
REL-2535,PRJ-0490,duplicate_of,PRJ-0171,probable,probable_duplicate (same title and team),GIAN-NIDHI-R0490,[]
REL-2536,PRJ-0490,has_participant,PER-GN-01494,stated,,GIAN-NIDHI-R0490,[]
REL-2537,PRJ-0490,has_participant,PER-GN-01495,stated,,GIAN-NIDHI-R0490,[]
REL-2538,PRJ-0490,has_participant,PER-GN-01496,stated,,GIAN-NIDHI-R0490,[]
REL-2539,PRJ-0491,submitted_by_institution,INS-0003,stated,,GIAN-NIDHI-R0491,[]
REL-2540,PRJ-0491,duplicate_of,PRJ-0172,probable,probable_duplicate (same title and team),GIAN-NIDHI-R0491,[]
REL-2541,PRJ-0491,has_participant,PER-GN-01497,stated,,GIAN-NIDHI-R0491,[]
REL-2542,PRJ-0491,has_participant,PER-GN-01498,stated,,GIAN-NIDHI-R0491,[]
REL-2543,PRJ-0491,has_participant,PER-GN-01499,stated,,GIAN-NIDHI-R0491,[]
REL-2544,PRJ-0491,has_participant,PER-GN-01500,stated,,GIAN-NIDHI-R0491,[]
REL-2545,PRJ-0492,submitted_by_institution,INS-0155,stated,,GIAN-NIDHI-R0492,[]
REL-2546,PRJ-0492,duplicate_of,PRJ-0173,probable,probable_duplicate (same title and team),GIAN-NIDHI-R0492,[]
REL-2547,PRJ-0492,has_participant,PER-GN-01501,stated,,GIAN-NIDHI-R0492,[]
REL-2548,PRJ-0492,has_participant,PER-GN-01502,stated,,GIAN-NIDHI-R0492,[]
REL-2549,PRJ-0493,submitted_by_institution,INS-0023,stated,,GIAN-NIDHI-R0493,[]
REL-2550,PRJ-0493,duplicate_of,PRJ-0174,probable,probable_duplicate (same title and team),GIAN-NIDHI-R0493,[]
REL-2551,PRJ-0493,has_participant,PER-GN-01503,stated,,GIAN-NIDHI-R0493,[]
REL-2552,PRJ-0493,has_participant,PER-GN-01504,stated,,GIAN-NIDHI-R0493,[]
REL-2553,PRJ-0493,has_participant,PER-GN-01505,stated,,GIAN-NIDHI-R0493,[]
REL-2554,PRJ-0493,has_participant,PER-GN-01506,stated,,GIAN-NIDHI-R0493,[]
REL-2555,PRJ-0494,submitted_by_institution,INS-0012,stated,,GIAN-NIDHI-R0494,[]
REL-2556,PRJ-0494,duplicate_of,PRJ-0175,probable,probable_duplicate (same title and team),GIAN-NIDHI-R0494,[]
REL-2557,PRJ-0494,has_participant,PER-GN-01507,stated,,GIAN-NIDHI-R0494,[]
REL-2558,PRJ-0494,has_participant,PER-GN-01508,stated,,GIAN-NIDHI-R0494,[]
REL-2559,PRJ-0494,has_participant,PER-GN-01509,stated,,GIAN-NIDHI-R0494,[]
REL-2560,PRJ-0494,has_participant,PER-GN-01510,stated,,GIAN-NIDHI-R0494,[]
REL-2561,PRJ-0495,submitted_by_institution,INS-0095,stated,,GIAN-NIDHI-R0495,[]
REL-2562,PRJ-0495,has_participant,PER-GN-00717,stated,,GIAN-NIDHI-R0495,[]
REL-2563,PRJ-0495,has_participant,PER-GN-00718,stated,,GIAN-NIDHI-R0495,[]
REL-2564,PRJ-0495,has_participant,PER-GN-00719,stated,,GIAN-NIDHI-R0495,[]
REL-2565,PRJ-0495,has_participant,PER-GN-00720,stated,,GIAN-NIDHI-R0495,[]
REL-2566,PRJ-0496,submitted_by_institution,INS-0020,stated,,GIAN-NIDHI-R0496,[]
REL-2567,PRJ-0496,has_participant,PER-GN-00721,stated,,GIAN-NIDHI-R0496,[]
REL-2568,PRJ-0496,has_participant,PER-GN-00722,stated,,GIAN-NIDHI-R0496,[]
REL-2569,PRJ-0496,has_participant,PER-GN-00723,stated,,GIAN-NIDHI-R0496,[]
REL-2570,PRJ-0496,has_participant,PER-GN-00724,stated,,GIAN-NIDHI-R0496,[]
REL-2571,PRJ-0497,submitted_by_institution,INS-0022,stated,,GIAN-NIDHI-R0210,[]
REL-2572,PRJ-0497,duplicate_of,PRJ-0210,stated,exact_duplicate (same title and team),GIAN-NIDHI-R0210,[]
REL-2573,PRJ-0497,has_participant,PER-GN-00725,stated,,GIAN-NIDHI-R0210,[]
REL-2574,PRJ-0497,has_participant,PER-GN-00726,stated,,GIAN-NIDHI-R0210,[]
REL-2575,PRJ-0497,has_participant,PER-GN-00727,stated,,GIAN-NIDHI-R0210,[]
REL-2576,PRJ-0497,has_participant,PER-GN-00728,stated,,GIAN-NIDHI-R0210,[]
REL-2577,PRJ-0497,has_participant,PER-GN-00729,stated,,GIAN-NIDHI-R0210,[]
REL-2578,PRJ-0497,has_participant,PER-GN-00730,stated,,GIAN-NIDHI-R0210,[]
REL-2579,PRJ-0497,has_participant,PER-GN-00731,stated,,GIAN-NIDHI-R0210,[]
REL-2580,PRJ-0498,submitted_by_institution,INS-0008,stated,,GIAN-NIDHI-R0211,[]
REL-2581,PRJ-0498,duplicate_of,PRJ-0211,stated,exact_duplicate (same title and team),GIAN-NIDHI-R0211,[]
REL-2582,PRJ-0498,has_participant,PER-GN-00732,stated,,GIAN-NIDHI-R0211,[]
REL-2583,PRJ-0498,has_participant,PER-GN-00733,stated,,GIAN-NIDHI-R0211,[]
REL-2584,PRJ-0498,has_participant,PER-GN-00734,stated,,GIAN-NIDHI-R0211,[]
REL-2585,PRJ-0498,has_participant,PER-GN-00735,stated,,GIAN-NIDHI-R0211,[]
REL-2586,PRJ-0498,has_participant,PER-GN-00736,stated,,GIAN-NIDHI-R0211,[]
REL-2587,PRJ-0498,has_participant,PER-GN-00737,stated,,GIAN-NIDHI-R0211,[]
REL-2588,PRJ-0499,submitted_by_institution,INS-0004,stated,,GIAN-NIDHI-R0214,[]
REL-2589,PRJ-0499,duplicate_of,PRJ-0214,stated,exact_duplicate (same title and team),GIAN-NIDHI-R0214,[]
REL-2590,PRJ-0499,has_participant,PER-GN-00745,stated,,GIAN-NIDHI-R0214,[]
REL-2591,PRJ-0499,has_participant,PER-GN-00746,stated,,GIAN-NIDHI-R0214,[]
REL-2592,PRJ-0499,has_participant,PER-GN-00747,stated,,GIAN-NIDHI-R0214,[]
REL-2593,PRJ-0499,has_participant,PER-GN-00748,stated,,GIAN-NIDHI-R0214,[]
REL-2594,PRJ-0500,submitted_by_institution,INS-0092,stated,,GIAN-NIDHI-R0215,[]
REL-2595,PRJ-0500,duplicate_of,PRJ-0215,stated,exact_duplicate (same title and team),GIAN-NIDHI-R0215,[]
REL-2596,PRJ-0500,has_participant,PER-GN-00749,stated,,GIAN-NIDHI-R0215,[]
REL-2597,PRJ-0501,submitted_by_institution,INS-0077,stated,,GIAN-NIDHI-R0216,[]
REL-2598,PRJ-0501,duplicate_of,PRJ-0216,stated,exact_duplicate (same title and team),GIAN-NIDHI-R0216,[]
REL-2599,PRJ-0501,has_participant,PER-GN-00750,stated,,GIAN-NIDHI-R0216,[]
REL-2600,PRJ-0502,submitted_by_institution,INS-0063,stated,,GIAN-NIDHI-R0217,[]
REL-2601,PRJ-0502,duplicate_of,PRJ-0217,stated,exact_duplicate (same title and team),GIAN-NIDHI-R0217,[]
REL-2602,PRJ-0502,has_participant,PER-GN-00751,stated,,GIAN-NIDHI-R0217,[]
REL-2603,PRJ-0503,submitted_by_institution,INS-0012,stated,,GIAN-NIDHI-R0218,[]
REL-2604,PRJ-0503,duplicate_of,PRJ-0218,stated,exact_duplicate (same title and team),GIAN-NIDHI-R0218,[]
REL-2605,PRJ-0503,has_participant,PER-GN-00752,stated,,GIAN-NIDHI-R0218,[]
REL-2606,PRJ-0503,has_participant,PER-GN-00753,stated,,GIAN-NIDHI-R0218,[]
REL-2607,PRJ-0503,has_participant,PER-GN-00754,stated,,GIAN-NIDHI-R0218,[]
REL-2608,PRJ-0503,has_participant,PER-GN-00755,stated,,GIAN-NIDHI-R0218,[]
REL-2609,PRJ-0504,submitted_by_institution,INS-0013,stated,,GIAN-NIDHI-R0219,[]
REL-2610,PRJ-0504,duplicate_of,PRJ-0219,stated,exact_duplicate (same title and team),GIAN-NIDHI-R0219,[]
REL-2611,PRJ-0504,has_participant,PER-GN-00756,stated,,GIAN-NIDHI-R0219,[]
REL-2612,PRJ-0504,has_participant,PER-GN-00757,stated,,GIAN-NIDHI-R0219,[]
REL-2613,PRJ-0504,has_participant,PER-GN-00758,stated,,GIAN-NIDHI-R0219,[]
REL-2614,PRJ-0504,has_participant,PER-GN-00759,stated,,GIAN-NIDHI-R0219,[]
REL-2615,PRJ-0505,submitted_by_institution,INS-0030,stated,,GIAN-NIDHI-R0220,[]
REL-2616,PRJ-0505,duplicate_of,PRJ-0220,stated,exact_duplicate (same title and team),GIAN-NIDHI-R0220,[]
REL-2617,PRJ-0505,has_participant,PER-GN-00760,stated,,GIAN-NIDHI-R0220,[]
REL-2618,PRJ-0505,has_participant,PER-GN-00761,stated,,GIAN-NIDHI-R0220,[]
REL-2619,PRJ-0505,has_participant,PER-GN-00762,stated,,GIAN-NIDHI-R0220,[]
REL-2620,PRJ-0505,has_participant,PER-GN-00763,stated,,GIAN-NIDHI-R0220,[]
REL-2621,PRJ-0506,submitted_by_institution,INS-0023,stated,,GIAN-NIDHI-R0506,[]
REL-2622,PRJ-0506,duplicate_of,PRJ-0222,probable,probable_duplicate (same title and team),GIAN-NIDHI-R0506,[]
REL-2623,PRJ-0506,has_participant,PER-GN-00767,stated,,GIAN-NIDHI-R0506,[]
REL-2624,PRJ-0506,has_participant,PER-GN-00768,stated,,GIAN-NIDHI-R0506,[]
REL-2625,PRJ-0507,submitted_by_institution,INS-0060,stated,,GIAN-NIDHI-R0507,[]
REL-2626,PRJ-0507,duplicate_of,PRJ-0223,probable,probable_duplicate (same title and team),GIAN-NIDHI-R0507,[]
REL-2627,PRJ-0507,has_participant,PER-GN-00769,stated,,GIAN-NIDHI-R0507,[]
REL-2628,PRJ-0507,has_participant,PER-GN-00770,stated,,GIAN-NIDHI-R0507,[]
REL-2629,PRJ-0507,has_participant,PER-GN-00771,stated,,GIAN-NIDHI-R0507,[]
REL-2630,PRJ-0507,has_participant,PER-GN-00772,stated,,GIAN-NIDHI-R0507,[]
REL-2631,PRJ-0508,submitted_by_institution,INS-0014,stated,,GIAN-NIDHI-R0508,[]
REL-2632,PRJ-0508,duplicate_of,PRJ-0224,probable,probable_duplicate (same title and team),GIAN-NIDHI-R0508,[]
REL-2633,PRJ-0508,has_participant,PER-GN-00773,stated,,GIAN-NIDHI-R0508,[]
REL-2634,PRJ-0508,has_participant,PER-GN-00774,stated,,GIAN-NIDHI-R0508,[]
REL-2635,PRJ-0508,has_participant,PER-GN-00775,stated,,GIAN-NIDHI-R0508,[]
REL-2636,PRJ-0508,has_participant,PER-GN-00776,stated,,GIAN-NIDHI-R0508,[]
REL-2637,PRJ-0509,submitted_by_institution,INS-0007,stated,,GIAN-NIDHI-R0509,[]
REL-2638,PRJ-0509,duplicate_of,PRJ-0225,probable,probable_duplicate (same title and team),GIAN-NIDHI-R0509,[]
REL-2639,PRJ-0509,has_participant,PER-GN-00777,stated,,GIAN-NIDHI-R0509,[]
REL-2640,PRJ-0509,has_participant,PER-GN-00778,stated,,GIAN-NIDHI-R0509,[]
REL-2641,PRJ-0509,has_participant,PER-GN-00779,stated,,GIAN-NIDHI-R0509,[]
REL-2642,PRJ-0509,has_participant,PER-GN-00780,stated,,GIAN-NIDHI-R0509,[]
REL-2643,PRJ-0509,has_participant,PER-GN-00781,stated,,GIAN-NIDHI-R0509,[]
REL-2644,PRJ-0510,submitted_by_institution,INS-0048,stated,,GIAN-NIDHI-R0510,[]
REL-2645,PRJ-0510,duplicate_of,PRJ-0227,probable,probable_duplicate (same title and team),GIAN-NIDHI-R0510,[]
REL-2646,PRJ-0510,has_participant,PER-GN-00787,stated,,GIAN-NIDHI-R0510,[]
REL-2647,PRJ-0510,has_participant,PER-GN-00788,stated,,GIAN-NIDHI-R0510,[]
REL-2648,PRJ-0510,has_participant,PER-GN-00789,stated,,GIAN-NIDHI-R0510,[]
REL-2649,PRJ-0511,submitted_by_institution,INS-0065,stated,,GIAN-NIDHI-R0228,[]
REL-2650,PRJ-0511,duplicate_of,PRJ-0228,stated,exact_duplicate (same title and team),GIAN-NIDHI-R0228,[]
REL-2651,PRJ-0511,has_participant,PER-GN-00790,stated,,GIAN-NIDHI-R0228,[]
REL-2652,PRJ-0511,has_participant,PER-GN-00791,stated,,GIAN-NIDHI-R0228,[]
REL-2653,PRJ-0511,has_participant,PER-GN-00792,stated,,GIAN-NIDHI-R0228,[]
REL-2654,PRJ-0511,has_participant,PER-GN-00793,stated,,GIAN-NIDHI-R0228,[]
REL-2655,PRJ-0512,submitted_by_institution,INS-0035,stated,,GIAN-NIDHI-R0512,[]
REL-2656,PRJ-0512,has_participant,PER-GN-00796,stated,,GIAN-NIDHI-R0512,[]
REL-2657,PRJ-0513,submitted_by_institution,INS-0068,stated,,GIAN-NIDHI-R0513,[]
REL-2658,PRJ-0513,has_participant,PER-GN-00797,stated,,GIAN-NIDHI-R0513,[]
REL-2659,PRJ-0513,has_participant,PER-GN-00798,stated,,GIAN-NIDHI-R0513,[]
REL-2660,PRJ-0513,has_participant,PER-GN-00799,stated,,GIAN-NIDHI-R0513,[]
REL-2661,PRJ-0514,submitted_by_institution,INS-0017,stated,,GIAN-NIDHI-R0232,[]
REL-2662,PRJ-0514,duplicate_of,PRJ-0232,stated,exact_duplicate (same title and team),GIAN-NIDHI-R0232,[]
REL-2663,PRJ-0514,has_participant,PER-GN-00800,stated,,GIAN-NIDHI-R0232,[]
REL-2664,PRJ-0514,has_participant,PER-GN-00801,stated,,GIAN-NIDHI-R0232,[]
REL-2665,PRJ-0514,has_participant,PER-GN-00802,stated,,GIAN-NIDHI-R0232,[]
REL-2666,PRJ-0514,has_participant,PER-GN-00803,stated,,GIAN-NIDHI-R0232,[]
REL-2667,PRJ-0514,has_participant,PER-GN-00804,stated,,GIAN-NIDHI-R0232,[]
REL-2668,PRJ-0515,submitted_by_institution,INS-0029,stated,,GIAN-NIDHI-R0515,[]
REL-2669,PRJ-0515,duplicate_of,PRJ-0233,probable,probable_duplicate (same title and team),GIAN-NIDHI-R0515,[]
REL-2670,PRJ-0515,has_participant,PER-GN-00805,stated,,GIAN-NIDHI-R0515,[]
REL-2671,PRJ-0515,has_participant,PER-GN-00806,stated,,GIAN-NIDHI-R0515,[]
REL-2672,PRJ-0515,has_participant,PER-GN-00807,stated,,GIAN-NIDHI-R0515,[]
REL-2673,PRJ-0516,submitted_by_institution,INS-0019,stated,,GIAN-NIDHI-R0235,[]
REL-2674,PRJ-0516,duplicate_of,PRJ-0235,stated,exact_duplicate (same title and team),GIAN-NIDHI-R0235,[]
REL-2675,PRJ-0516,has_participant,PER-GN-00812,stated,,GIAN-NIDHI-R0235,[]
REL-2676,PRJ-0516,has_participant,PER-GN-00813,stated,,GIAN-NIDHI-R0235,[]
REL-2677,PRJ-0516,has_participant,PER-GN-00814,stated,,GIAN-NIDHI-R0235,[]
REL-2678,PRJ-0516,has_participant,PER-GN-00815,stated,,GIAN-NIDHI-R0235,[]
REL-2679,PRJ-0516,has_participant,PER-GN-00816,stated,,GIAN-NIDHI-R0235,[]
REL-2680,PRJ-0516,has_participant,PER-GN-00817,stated,,GIAN-NIDHI-R0235,[]
REL-2681,PRJ-0517,submitted_by_institution,INS-0015,stated,,GIAN-NIDHI-R0236,[]
REL-2682,PRJ-0517,duplicate_of,PRJ-0236,stated,exact_duplicate (same title and team),GIAN-NIDHI-R0236,[]
REL-2683,PRJ-0517,has_participant,PER-GN-00818,stated,,GIAN-NIDHI-R0236,[]
REL-2684,PRJ-0517,has_participant,PER-GN-00819,stated,,GIAN-NIDHI-R0236,[]
REL-2685,PRJ-0517,has_participant,PER-GN-00820,stated,,GIAN-NIDHI-R0236,[]
REL-2686,PRJ-0517,has_participant,PER-GN-00821,stated,,GIAN-NIDHI-R0236,[]
REL-2687,PRJ-0518,submitted_by_institution,INS-0006,stated,,GIAN-NIDHI-R0518,[]
REL-2688,PRJ-0518,duplicate_of,PRJ-0085,probable,probable_duplicate (same title and team),GIAN-NIDHI-R0518,[]
REL-2689,PRJ-0518,has_participant,PER-GN-00332,stated,,GIAN-NIDHI-R0518,[]
REL-2690,PRJ-0518,has_participant,PER-GN-00333,stated,,GIAN-NIDHI-R0518,[]
REL-2691,PRJ-0518,has_participant,PER-GN-00334,stated,,GIAN-NIDHI-R0518,[]
REL-2692,PRJ-0518,has_participant,PER-GN-00335,stated,,GIAN-NIDHI-R0518,[]
REL-2693,PRJ-0519,submitted_by_institution,INS-0008,stated,,GIAN-NIDHI-R0519,[]
REL-2694,PRJ-0519,duplicate_of,PRJ-0086,probable,probable_duplicate (same title and team),GIAN-NIDHI-R0519,[]
REL-2695,PRJ-0519,has_participant,PER-GN-00336,stated,,GIAN-NIDHI-R0519,[]
REL-2696,PRJ-0519,has_participant,PER-GN-00337,stated,,GIAN-NIDHI-R0519,[]
REL-2697,PRJ-0519,has_participant,PER-GN-00338,stated,,GIAN-NIDHI-R0519,[]
REL-2698,PRJ-0519,has_participant,PER-GN-00339,stated,,GIAN-NIDHI-R0519,[]
REL-2699,PRJ-0520,submitted_by_institution,INS-0004,stated,,GIAN-NIDHI-R0520,[]
REL-2700,PRJ-0520,duplicate_of,PRJ-0087,probable,probable_duplicate (same title and team),GIAN-NIDHI-R0520,[]
REL-2701,PRJ-0520,has_participant,PER-GN-00340,stated,,GIAN-NIDHI-R0520,[]
REL-2702,PRJ-0520,has_participant,PER-GN-00341,stated,,GIAN-NIDHI-R0520,[]
REL-2703,PRJ-0520,has_participant,PER-GN-00342,stated,,GIAN-NIDHI-R0520,[]
REL-2704,PRJ-0520,has_participant,PER-GN-00343,stated,,GIAN-NIDHI-R0520,[]
REL-2705,PRJ-0520,has_participant,PER-GN-00344,stated,,GIAN-NIDHI-R0520,[]
REL-2706,PRJ-0521,submitted_by_institution,INS-0018,stated,,GIAN-NIDHI-R0521,[]
REL-2707,PRJ-0521,duplicate_of,PRJ-0089,probable,probable_duplicate (same title and team),GIAN-NIDHI-R0521,[]
REL-2708,PRJ-0521,has_participant,PER-GN-00350,stated,,GIAN-NIDHI-R0521,[]
REL-2709,PRJ-0521,has_participant,PER-GN-00351,stated,,GIAN-NIDHI-R0521,[]
REL-2710,PRJ-0522,submitted_by_institution,INS-0086,stated,,GIAN-NIDHI-R0090,[]
REL-2711,PRJ-0522,duplicate_of,PRJ-0090,stated,exact_duplicate (same title and team),GIAN-NIDHI-R0090,[]
REL-2712,PRJ-0522,has_participant,PER-GN-00352,stated,,GIAN-NIDHI-R0090,[]
REL-2713,PRJ-0522,has_participant,PER-GN-00353,stated,,GIAN-NIDHI-R0090,[]
REL-2714,PRJ-0522,has_participant,PER-GN-00354,stated,,GIAN-NIDHI-R0090,[]
REL-2715,PRJ-0523,submitted_by_institution,INS-0014,stated,,GIAN-NIDHI-R0523,[]
REL-2716,PRJ-0523,duplicate_of,PRJ-0091,probable,probable_duplicate (same title and team),GIAN-NIDHI-R0523,[]
REL-2717,PRJ-0523,has_participant,PER-GN-00355,stated,,GIAN-NIDHI-R0523,[]
REL-2718,PRJ-0523,has_participant,PER-GN-00356,stated,,GIAN-NIDHI-R0523,[]
REL-2719,PRJ-0523,has_participant,PER-GN-00357,stated,,GIAN-NIDHI-R0523,[]
REL-2720,PRJ-0523,has_participant,PER-GN-00358,stated,,GIAN-NIDHI-R0523,[]
REL-2721,PRJ-0524,submitted_by_institution,INS-0016,stated,,GIAN-NIDHI-R0092,[]
REL-2722,PRJ-0524,duplicate_of,PRJ-0092,stated,exact_duplicate (same title and team),GIAN-NIDHI-R0092,[]
REL-2723,PRJ-0524,has_participant,PER-GN-00359,stated,,GIAN-NIDHI-R0092,[]
REL-2724,PRJ-0524,has_participant,PER-GN-00360,stated,,GIAN-NIDHI-R0092,[]
REL-2725,PRJ-0524,has_participant,PER-GN-00361,stated,,GIAN-NIDHI-R0092,[]
REL-2726,PRJ-0524,has_participant,PER-GN-00362,stated,,GIAN-NIDHI-R0092,[]
REL-2727,PRJ-0524,has_participant,PER-GN-00363,stated,,GIAN-NIDHI-R0092,[]
REL-2728,PRJ-0524,has_participant,PER-GN-00364,stated,,GIAN-NIDHI-R0092,[]
REL-2729,PRJ-0525,submitted_by_institution,INS-0012,stated,,GIAN-NIDHI-R0525,[]
REL-2730,PRJ-0525,duplicate_of,PRJ-0307,probable,probable_duplicate (same title and team),GIAN-NIDHI-R0525,[]
REL-2731,PRJ-0525,has_participant,PER-GN-01063,stated,,GIAN-NIDHI-R0525,[]
REL-2732,PRJ-0525,has_participant,PER-GN-01064,stated,,GIAN-NIDHI-R0525,[]
REL-2733,PRJ-0525,has_participant,PER-GN-01065,stated,,GIAN-NIDHI-R0525,[]
REL-2734,PRJ-0525,has_participant,PER-GN-01066,stated,,GIAN-NIDHI-R0525,[]
REL-2735,PRJ-0525,has_participant,PER-GN-01067,stated,,GIAN-NIDHI-R0525,[]
REL-2736,PRJ-0525,has_participant,PER-GN-01068,stated,,GIAN-NIDHI-R0525,[]
REL-2737,PRJ-0526,submitted_by_institution,INS-0003,stated,,GIAN-NIDHI-R0526,[]
REL-2738,PRJ-0526,duplicate_of,PRJ-0308,probable,probable_duplicate (same title and team),GIAN-NIDHI-R0526,[]
REL-2739,PRJ-0526,has_participant,PER-GN-01069,stated,,GIAN-NIDHI-R0526,[]
REL-2740,PRJ-0526,has_participant,PER-GN-01070,stated,,GIAN-NIDHI-R0526,[]
REL-2741,PRJ-0526,has_participant,PER-GN-01071,stated,,GIAN-NIDHI-R0526,[]
REL-2742,PRJ-0526,has_participant,PER-GN-01072,stated,,GIAN-NIDHI-R0526,[]
REL-2743,PRJ-0526,has_participant,PER-GN-01073,stated,,GIAN-NIDHI-R0526,[]
REL-2744,PRJ-0527,submitted_by_institution,INS-0004,stated,,GIAN-NIDHI-R0309,[]
REL-2745,PRJ-0527,duplicate_of,PRJ-0309,stated,exact_duplicate (same title and team),GIAN-NIDHI-R0309,[]
REL-2746,PRJ-0527,has_participant,PER-GN-01074,stated,,GIAN-NIDHI-R0309,[]
REL-2747,PRJ-0527,has_participant,PER-GN-01075,stated,,GIAN-NIDHI-R0309,[]
REL-2748,PRJ-0527,has_participant,PER-GN-01076,stated,,GIAN-NIDHI-R0309,[]
REL-2749,PRJ-0528,submitted_by_institution,INS-0010,stated,,GIAN-NIDHI-R0528,[]
REL-2750,PRJ-0528,duplicate_of,PRJ-0381,probable,probable_duplicate (same title and team),GIAN-NIDHI-R0528,[]
REL-2751,PRJ-0528,has_participant,PER-GN-01299,stated,,GIAN-NIDHI-R0528,[]
REL-2752,PRJ-0528,has_participant,PER-GN-01300,stated,,GIAN-NIDHI-R0528,[]
REL-2753,PRJ-0528,has_participant,PER-GN-01301,stated,,GIAN-NIDHI-R0528,[]
REL-2754,PRJ-0529,submitted_by_institution,INS-0016,stated,,GIAN-NIDHI-R0529,[]
REL-2755,PRJ-0529,duplicate_of,PRJ-0384,probable,probable_duplicate (same title and team),GIAN-NIDHI-R0529,[]
REL-2756,PRJ-0529,has_participant,PER-GN-01310,stated,,GIAN-NIDHI-R0529,[]
REL-2757,PRJ-0529,has_participant,PER-GN-01311,stated,,GIAN-NIDHI-R0529,[]
REL-2758,PRJ-0529,has_participant,PER-GN-01312,stated,,GIAN-NIDHI-R0529,[]
REL-2759,PRJ-0529,has_participant,PER-GN-01313,stated,,GIAN-NIDHI-R0529,[]
REL-2760,PRJ-0529,has_participant,PER-GN-01314,stated,,GIAN-NIDHI-R0529,[]
REL-2761,PRJ-0529,has_participant,PER-GN-01315,stated,,GIAN-NIDHI-R0529,[]
REL-2762,PRJ-0530,submitted_by_institution,INS-0017,stated,,GIAN-NIDHI-R0530,[]
REL-2763,PRJ-0530,duplicate_of,PRJ-0385,probable,probable_duplicate (same title and team),GIAN-NIDHI-R0530,[]
REL-2764,PRJ-0530,has_participant,PER-GN-01316,stated,,GIAN-NIDHI-R0530,[]
REL-2765,PRJ-0530,has_participant,PER-GN-01317,stated,,GIAN-NIDHI-R0530,[]
REL-2766,PRJ-0530,has_participant,PER-GN-01318,stated,,GIAN-NIDHI-R0530,[]
REL-2767,PRJ-0530,has_participant,PER-GN-01319,stated,,GIAN-NIDHI-R0530,[]
REL-2768,PRJ-0530,has_participant,PER-GN-01320,stated,,GIAN-NIDHI-R0530,[]
REL-2769,PRJ-0531,submitted_by_institution,INS-0061,stated,,GIAN-NIDHI-R0531,[]
REL-2770,PRJ-0531,duplicate_of,PRJ-0386,probable,probable_duplicate (same title and team),GIAN-NIDHI-R0531,[]
REL-2771,PRJ-0531,has_participant,PER-GN-01321,stated,,GIAN-NIDHI-R0531,[]
REL-2772,PRJ-0531,has_participant,PER-GN-01322,stated,,GIAN-NIDHI-R0531,[]
REL-2773,PRJ-0531,has_participant,PER-GN-01323,stated,,GIAN-NIDHI-R0531,[]
REL-2774,PRJ-0531,has_participant,PER-GN-01324,stated,,GIAN-NIDHI-R0531,[]
REL-2775,PRJ-0531,has_participant,PER-GN-01325,stated,,GIAN-NIDHI-R0531,[]
REL-2776,PRJ-0531,has_participant,PER-GN-01326,stated,,GIAN-NIDHI-R0531,[]
REL-2777,PRJ-0532,submitted_by_institution,INS-0020,stated,,GIAN-NIDHI-R0532,[]
REL-2778,PRJ-0532,duplicate_of,PRJ-0387,probable,probable_duplicate (same title and team),GIAN-NIDHI-R0532,[]
REL-2779,PRJ-0532,has_participant,PER-GN-01327,stated,,GIAN-NIDHI-R0532,[]
REL-2780,PRJ-0532,has_participant,PER-GN-01328,stated,,GIAN-NIDHI-R0532,[]
REL-2781,PRJ-0532,has_participant,PER-GN-01329,stated,,GIAN-NIDHI-R0532,[]
REL-2782,PRJ-0533,submitted_by_institution,INS-0090,stated,,GIAN-NIDHI-R0533,[]
REL-2783,PRJ-0533,duplicate_of,PRJ-0388,probable,probable_duplicate (same title and team),GIAN-NIDHI-R0533,[]
REL-2784,PRJ-0533,has_participant,PER-GN-01330,stated,,GIAN-NIDHI-R0533,[]
REL-2785,PRJ-0533,has_participant,PER-GN-01331,stated,,GIAN-NIDHI-R0533,[]
REL-2786,PRJ-0533,has_participant,PER-GN-01332,stated,,GIAN-NIDHI-R0533,[]
REL-2787,PRJ-0533,has_participant,PER-GN-01333,stated,,GIAN-NIDHI-R0533,[]
REL-2788,PRJ-0533,has_participant,PER-GN-01334,stated,,GIAN-NIDHI-R0533,[]
REL-2789,PRJ-0533,has_participant,PER-GN-01335,stated,,GIAN-NIDHI-R0533,[]
REL-2790,PRJ-0534,submitted_by_institution,INS-0038,stated,,GIAN-NIDHI-R0534,[]
REL-2791,PRJ-0534,duplicate_of,PRJ-0389,probable,probable_duplicate (same title and team),GIAN-NIDHI-R0534,[]
REL-2792,PRJ-0534,has_participant,PER-GN-01336,stated,,GIAN-NIDHI-R0534,[]
REL-2793,PRJ-0534,has_participant,PER-GN-01337,stated,,GIAN-NIDHI-R0534,[]
REL-2794,PRJ-0534,has_participant,PER-GN-01338,stated,,GIAN-NIDHI-R0534,[]
REL-2795,PRJ-0535,submitted_by_institution,INS-0018,stated,,GIAN-NIDHI-R0390,[]
REL-2796,PRJ-0535,duplicate_of,PRJ-0390,stated,exact_duplicate (same title and team),GIAN-NIDHI-R0390,[]
REL-2797,PRJ-0535,has_participant,PER-GN-01339,stated,,GIAN-NIDHI-R0390,[]
REL-2798,PRJ-0535,has_participant,PER-GN-01340,stated,,GIAN-NIDHI-R0390,[]
REL-2799,PRJ-0535,has_participant,PER-GN-01341,stated,,GIAN-NIDHI-R0390,[]
REL-2800,PRJ-0535,has_participant,PER-GN-01342,stated,,GIAN-NIDHI-R0390,[]
REL-2801,PRJ-0535,has_participant,PER-GN-01343,stated,,GIAN-NIDHI-R0390,[]
REL-2802,PRJ-0535,has_participant,PER-GN-01344,stated,,GIAN-NIDHI-R0390,[]
REL-2803,PRJ-0536,submitted_by_institution,INS-0012,stated,,GIAN-NIDHI-R0536,[]
REL-2804,PRJ-0536,has_participant,PER-GN-01345,stated,,GIAN-NIDHI-R0536,[]
REL-2805,PRJ-0536,has_participant,PER-GN-01346,stated,,GIAN-NIDHI-R0536,[]
REL-2806,PRJ-0536,has_participant,PER-GN-01347,stated,,GIAN-NIDHI-R0536,[]
REL-2807,PRJ-0536,has_participant,PER-GN-01348,stated,,GIAN-NIDHI-R0536,[]
REL-2808,PRJ-0537,submitted_by_institution,INS-0004,stated,,GIAN-NIDHI-R0537,[]
REL-2809,PRJ-0537,duplicate_of,PRJ-0392,probable,probable_duplicate (same title and team),GIAN-NIDHI-R0537,[]
REL-2810,PRJ-0537,has_participant,PER-GN-01349,stated,,GIAN-NIDHI-R0537,[]
REL-2811,PRJ-0537,has_participant,PER-GN-01350,stated,,GIAN-NIDHI-R0537,[]
REL-2812,PRJ-0537,has_participant,PER-GN-01351,stated,,GIAN-NIDHI-R0537,[]
REL-2813,PRJ-0537,has_participant,PER-GN-01352,stated,,GIAN-NIDHI-R0537,[]
REL-2814,PRJ-0538,submitted_by_institution,INS-0008,stated,,GIAN-NIDHI-R0538,[]
REL-2815,PRJ-0538,duplicate_of,PRJ-0393,probable,probable_duplicate (same title and team),GIAN-NIDHI-R0538,[]
REL-2816,PRJ-0538,has_participant,PER-GN-01353,stated,,GIAN-NIDHI-R0538,[]
REL-2817,PRJ-0538,has_participant,PER-GN-01354,stated,,GIAN-NIDHI-R0538,[]
REL-2818,PRJ-0538,has_participant,PER-GN-01355,stated,,GIAN-NIDHI-R0538,[]
REL-2819,PRJ-0538,has_participant,PER-GN-01356,stated,,GIAN-NIDHI-R0538,[]
REL-2820,PRJ-0538,has_participant,PER-GN-01357,stated,,GIAN-NIDHI-R0538,[]
REL-2821,PRJ-0538,has_participant,PER-GN-01358,stated,,GIAN-NIDHI-R0538,[]
REL-2822,PRJ-0539,submitted_by_institution,INS-0045,stated,,GIAN-NIDHI-R0539,[]
REL-2823,PRJ-0539,duplicate_of,PRJ-0394,probable,probable_duplicate (same title and team),GIAN-NIDHI-R0539,[]
REL-2824,PRJ-0539,has_participant,PER-GN-01359,stated,,GIAN-NIDHI-R0539,[]
REL-2825,PRJ-0539,has_participant,PER-GN-01360,stated,,GIAN-NIDHI-R0539,[]
REL-2826,PRJ-0539,has_participant,PER-GN-01361,stated,,GIAN-NIDHI-R0539,[]
REL-2827,PRJ-0539,has_participant,PER-GN-01362,stated,,GIAN-NIDHI-R0539,[]
REL-2828,PRJ-0539,has_participant,PER-GN-01363,stated,,GIAN-NIDHI-R0539,[]
REL-2829,PRJ-0540,submitted_by_institution,INS-0024,stated,,GIAN-NIDHI-R0395,[]
REL-2830,PRJ-0540,duplicate_of,PRJ-0395,stated,exact_duplicate (same title and team),GIAN-NIDHI-R0395,[]
REL-2831,PRJ-0540,has_participant,PER-GN-01364,stated,,GIAN-NIDHI-R0395,[]
REL-2832,PRJ-0540,has_participant,PER-GN-01365,stated,,GIAN-NIDHI-R0395,[]
REL-2833,PRJ-0540,has_participant,PER-GN-01366,stated,,GIAN-NIDHI-R0395,[]
REL-2834,PRJ-0540,has_participant,PER-GN-01367,stated,,GIAN-NIDHI-R0395,[]
REL-2835,PRJ-0541,submitted_by_institution,INS-0025,stated,,GIAN-NIDHI-R0396,[]
REL-2836,PRJ-0541,duplicate_of,PRJ-0396,stated,exact_duplicate (same title and team),GIAN-NIDHI-R0396,[]
REL-2837,PRJ-0541,has_participant,PER-GN-01368,stated,,GIAN-NIDHI-R0396,[]
REL-2838,PRJ-0541,has_participant,PER-GN-01369,stated,,GIAN-NIDHI-R0396,[]
REL-2839,PRJ-0541,has_participant,PER-GN-01370,stated,,GIAN-NIDHI-R0396,[]
REL-2840,PRJ-0541,has_participant,PER-GN-01371,stated,,GIAN-NIDHI-R0396,[]
REL-2841,PRJ-0542,submitted_by_institution,INS-0085,stated,,GIAN-NIDHI-R0542,[]
REL-2842,PRJ-0542,has_participant,PER-GN-01372,stated,,GIAN-NIDHI-R0542,[]
REL-2843,PRJ-0542,has_participant,PER-GN-01373,stated,,GIAN-NIDHI-R0542,[]
REL-2844,PRJ-0542,has_participant,PER-GN-01374,stated,,GIAN-NIDHI-R0542,[]
REL-2845,PRJ-0542,has_participant,PER-GN-01511,stated,,GIAN-NIDHI-R0542,[]
REL-2846,PRJ-0543,submitted_by_institution,INS-0007,stated,,GIAN-NIDHI-R0543,[]
REL-2847,PRJ-0543,duplicate_of,PRJ-0398,probable,probable_duplicate (same title and team),GIAN-NIDHI-R0543,[]
REL-2848,PRJ-0543,has_participant,PER-GN-01376,stated,,GIAN-NIDHI-R0543,[]
REL-2849,PRJ-0543,has_participant,PER-GN-01377,stated,,GIAN-NIDHI-R0543,[]
REL-2850,PRJ-0543,has_participant,PER-GN-01378,stated,,GIAN-NIDHI-R0543,[]
REL-2851,PRJ-0543,has_participant,PER-GN-01379,stated,,GIAN-NIDHI-R0543,[]
REL-2852,PRJ-0544,submitted_by_institution,INS-0015,stated,,GIAN-NIDHI-R0399,[]
REL-2853,PRJ-0544,duplicate_of,PRJ-0399,stated,exact_duplicate (same title and team),GIAN-NIDHI-R0399,[]
REL-2854,PRJ-0544,has_participant,PER-GN-01380,stated,,GIAN-NIDHI-R0399,[]
REL-2855,PRJ-0544,has_participant,PER-GN-01381,stated,,GIAN-NIDHI-R0399,[]
REL-2856,PRJ-0544,has_participant,PER-GN-01382,stated,,GIAN-NIDHI-R0399,[]
REL-2857,PRJ-0544,has_participant,PER-GN-01383,stated,,GIAN-NIDHI-R0399,[]
REL-2858,PRJ-0545,submitted_by_institution,INS-0003,stated,,GIAN-NIDHI-R0400,[]
REL-2859,PRJ-0545,duplicate_of,PRJ-0400,stated,exact_duplicate (same title and team),GIAN-NIDHI-R0400,[]
REL-2860,PRJ-0545,has_participant,PER-GN-01384,stated,,GIAN-NIDHI-R0400,[]
REL-2861,PRJ-0545,has_participant,PER-GN-01385,stated,,GIAN-NIDHI-R0400,[]
REL-2862,PRJ-0545,has_participant,PER-GN-01386,stated,,GIAN-NIDHI-R0400,[]
REL-2863,PRJ-0545,has_participant,PER-GN-01387,stated,,GIAN-NIDHI-R0400,[]
REL-2864,PRJ-0546,submitted_by_institution,INS-0016,stated,,GIAN-NIDHI-R0546,[]
REL-2865,PRJ-0546,duplicate_of,PRJ-0071,probable,probable_duplicate (same title and team),GIAN-NIDHI-R0546,[]
REL-2866,PRJ-0546,has_participant,PER-GN-00268,stated,,GIAN-NIDHI-R0546,[]
REL-2867,PRJ-0546,has_participant,PER-GN-00269,stated,,GIAN-NIDHI-R0546,[]
REL-2868,PRJ-0546,has_participant,PER-GN-00270,stated,,GIAN-NIDHI-R0546,[]
REL-2869,PRJ-0546,has_participant,PER-GN-00271,stated,,GIAN-NIDHI-R0546,[]
REL-2870,PRJ-0547,submitted_by_institution,INS-0040,stated,,GIAN-NIDHI-R0072,[]
REL-2871,PRJ-0547,duplicate_of,PRJ-0072,stated,exact_duplicate (same title and team),GIAN-NIDHI-R0072,[]
REL-2872,PRJ-0547,has_participant,PER-GN-00272,stated,,GIAN-NIDHI-R0072,[]
REL-2873,PRJ-0547,has_participant,PER-GN-00273,stated,,GIAN-NIDHI-R0072,[]
REL-2874,PRJ-0547,has_participant,PER-GN-00274,stated,,GIAN-NIDHI-R0072,[]
REL-2875,PRJ-0547,has_participant,PER-GN-00275,stated,,GIAN-NIDHI-R0072,[]
REL-2876,PRJ-0547,has_participant,PER-GN-00276,stated,,GIAN-NIDHI-R0072,[]
REL-2877,PRJ-0548,submitted_by_institution,INS-0039,stated,,GIAN-NIDHI-R0548,[]
REL-2878,PRJ-0548,duplicate_of,PRJ-0073,probable,probable_duplicate (same title and team),GIAN-NIDHI-R0548,[]
REL-2879,PRJ-0548,has_participant,PER-GN-00277,stated,,GIAN-NIDHI-R0548,[]
REL-2880,PRJ-0548,has_participant,PER-GN-00278,stated,,GIAN-NIDHI-R0548,[]
REL-2881,PRJ-0548,has_participant,PER-GN-00279,stated,,GIAN-NIDHI-R0548,[]
REL-2882,PRJ-0548,has_participant,PER-GN-00280,stated,,GIAN-NIDHI-R0548,[]
REL-2883,PRJ-0549,submitted_by_institution,INS-0010,stated,,GIAN-NIDHI-R0549,[]
REL-2884,PRJ-0549,has_participant,PER-GN-00281,stated,,GIAN-NIDHI-R0549,[]
REL-2885,PRJ-0549,has_participant,PER-GN-00282,stated,,GIAN-NIDHI-R0549,[]
REL-2886,PRJ-0549,has_participant,PER-GN-00283,stated,,GIAN-NIDHI-R0549,[]
REL-2887,PRJ-0549,has_participant,PER-GN-01512,stated,,GIAN-NIDHI-R0549,[]
REL-2888,PRJ-0550,submitted_by_institution,INS-0004,stated,,GIAN-NIDHI-R0550,[]
REL-2889,PRJ-0550,has_participant,PER-GN-00285,stated,,GIAN-NIDHI-R0550,[]
REL-2890,PRJ-0550,has_participant,PER-GN-00286,stated,,GIAN-NIDHI-R0550,[]
REL-2891,PRJ-0550,has_participant,PER-GN-00287,stated,,GIAN-NIDHI-R0550,[]
REL-2892,PRJ-0550,has_participant,PER-GN-00288,stated,,GIAN-NIDHI-R0550,[]
REL-2893,PRJ-0550,has_participant,PER-GN-01513,stated,,GIAN-NIDHI-R0550,[]
REL-2894,PRJ-0551,submitted_by_institution,INS-0012,stated,,GIAN-NIDHI-R0551,[]
REL-2895,PRJ-0551,has_participant,PER-GN-00290,stated,,GIAN-NIDHI-R0551,[]
REL-2896,PRJ-0551,has_participant,PER-GN-00291,stated,,GIAN-NIDHI-R0551,[]
REL-2897,PRJ-0551,has_participant,PER-GN-00292,stated,,GIAN-NIDHI-R0551,[]
REL-2898,PRJ-0551,has_participant,PER-GN-00293,stated,,GIAN-NIDHI-R0551,[]
REL-2899,PRJ-0551,has_participant,PER-GN-00294,stated,,GIAN-NIDHI-R0551,[]
REL-2900,PRJ-0551,has_participant,PER-GN-01514,stated,,GIAN-NIDHI-R0551,[]
REL-2901,PRJ-0552,submitted_by_institution,INS-0025,stated,,GIAN-NIDHI-R0552,[]
REL-2902,PRJ-0552,duplicate_of,PRJ-0078,probable,probable_duplicate (same title and team),GIAN-NIDHI-R0552,[]
REL-2903,PRJ-0552,has_participant,PER-GN-00300,stated,,GIAN-NIDHI-R0552,[]
REL-2904,PRJ-0552,has_participant,PER-GN-00301,stated,,GIAN-NIDHI-R0552,[]
REL-2905,PRJ-0552,has_participant,PER-GN-00302,stated,,GIAN-NIDHI-R0552,[]
REL-2906,PRJ-0552,has_participant,PER-GN-00303,stated,,GIAN-NIDHI-R0552,[]
REL-2907,PRJ-0552,has_participant,PER-GN-00304,stated,,GIAN-NIDHI-R0552,[]
REL-2908,PRJ-0553,submitted_by_institution,INS-0043,stated,,GIAN-NIDHI-R0079,[]
REL-2909,PRJ-0553,duplicate_of,PRJ-0079,stated,exact_duplicate (same title and team),GIAN-NIDHI-R0079,[]
REL-2910,PRJ-0553,has_participant,PER-GN-00305,stated,,GIAN-NIDHI-R0079,[]
REL-2911,PRJ-0553,has_participant,PER-GN-00306,stated,,GIAN-NIDHI-R0079,[]
REL-2912,PRJ-0553,has_participant,PER-GN-00307,stated,,GIAN-NIDHI-R0079,[]
REL-2913,PRJ-0553,has_participant,PER-GN-00308,stated,,GIAN-NIDHI-R0079,[]
REL-2914,PRJ-0554,submitted_by_institution,INS-0007,stated,,GIAN-NIDHI-R0080,[]
REL-2915,PRJ-0554,duplicate_of,PRJ-0080,stated,exact_duplicate (same title and team),GIAN-NIDHI-R0080,[]
REL-2916,PRJ-0554,has_participant,PER-GN-00309,stated,,GIAN-NIDHI-R0080,[]
REL-2917,PRJ-0554,has_participant,PER-GN-00310,stated,,GIAN-NIDHI-R0080,[]
REL-2918,PRJ-0554,has_participant,PER-GN-00311,stated,,GIAN-NIDHI-R0080,[]
REL-2919,PRJ-0554,has_participant,PER-GN-00312,stated,,GIAN-NIDHI-R0080,[]
REL-2920,PRJ-0554,has_participant,PER-GN-00313,stated,,GIAN-NIDHI-R0080,[]
REL-2921,PRJ-0554,has_participant,PER-GN-00314,stated,,GIAN-NIDHI-R0080,[]
REL-2922,PRJ-0555,submitted_by_institution,INS-0033,stated,,GIAN-NIDHI-R0555,[]
REL-2923,PRJ-0555,has_participant,PER-GN-00315,stated,,GIAN-NIDHI-R0555,[]
REL-2924,PRJ-0555,has_participant,PER-GN-00316,stated,,GIAN-NIDHI-R0555,[]
REL-2925,PRJ-0555,has_participant,PER-GN-00317,stated,,GIAN-NIDHI-R0555,[]
REL-2926,PRJ-0555,has_participant,PER-GN-00318,stated,,GIAN-NIDHI-R0555,[]
REL-2927,PRJ-0556,submitted_by_institution,INS-0003,stated,,GIAN-NIDHI-R0556,[]
REL-2928,PRJ-0556,duplicate_of,PRJ-0083,probable,probable_duplicate (same title and team),GIAN-NIDHI-R0556,[]
REL-2929,PRJ-0556,has_participant,PER-GN-00323,stated,,GIAN-NIDHI-R0556,[]
REL-2930,PRJ-0556,has_participant,PER-GN-00324,stated,,GIAN-NIDHI-R0556,[]
REL-2931,PRJ-0556,has_participant,PER-GN-00325,stated,,GIAN-NIDHI-R0556,[]
REL-2932,PRJ-0556,has_participant,PER-GN-00326,stated,,GIAN-NIDHI-R0556,[]
REL-2933,PRJ-0556,has_participant,PER-GN-00327,stated,,GIAN-NIDHI-R0556,[]
REL-2934,PRJ-0557,submitted_by_institution,INS-0019,stated,,GIAN-NIDHI-R0557,[]
REL-2935,PRJ-0557,duplicate_of,PRJ-0176,probable,probable_duplicate (same title and team),GIAN-NIDHI-R0557,[]
REL-2936,PRJ-0557,has_participant,PER-GN-00581,stated,,GIAN-NIDHI-R0557,[]
REL-2937,PRJ-0557,has_participant,PER-GN-00582,stated,,GIAN-NIDHI-R0557,[]
REL-2938,PRJ-0557,has_participant,PER-GN-00583,stated,,GIAN-NIDHI-R0557,[]
REL-2939,PRJ-0557,has_participant,PER-GN-00584,stated,,GIAN-NIDHI-R0557,[]
REL-2940,PRJ-0557,has_participant,PER-GN-00585,stated,,GIAN-NIDHI-R0557,[]
REL-2941,PRJ-0558,submitted_by_institution,INS-0078,stated,,GIAN-NIDHI-R0177,[]
REL-2942,PRJ-0558,duplicate_of,PRJ-0177,stated,exact_duplicate (same title and team),GIAN-NIDHI-R0177,[]
REL-2943,PRJ-0558,has_participant,PER-GN-00586,stated,,GIAN-NIDHI-R0177,[]
REL-2944,PRJ-0558,has_participant,PER-GN-00587,stated,,GIAN-NIDHI-R0177,[]
REL-2945,PRJ-0559,submitted_by_institution,INS-0007,stated,,GIAN-NIDHI-R0559,[]
REL-2946,PRJ-0559,duplicate_of,PRJ-0179,probable,probable_duplicate (same title and team),GIAN-NIDHI-R0559,[]
REL-2947,PRJ-0559,has_participant,PER-GN-00592,stated,,GIAN-NIDHI-R0559,[]
REL-2948,PRJ-0559,has_participant,PER-GN-00593,stated,,GIAN-NIDHI-R0559,[]
REL-2949,PRJ-0559,has_participant,PER-GN-00594,stated,,GIAN-NIDHI-R0559,[]
REL-2950,PRJ-0559,has_participant,PER-GN-00595,stated,,GIAN-NIDHI-R0559,[]
REL-2951,PRJ-0559,has_participant,PER-GN-00596,stated,,GIAN-NIDHI-R0559,[]
REL-2952,PRJ-0559,has_participant,PER-GN-00597,stated,,GIAN-NIDHI-R0559,[]
REL-2953,PRJ-0560,submitted_by_institution,INS-0003,stated,,GIAN-NIDHI-R0560,[]
REL-2954,PRJ-0560,duplicate_of,PRJ-0180,probable,probable_duplicate (same title and team),GIAN-NIDHI-R0560,[]
REL-2955,PRJ-0560,has_participant,PER-GN-00598,stated,,GIAN-NIDHI-R0560,[]
REL-2956,PRJ-0560,has_participant,PER-GN-00599,stated,,GIAN-NIDHI-R0560,[]
REL-2957,PRJ-0560,has_participant,PER-GN-00600,stated,,GIAN-NIDHI-R0560,[]
REL-2958,PRJ-0560,has_participant,PER-GN-00601,stated,,GIAN-NIDHI-R0560,[]
REL-2959,PRJ-0561,submitted_by_institution,INS-0006,stated,,GIAN-NIDHI-R0561,[]
REL-2960,PRJ-0561,duplicate_of,PRJ-0182,probable,probable_duplicate (same title and team),GIAN-NIDHI-R0561,[]
REL-2961,PRJ-0561,has_participant,PER-GN-00608,stated,,GIAN-NIDHI-R0561,[]
REL-2962,PRJ-0561,has_participant,PER-GN-00609,stated,,GIAN-NIDHI-R0561,[]
REL-2963,PRJ-0561,has_participant,PER-GN-00610,stated,,GIAN-NIDHI-R0561,[]
REL-2964,PRJ-0562,submitted_by_institution,INS-0008,stated,,GIAN-NIDHI-R0562,[]
REL-2965,PRJ-0562,has_participant,PER-GN-00617,stated,,GIAN-NIDHI-R0562,[]
REL-2966,PRJ-0562,has_participant,PER-GN-00618,stated,,GIAN-NIDHI-R0562,[]
REL-2967,PRJ-0562,has_participant,PER-GN-00619,stated,,GIAN-NIDHI-R0562,[]
REL-2968,PRJ-0562,has_participant,PER-GN-00620,stated,,GIAN-NIDHI-R0562,[]
REL-2969,PRJ-0562,has_participant,PER-GN-00621,stated,,GIAN-NIDHI-R0562,[]
REL-2970,PRJ-0562,has_participant,PER-GN-00622,stated,,GIAN-NIDHI-R0562,[]
REL-2971,PRJ-0563,submitted_by_institution,INS-0010,stated,,GIAN-NIDHI-R0563,[]
REL-2972,PRJ-0563,has_participant,PER-GN-00627,stated,,GIAN-NIDHI-R0563,[]
REL-2973,PRJ-0563,has_participant,PER-GN-00628,stated,,GIAN-NIDHI-R0563,[]
REL-2974,PRJ-0563,has_participant,PER-GN-00629,stated,,GIAN-NIDHI-R0563,[]
REL-2975,PRJ-0564,submitted_by_institution,INS-0010,stated,,GIAN-NIDHI-R0564,[]
REL-2976,PRJ-0564,duplicate_of,PRJ-0187,probable,probable_duplicate (same title and team),GIAN-NIDHI-R0564,[]
REL-2977,PRJ-0564,has_participant,PER-GN-00630,stated,,GIAN-NIDHI-R0564,[]
REL-2978,PRJ-0564,has_participant,PER-GN-00631,stated,,GIAN-NIDHI-R0564,[]
REL-2979,PRJ-0564,has_participant,PER-GN-00632,stated,,GIAN-NIDHI-R0564,[]
REL-2980,PRJ-0564,has_participant,PER-GN-00633,stated,,GIAN-NIDHI-R0564,[]
REL-2981,PRJ-0565,submitted_by_institution,INS-0010,stated,,GIAN-NIDHI-R0565,[]
REL-2982,PRJ-0565,duplicate_of,PRJ-0188,probable,probable_duplicate (same title and team),GIAN-NIDHI-R0565,[]
REL-2983,PRJ-0565,has_participant,PER-GN-00634,stated,,GIAN-NIDHI-R0565,[]
REL-2984,PRJ-0565,has_participant,PER-GN-00635,stated,,GIAN-NIDHI-R0565,[]
REL-2985,PRJ-0565,has_participant,PER-GN-00636,stated,,GIAN-NIDHI-R0565,[]
REL-2986,PRJ-0566,submitted_by_institution,INS-0004,stated,,GIAN-NIDHI-R0566,[]
REL-2987,PRJ-0566,duplicate_of,PRJ-0189,probable,probable_duplicate (same title and team),GIAN-NIDHI-R0566,[]
REL-2988,PRJ-0566,has_participant,PER-GN-00637,stated,,GIAN-NIDHI-R0566,[]
REL-2989,PRJ-0566,has_participant,PER-GN-00638,stated,,GIAN-NIDHI-R0566,[]
REL-2990,PRJ-0566,has_participant,PER-GN-00639,stated,,GIAN-NIDHI-R0566,[]
REL-2991,PRJ-0566,has_participant,PER-GN-00640,stated,,GIAN-NIDHI-R0566,[]
REL-2992,PRJ-0566,has_participant,PER-GN-00641,stated,,GIAN-NIDHI-R0566,[]
REL-2993,PRJ-0567,submitted_by_institution,INS-0038,stated,,GIAN-NIDHI-R0567,[]
REL-2994,PRJ-0567,duplicate_of,PRJ-0190,probable,probable_duplicate (same title and team),GIAN-NIDHI-R0567,[]
REL-2995,PRJ-0567,has_participant,PER-GN-00642,stated,,GIAN-NIDHI-R0567,[]
REL-2996,PRJ-0567,has_participant,PER-GN-00643,stated,,GIAN-NIDHI-R0567,[]
REL-2997,PRJ-0567,has_participant,PER-GN-00644,stated,,GIAN-NIDHI-R0567,[]
REL-2998,PRJ-0567,has_participant,PER-GN-00645,stated,,GIAN-NIDHI-R0567,[]
REL-2999,PRJ-0568,submitted_by_institution,INS-0013,stated,,GIAN-NIDHI-R0568,[]
REL-3000,PRJ-0568,duplicate_of,PRJ-0191,probable,probable_duplicate (same title and team),GIAN-NIDHI-R0568,[]
REL-3001,PRJ-0568,has_participant,PER-GN-00646,stated,,GIAN-NIDHI-R0568,[]
REL-3002,PRJ-0568,has_participant,PER-GN-00647,stated,,GIAN-NIDHI-R0568,[]
REL-3003,PRJ-0568,has_participant,PER-GN-00648,stated,,GIAN-NIDHI-R0568,[]
REL-3004,PRJ-0569,submitted_by_institution,INS-0006,stated,,GIAN-NIDHI-R0192,[]
REL-3005,PRJ-0569,duplicate_of,PRJ-0192,stated,exact_duplicate (same title and team),GIAN-NIDHI-R0192,[]
REL-3006,PRJ-0569,has_participant,PER-GN-00649,stated,,GIAN-NIDHI-R0192,[]
REL-3007,PRJ-0569,has_participant,PER-GN-00650,stated,,GIAN-NIDHI-R0192,[]
REL-3008,PRJ-0569,has_participant,PER-GN-00651,stated,,GIAN-NIDHI-R0192,[]
REL-3009,PRJ-0570,submitted_by_institution,INS-0059,stated,,GIAN-NIDHI-R0570,[]
REL-3010,PRJ-0570,duplicate_of,PRJ-0193,probable,probable_duplicate (same title and team),GIAN-NIDHI-R0570,[]
REL-3011,PRJ-0570,has_participant,PER-GN-00652,stated,,GIAN-NIDHI-R0570,[]
REL-3012,PRJ-0570,has_participant,PER-GN-00653,stated,,GIAN-NIDHI-R0570,[]
REL-3013,PRJ-0570,has_participant,PER-GN-00654,stated,,GIAN-NIDHI-R0570,[]
REL-3014,PRJ-0570,has_participant,PER-GN-00655,stated,,GIAN-NIDHI-R0570,[]
REL-3015,PRJ-0570,has_participant,PER-GN-00656,stated,,GIAN-NIDHI-R0570,[]
REL-3016,PRJ-0571,submitted_by_institution,INS-0007,stated,,GIAN-NIDHI-R0196,[]
REL-3017,PRJ-0571,duplicate_of,PRJ-0196,stated,exact_duplicate (same title and team),GIAN-NIDHI-R0196,[]
REL-3018,PRJ-0571,has_participant,PER-GN-00665,stated,,GIAN-NIDHI-R0196,[]
REL-3019,PRJ-0571,has_participant,PER-GN-00666,stated,,GIAN-NIDHI-R0196,[]
REL-3020,PRJ-0571,has_participant,PER-GN-00667,stated,,GIAN-NIDHI-R0196,[]
REL-3021,PRJ-0571,has_participant,PER-GN-00668,stated,,GIAN-NIDHI-R0196,[]
REL-3022,PRJ-0571,has_participant,PER-GN-00669,stated,,GIAN-NIDHI-R0196,[]
REL-3023,PRJ-0572,submitted_by_institution,INS-0076,stated,,GIAN-NIDHI-R0197,[]
REL-3024,PRJ-0572,duplicate_of,PRJ-0197,stated,exact_duplicate (same title and team),GIAN-NIDHI-R0197,[]
REL-3025,PRJ-0572,has_participant,PER-GN-00670,stated,,GIAN-NIDHI-R0197,[]
REL-3026,PRJ-0572,has_participant,PER-GN-00671,stated,,GIAN-NIDHI-R0197,[]
REL-3027,PRJ-0572,has_participant,PER-GN-00672,stated,,GIAN-NIDHI-R0197,[]
REL-3028,PRJ-0572,has_participant,PER-GN-00673,stated,,GIAN-NIDHI-R0197,[]
REL-3029,PRJ-0572,has_participant,PER-GN-00674,stated,,GIAN-NIDHI-R0197,[]
REL-3030,PRJ-0572,has_participant,PER-GN-00675,stated,,GIAN-NIDHI-R0197,[]
REL-3031,PRJ-0573,submitted_by_institution,INS-0082,stated,,GIAN-NIDHI-R0198,[]
REL-3032,PRJ-0573,duplicate_of,PRJ-0198,stated,exact_duplicate (same title and team),GIAN-NIDHI-R0198,[]
REL-3033,PRJ-0573,has_participant,PER-GN-00676,stated,,GIAN-NIDHI-R0198,[]
REL-3034,PRJ-0573,has_participant,PER-GN-00677,stated,,GIAN-NIDHI-R0198,[]
REL-3035,PRJ-0573,has_participant,PER-GN-00678,stated,,GIAN-NIDHI-R0198,[]
REL-3036,PRJ-0574,submitted_by_institution,INS-0003,stated,,GIAN-NIDHI-R0574,[]
REL-3037,PRJ-0574,duplicate_of,PRJ-0199,probable,probable_duplicate (same title and team),GIAN-NIDHI-R0574,[]
REL-3038,PRJ-0574,has_participant,PER-GN-01515,stated,,GIAN-NIDHI-R0574,[]
REL-3039,PRJ-0574,has_participant,PER-GN-01516,stated,,GIAN-NIDHI-R0574,[]
REL-3040,PRJ-0574,has_participant,PER-GN-01517,stated,,GIAN-NIDHI-R0574,[]
REL-3041,PRJ-0574,has_participant,PER-GN-01518,stated,,GIAN-NIDHI-R0574,[]
REL-3042,PRJ-0574,has_participant,PER-GN-01519,stated,,GIAN-NIDHI-R0574,[]
REL-3043,PRJ-0575,submitted_by_institution,INS-0003,stated,,GIAN-NIDHI-R0200,[]
REL-3044,PRJ-0575,duplicate_of,PRJ-0200,stated,exact_duplicate (same title and team),GIAN-NIDHI-R0200,[]
REL-3045,PRJ-0575,has_participant,PER-GN-00684,stated,,GIAN-NIDHI-R0200,[]
REL-3046,PRJ-0575,has_participant,PER-GN-00685,stated,,GIAN-NIDHI-R0200,[]
REL-3047,PRJ-0575,has_participant,PER-GN-00686,stated,,GIAN-NIDHI-R0200,[]
REL-3048,PRJ-0575,has_participant,PER-GN-00687,stated,,GIAN-NIDHI-R0200,[]
REL-3049,PRJ-0575,has_participant,PER-GN-00688,stated,,GIAN-NIDHI-R0200,[]
REL-3050,PRJ-0576,submitted_by_institution,INS-0023,stated,,GIAN-NIDHI-R0576,[]
REL-3051,PRJ-0576,duplicate_of,PRJ-0201,probable,probable_duplicate (same title and team),GIAN-NIDHI-R0576,[]
REL-3052,PRJ-0576,has_participant,PER-GN-00689,stated,,GIAN-NIDHI-R0576,[]
REL-3053,PRJ-0576,has_participant,PER-GN-00690,stated,,GIAN-NIDHI-R0576,[]
REL-3054,PRJ-0576,has_participant,PER-GN-00691,stated,,GIAN-NIDHI-R0576,[]
REL-3055,PRJ-0576,has_participant,PER-GN-00692,stated,,GIAN-NIDHI-R0576,[]
REL-3056,PRJ-0577,submitted_by_institution,INS-0023,stated,,GIAN-NIDHI-R0202,[]
REL-3057,PRJ-0577,duplicate_of,PRJ-0202,stated,exact_duplicate (same title and team),GIAN-NIDHI-R0202,[]
REL-3058,PRJ-0577,has_participant,PER-GN-00693,stated,,GIAN-NIDHI-R0202,[]
REL-3059,PRJ-0577,has_participant,PER-GN-00694,stated,,GIAN-NIDHI-R0202,[]
REL-3060,PRJ-0577,has_participant,PER-GN-00695,stated,,GIAN-NIDHI-R0202,[]
REL-3061,PRJ-0577,has_participant,PER-GN-00696,stated,,GIAN-NIDHI-R0202,[]
REL-3062,PRJ-0578,submitted_by_institution,INS-0003,stated,,GIAN-NIDHI-R0578,[]
REL-3063,PRJ-0578,has_participant,PER-GN-00697,stated,,GIAN-NIDHI-R0578,[]
REL-3064,PRJ-0578,has_participant,PER-GN-00698,stated,,GIAN-NIDHI-R0578,[]
REL-3065,PRJ-0578,has_participant,PER-GN-00699,stated,,GIAN-NIDHI-R0578,[]
REL-3066,PRJ-0578,has_participant,PER-GN-00700,stated,,GIAN-NIDHI-R0578,[]
REL-3067,PRJ-0578,has_participant,PER-GN-00701,stated,,GIAN-NIDHI-R0578,[]
REL-3068,PRJ-0578,has_participant,PER-GN-01520,stated,,GIAN-NIDHI-R0578,[]
REL-3069,PRJ-0579,submitted_by_institution,INS-0003,stated,,GIAN-NIDHI-R0579,[]
REL-3070,PRJ-0579,duplicate_of,PRJ-0204,probable,probable_duplicate (same title and team),GIAN-NIDHI-R0579,[]
REL-3071,PRJ-0579,has_participant,PER-GN-00703,stated,,GIAN-NIDHI-R0579,[]
REL-3072,PRJ-0579,has_participant,PER-GN-00704,stated,,GIAN-NIDHI-R0579,[]
REL-3073,PRJ-0579,has_participant,PER-GN-00705,stated,,GIAN-NIDHI-R0579,[]
REL-3074,PRJ-0579,has_participant,PER-GN-00706,stated,,GIAN-NIDHI-R0579,[]
REL-3075,PRJ-0579,has_participant,PER-GN-00707,stated,,GIAN-NIDHI-R0579,[]
REL-3076,PRJ-0579,has_participant,PER-GN-00708,stated,,GIAN-NIDHI-R0579,[]
REL-3077,PRJ-0580,submitted_by_institution,INS-0003,stated,,GIAN-NIDHI-R0205,[]
REL-3078,PRJ-0580,duplicate_of,PRJ-0205,stated,exact_duplicate (same title and team),GIAN-NIDHI-R0205,[]
REL-3079,PRJ-0580,has_participant,PER-GN-00709,stated,,GIAN-NIDHI-R0205,[]
REL-3080,PRJ-0580,has_participant,PER-GN-00710,stated,,GIAN-NIDHI-R0205,[]
REL-3081,PRJ-0580,has_participant,PER-GN-00711,stated,,GIAN-NIDHI-R0205,[]
REL-3082,PRJ-0580,has_participant,PER-GN-00712,stated,,GIAN-NIDHI-R0205,[]
REL-3083,PRJ-0581,submitted_by_institution,INS-0083,stated,,GIAN-NIDHI-R0581,[]
REL-3084,PRJ-0581,duplicate_of,PRJ-0206,probable,probable_duplicate (same title and team),GIAN-NIDHI-R0581,[]
REL-3085,PRJ-0581,has_participant,PER-GN-00713,stated,,GIAN-NIDHI-R0581,[]
REL-3086,PRJ-0581,has_participant,PER-GN-00714,stated,,GIAN-NIDHI-R0581,[]
REL-3087,PRJ-0581,has_participant,PER-GN-00715,stated,,GIAN-NIDHI-R0581,[]
REL-3088,PRJ-0581,has_participant,PER-GN-00716,stated,,GIAN-NIDHI-R0581,[]
REL-3089,PRJ-0582,submitted_by_institution,INS-0028,stated,,GIAN-NIDHI-R0582,[]
REL-3090,PRJ-0582,has_participant,PER-GN-01521,stated,,GIAN-NIDHI-R0582,[]
REL-3091,PRJ-0583,submitted_by_institution,INS-0028,stated,,GIAN-NIDHI-R0583,[]
REL-3092,PRJ-0583,has_participant,PER-GN-01522,stated,,GIAN-NIDHI-R0583,[]
REL-3093,PRJ-0583,has_participant,PER-GN-01523,stated,,GIAN-NIDHI-R0583,[]
REL-3094,PRJ-0584,submitted_by_institution,INS-0028,stated,,GIAN-NIDHI-R0584,[]
REL-3095,PRJ-0584,has_participant,PER-GN-01522,stated,,GIAN-NIDHI-R0584,[]
REL-3096,PRJ-0584,has_participant,PER-GN-01524,stated,,GIAN-NIDHI-R0584,[]
REL-3097,PRJ-0585,submitted_by_institution,INS-0028,stated,,GIAN-NIDHI-R0585,[]
REL-3098,PRJ-0585,has_participant,PER-GN-01522,stated,,GIAN-NIDHI-R0585,[]
REL-3099,PRJ-0585,has_participant,PER-GN-01525,stated,,GIAN-NIDHI-R0585,[]
REL-3100,PRJ-0586,submitted_by_institution,INS-0028,stated,,GIAN-NIDHI-R0586,[]
REL-3101,PRJ-0586,has_participant,PER-GN-01524,stated,,GIAN-NIDHI-R0586,[]
REL-3102,PRJ-0586,has_participant,PER-GN-01526,stated,,GIAN-NIDHI-R0586,[]
REL-3103,PRJ-0587,submitted_by_institution,INS-0153,stated,,GIAN-NIDHI-R0587,[]
REL-3104,PRJ-0587,has_participant,PER-GN-01527,stated,,GIAN-NIDHI-R0587,[]
REL-3105,PRJ-0588,submitted_by_institution,INS-0116,stated,,GIAN-NIDHI-R0588,[]
REL-3106,PRJ-0588,has_participant,PER-GN-01528,stated,,GIAN-NIDHI-R0588,[]
REL-3107,PRJ-0588,has_participant,PER-GN-01529,stated,,GIAN-NIDHI-R0588,[]
REL-3108,PRJ-0588,has_participant,PER-GN-01530,stated,,GIAN-NIDHI-R0588,[]
REL-3109,PRJ-0589,submitted_by_institution,INS-0099,stated,,GIAN-NIDHI-R0589,[]
REL-3110,PRJ-0589,has_participant,PER-GN-01531,stated,,GIAN-NIDHI-R0589,[]
REL-3111,PRJ-0590,has_participant,PER-GN-01532,stated,,GIAN-NIDHI-R0590,[]
REL-3112,PRJ-0591,submitted_by_institution,INS-0111,stated,,GIAN-NIDHI-R0591,[]
REL-3113,PRJ-0591,has_participant,PER-GN-01533,stated,,GIAN-NIDHI-R0591,[]
REL-3114,PRJ-0592,submitted_by_institution,INS-0051,stated,,GIAN-NIDHI-R0592,[]
REL-3115,PRJ-0592,has_participant,PER-GN-01534,stated,,GIAN-NIDHI-R0592,[]
REL-3116,PRJ-0593,submitted_by_institution,INS-0093,stated,,GIAN-NIDHI-R0593,[]
REL-3117,PRJ-0593,has_participant,PER-GN-01535,stated,,GIAN-NIDHI-R0593,[]
REL-3118,PRJ-0594,submitted_by_institution,INS-0093,stated,,GIAN-NIDHI-R0594,[]
REL-3119,PRJ-0594,has_participant,PER-GN-01536,stated,,GIAN-NIDHI-R0594,[]
REL-3120,PRJ-0595,submitted_by_institution,INS-0051,stated,,GIAN-NIDHI-R0595,[]
REL-3121,PRJ-0595,has_participant,PER-GN-01537,stated,,GIAN-NIDHI-R0595,[]
REL-3122,PRJ-0596,submitted_by_institution,INS-0001,stated,,GIAN-NIDHI-R0596,[]
REL-3123,PRJ-0596,has_participant,PER-GN-01538,stated,,GIAN-NIDHI-R0596,[]
REL-3124,PRJ-0596,has_participant,PER-GN-01539,stated,,GIAN-NIDHI-R0596,[]
REL-3125,PRJ-0596,has_participant,PER-GN-01540,stated,,GIAN-NIDHI-R0596,[]
REL-3126,PRJ-0597,submitted_by_institution,INS-0001,stated,,GIAN-NIDHI-R0597,[]
REL-3127,PRJ-0597,has_participant,PER-GN-01541,stated,,GIAN-NIDHI-R0597,[]
REL-3128,PRJ-0597,has_participant,PER-GN-01542,stated,,GIAN-NIDHI-R0597,[]
REL-3129,PRJ-0597,has_participant,PER-GN-01543,stated,,GIAN-NIDHI-R0597,[]
REL-3130,PRJ-0598,submitted_by_institution,INS-0001,stated,,GIAN-NIDHI-R0598,[]
REL-3131,PRJ-0598,has_participant,PER-GN-01544,stated,,GIAN-NIDHI-R0598,[]
REL-3132,PRJ-0598,has_participant,PER-GN-01545,stated,,GIAN-NIDHI-R0598,[]
REL-3133,PRJ-0598,has_participant,PER-GN-01546,stated,,GIAN-NIDHI-R0598,[]
REL-3134,PRJ-0599,submitted_by_institution,INS-0001,stated,,GIAN-NIDHI-R0599,[]
REL-3135,PRJ-0599,has_participant,PER-GN-01547,stated,,GIAN-NIDHI-R0599,[]
REL-3136,PRJ-0599,has_participant,PER-GN-01548,stated,,GIAN-NIDHI-R0599,[]
REL-3137,PRJ-0599,has_participant,PER-GN-01549,stated,,GIAN-NIDHI-R0599,[]
REL-3138,PRJ-0600,submitted_by_institution,INS-0001,stated,,GIAN-NIDHI-R0600,[]
REL-3139,PRJ-0600,has_participant,PER-GN-01550,stated,,GIAN-NIDHI-R0600,[]
REL-3140,PRJ-0600,has_participant,PER-GN-01551,stated,,GIAN-NIDHI-R0600,[]
REL-3141,PRJ-0601,submitted_by_institution,INS-0001,stated,,GIAN-NIDHI-R0601,[]
REL-3142,PRJ-0601,has_participant,PER-GN-01552,stated,,GIAN-NIDHI-R0601,[]
REL-3143,PRJ-0601,has_participant,PER-GN-01553,stated,,GIAN-NIDHI-R0601,[]
REL-3144,PRJ-0601,has_participant,PER-GN-01554,stated,,GIAN-NIDHI-R0601,[]
REL-3145,PRJ-0602,submitted_by_institution,INS-0001,stated,,GIAN-NIDHI-R0602,[]
REL-3146,PRJ-0602,has_participant,PER-GN-01555,stated,,GIAN-NIDHI-R0602,[]
REL-3147,PRJ-0602,has_participant,PER-GN-01556,stated,,GIAN-NIDHI-R0602,[]
REL-3148,PRJ-0602,has_participant,PER-GN-01557,stated,,GIAN-NIDHI-R0602,[]
REL-3149,PRJ-0603,submitted_by_institution,INS-0001,stated,,GIAN-NIDHI-R0603,[]
REL-3150,PRJ-0603,has_participant,PER-GN-01558,stated,,GIAN-NIDHI-R0603,[]
REL-3151,PRJ-0603,has_participant,PER-GN-01559,stated,,GIAN-NIDHI-R0603,[]
REL-3152,PRJ-0604,submitted_by_institution,INS-0001,stated,,GIAN-NIDHI-R0604,[]
REL-3153,PRJ-0604,has_participant,PER-GN-01560,stated,,GIAN-NIDHI-R0604,[]
REL-3154,PRJ-0604,has_participant,PER-GN-01561,stated,,GIAN-NIDHI-R0604,[]
REL-3155,PRJ-0604,has_participant,PER-GN-01562,stated,,GIAN-NIDHI-R0604,[]
REL-3156,PRJ-0605,submitted_by_institution,INS-0001,stated,,GIAN-NIDHI-R0605,[]
REL-3157,PRJ-0605,has_participant,PER-GN-01563,stated,,GIAN-NIDHI-R0605,[]
REL-3158,PRJ-0605,has_participant,PER-GN-01564,stated,,GIAN-NIDHI-R0605,[]
REL-3159,PRJ-0605,has_participant,PER-GN-01565,stated,,GIAN-NIDHI-R0605,[]
REL-3160,PRJ-0605,has_participant,PER-GN-01566,stated,,GIAN-NIDHI-R0605,[]
REL-3161,PRJ-0606,submitted_by_institution,INS-0001,stated,,GIAN-NIDHI-R0606,[]
REL-3162,PRJ-0606,has_participant,PER-GN-01567,stated,,GIAN-NIDHI-R0606,[]
REL-3163,PRJ-0606,has_participant,PER-GN-01568,stated,,GIAN-NIDHI-R0606,[]
REL-3164,PRJ-0606,has_participant,PER-GN-01569,stated,,GIAN-NIDHI-R0606,[]
REL-3165,PRJ-0607,submitted_by_institution,INS-0001,stated,,GIAN-NIDHI-R0607,[]
REL-3166,PRJ-0607,has_participant,PER-GN-01570,stated,,GIAN-NIDHI-R0607,[]
REL-3167,PRJ-0607,has_participant,PER-GN-01571,stated,,GIAN-NIDHI-R0607,[]
REL-3168,PRJ-0607,has_participant,PER-GN-01572,stated,,GIAN-NIDHI-R0607,[]
REL-3169,PRJ-0607,has_participant,PER-GN-01573,stated,,GIAN-NIDHI-R0607,[]
REL-3170,PRJ-0608,submitted_by_institution,INS-0149,stated,,GIAN-NIDHI-R0608,[]
REL-3171,PRJ-0608,has_participant,PER-GN-01574,stated,,GIAN-NIDHI-R0608,[]
REL-3172,PRJ-0608,has_participant,PER-GN-01575,stated,,GIAN-NIDHI-R0608,[]
REL-3173,PRJ-0608,has_participant,PER-GN-01576,stated,,GIAN-NIDHI-R0608,[]
REL-3174,PRJ-0608,has_participant,PER-GN-01577,stated,,GIAN-NIDHI-R0608,[]
REL-3175,PRJ-0608,has_participant,PER-GN-01578,stated,,GIAN-NIDHI-R0608,[]
REL-3176,PRJ-0609,submitted_by_institution,INS-0001,stated,,GIAN-NIDHI-R0609,[]
REL-3177,PRJ-0609,has_participant,PER-GN-01579,stated,,GIAN-NIDHI-R0609,[]
REL-3178,PRJ-0609,has_participant,PER-GN-01580,stated,,GIAN-NIDHI-R0609,[]
REL-3179,PRJ-0609,has_participant,PER-GN-01581,stated,,GIAN-NIDHI-R0609,[]
REL-3180,PRJ-0609,has_participant,PER-GN-01582,stated,,GIAN-NIDHI-R0609,[]
REL-3181,PRJ-0610,submitted_by_institution,INS-0001,stated,,GIAN-NIDHI-R0610,[]
REL-3182,PRJ-0610,has_participant,PER-GN-01583,stated,,GIAN-NIDHI-R0610,[]
REL-3183,PRJ-0610,has_participant,PER-GN-01584,stated,,GIAN-NIDHI-R0610,[]
REL-3184,PRJ-0610,has_participant,PER-GN-01585,stated,,GIAN-NIDHI-R0610,[]
REL-3185,PRJ-0610,has_participant,PER-GN-01586,stated,,GIAN-NIDHI-R0610,[]
REL-3186,PRJ-0610,has_participant,PER-GN-01587,stated,,GIAN-NIDHI-R0610,[]
REL-3187,PRJ-0611,submitted_by_institution,INS-0001,stated,,GIAN-NIDHI-R0611,[]
REL-3188,PRJ-0611,has_participant,PER-GN-01588,stated,,GIAN-NIDHI-R0611,[]
REL-3189,PRJ-0611,has_participant,PER-GN-01589,stated,,GIAN-NIDHI-R0611,[]
REL-3190,PRJ-0611,has_participant,PER-GN-01590,stated,,GIAN-NIDHI-R0611,[]
REL-3191,PRJ-0611,has_participant,PER-GN-01591,stated,,GIAN-NIDHI-R0611,[]
REL-3192,PRJ-0612,submitted_by_institution,INS-0001,stated,,GIAN-NIDHI-R0612,[]
REL-3193,PRJ-0612,has_participant,PER-GN-01592,stated,,GIAN-NIDHI-R0612,[]
REL-3194,PRJ-0612,has_participant,PER-GN-01593,stated,,GIAN-NIDHI-R0612,[]
REL-3195,PRJ-0612,has_participant,PER-GN-01594,stated,,GIAN-NIDHI-R0612,[]
REL-3196,PRJ-0613,submitted_by_institution,INS-0001,stated,,GIAN-NIDHI-R0613,[]
REL-3197,PRJ-0613,has_participant,PER-GN-01595,stated,,GIAN-NIDHI-R0613,[]
REL-3198,PRJ-0613,has_participant,PER-GN-01596,stated,,GIAN-NIDHI-R0613,[]
REL-3199,PRJ-0613,has_participant,PER-GN-01597,stated,,GIAN-NIDHI-R0613,[]
REL-3200,PRJ-0614,submitted_by_institution,INS-0001,stated,,GIAN-NIDHI-R0614,[]
REL-3201,PRJ-0614,has_participant,PER-GN-01598,stated,,GIAN-NIDHI-R0614,[]
REL-3202,PRJ-0614,has_participant,PER-GN-01599,stated,,GIAN-NIDHI-R0614,[]
REL-3203,PRJ-0614,has_participant,PER-GN-01600,stated,,GIAN-NIDHI-R0614,[]
REL-3204,PRJ-0615,submitted_by_institution,INS-0001,stated,,GIAN-NIDHI-R0615,[]
REL-3205,PRJ-0615,has_participant,PER-GN-01601,stated,,GIAN-NIDHI-R0615,[]
REL-3206,PRJ-0615,has_participant,PER-GN-01602,stated,,GIAN-NIDHI-R0615,[]
REL-3207,PRJ-0616,submitted_by_institution,INS-0001,stated,,GIAN-NIDHI-R0616,[]
REL-3208,PRJ-0616,has_participant,PER-GN-01603,stated,,GIAN-NIDHI-R0616,[]
REL-3209,PRJ-0616,has_participant,PER-GN-01604,stated,,GIAN-NIDHI-R0616,[]
REL-3210,PRJ-0616,has_participant,PER-GN-01605,stated,,GIAN-NIDHI-R0616,[]
REL-3211,PRJ-0617,submitted_by_institution,INS-0001,stated,,GIAN-NIDHI-R0617,[]
REL-3212,PRJ-0617,has_participant,PER-GN-01606,stated,,GIAN-NIDHI-R0617,[]
REL-3213,PRJ-0617,has_participant,PER-GN-01607,stated,,GIAN-NIDHI-R0617,[]
REL-3214,PRJ-0617,has_participant,PER-GN-01608,stated,,GIAN-NIDHI-R0617,[]
REL-3215,PRJ-0618,submitted_by_institution,INS-0001,stated,,GIAN-NIDHI-R0618,[]
REL-3216,PRJ-0618,has_participant,PER-GN-01609,stated,,GIAN-NIDHI-R0618,[]
REL-3217,PRJ-0618,has_participant,PER-GN-01610,stated,,GIAN-NIDHI-R0618,[]
REL-3218,PRJ-0619,submitted_by_institution,INS-0001,stated,,GIAN-NIDHI-R0619,[]
REL-3219,PRJ-0619,has_participant,PER-GN-01611,stated,,GIAN-NIDHI-R0619,[]
REL-3220,PRJ-0619,has_participant,PER-GN-01612,stated,,GIAN-NIDHI-R0619,[]
REL-3221,PRJ-0620,submitted_by_institution,INS-0001,stated,,GIAN-NIDHI-R0620,[]
REL-3222,PRJ-0620,has_participant,PER-GN-01613,stated,,GIAN-NIDHI-R0620,[]
REL-3223,PRJ-0620,has_participant,PER-GN-01614,stated,,GIAN-NIDHI-R0620,[]
REL-3224,PRJ-0620,has_participant,PER-GN-01615,stated,,GIAN-NIDHI-R0620,[]
REL-3225,PRJ-0621,submitted_by_institution,INS-0001,stated,,GIAN-NIDHI-R0621,[]
REL-3226,PRJ-0621,has_participant,PER-GN-01616,stated,,GIAN-NIDHI-R0621,[]
REL-3227,PRJ-0621,has_participant,PER-GN-01617,stated,,GIAN-NIDHI-R0621,[]
REL-3228,PRJ-0621,has_participant,PER-GN-01618,stated,,GIAN-NIDHI-R0621,[]
REL-3229,PRJ-0622,submitted_by_institution,INS-0001,stated,,GIAN-NIDHI-R0622,[]
REL-3230,PRJ-0622,has_participant,PER-GN-01619,stated,,GIAN-NIDHI-R0622,[]
REL-3231,PRJ-0622,has_participant,PER-GN-01620,stated,,GIAN-NIDHI-R0622,[]
REL-3232,PRJ-0622,has_participant,PER-GN-01621,stated,,GIAN-NIDHI-R0622,[]
REL-3233,PRJ-0623,submitted_by_institution,INS-0001,stated,,GIAN-NIDHI-R0623,[]
REL-3234,PRJ-0623,has_participant,PER-GN-01622,stated,,GIAN-NIDHI-R0623,[]
REL-3235,PRJ-0623,has_participant,PER-GN-01623,stated,,GIAN-NIDHI-R0623,[]
REL-3236,PRJ-0624,submitted_by_institution,INS-0001,stated,,GIAN-NIDHI-R0624,[]
REL-3237,PRJ-0624,has_participant,PER-GN-01624,stated,,GIAN-NIDHI-R0624,[]
REL-3238,PRJ-0624,has_participant,PER-GN-01625,stated,,GIAN-NIDHI-R0624,[]
REL-3239,PRJ-0625,submitted_by_institution,INS-0001,stated,,GIAN-NIDHI-R0625,[]
REL-3240,PRJ-0625,has_participant,PER-GN-01626,stated,,GIAN-NIDHI-R0625,[]
REL-3241,PRJ-0625,has_participant,PER-GN-01627,stated,,GIAN-NIDHI-R0625,[]
REL-3242,PRJ-0626,submitted_by_institution,INS-0001,stated,,GIAN-NIDHI-R0626,[]
REL-3243,PRJ-0626,has_participant,PER-GN-01628,stated,,GIAN-NIDHI-R0626,[]
REL-3244,PRJ-0626,has_participant,PER-GN-01629,stated,,GIAN-NIDHI-R0626,[]
REL-3245,PRJ-0626,has_participant,PER-GN-01630,stated,,GIAN-NIDHI-R0626,[]
REL-3246,PRJ-0627,submitted_by_institution,INS-0001,stated,,GIAN-NIDHI-R0627,[]
REL-3247,PRJ-0627,has_participant,PER-GN-01631,stated,,GIAN-NIDHI-R0627,[]
REL-3248,PRJ-0628,submitted_by_institution,INS-0001,stated,,GIAN-NIDHI-R0628,[]
REL-3249,PRJ-0628,has_participant,PER-GN-01632,stated,,GIAN-NIDHI-R0628,[]
REL-3250,PRJ-0628,has_participant,PER-GN-01633,stated,,GIAN-NIDHI-R0628,[]
REL-3251,PRJ-0629,submitted_by_institution,INS-0001,stated,,GIAN-NIDHI-R0629,[]
REL-3252,PRJ-0629,has_participant,PER-GN-01634,stated,,GIAN-NIDHI-R0629,[]
REL-3253,PRJ-0629,has_participant,PER-GN-01635,stated,,GIAN-NIDHI-R0629,[]
REL-3254,PRJ-0630,submitted_by_institution,INS-0001,stated,,GIAN-NIDHI-R0630,[]
REL-3255,PRJ-0630,has_participant,PER-GN-01636,stated,,GIAN-NIDHI-R0630,[]
REL-3256,PRJ-0631,submitted_by_institution,INS-0001,stated,,GIAN-NIDHI-R0631,[]
REL-3257,PRJ-0631,has_participant,PER-GN-01637,stated,,GIAN-NIDHI-R0631,[]
REL-3258,PRJ-0631,has_participant,PER-GN-01638,stated,,GIAN-NIDHI-R0631,[]
REL-3259,PRJ-0632,submitted_by_institution,INS-0001,stated,,GIAN-NIDHI-R0632,[]
REL-3260,PRJ-0632,has_participant,PER-GN-01639,stated,,GIAN-NIDHI-R0632,[]
REL-3261,PRJ-0633,submitted_by_institution,INS-0001,stated,,GIAN-NIDHI-R0633,[]
REL-3262,PRJ-0633,has_participant,PER-GN-01640,stated,,GIAN-NIDHI-R0633,[]
REL-3263,PRJ-0633,has_participant,PER-GN-01641,stated,,GIAN-NIDHI-R0633,[]
REL-3264,PRJ-0633,has_participant,PER-GN-01642,stated,,GIAN-NIDHI-R0633,[]
REL-3265,PRJ-0634,submitted_by_institution,INS-0001,stated,,GIAN-NIDHI-R0634,[]
REL-3266,PRJ-0634,has_participant,PER-GN-01643,stated,,GIAN-NIDHI-R0634,[]
REL-3267,PRJ-0635,submitted_by_institution,INS-0001,stated,,GIAN-NIDHI-R0635,[]
REL-3268,PRJ-0635,has_participant,PER-GN-01644,stated,,GIAN-NIDHI-R0635,[]
REL-3269,PRJ-0635,has_participant,PER-GN-01645,stated,,GIAN-NIDHI-R0635,[]
REL-3270,PRJ-0636,submitted_by_institution,INS-0001,stated,,GIAN-NIDHI-R0636,[]
REL-3271,PRJ-0636,has_participant,PER-GN-01646,stated,,GIAN-NIDHI-R0636,[]
REL-3272,PRJ-0637,submitted_by_institution,INS-0001,stated,,GIAN-NIDHI-R0637,[]
REL-3273,PRJ-0637,has_participant,PER-GN-01647,stated,,GIAN-NIDHI-R0637,[]
REL-3274,PRJ-0637,has_participant,PER-GN-01648,stated,,GIAN-NIDHI-R0637,[]
REL-3275,PRJ-0637,has_participant,PER-GN-01649,stated,,GIAN-NIDHI-R0637,[]
REL-3276,PRJ-0638,submitted_by_institution,INS-0001,stated,,GIAN-NIDHI-R0638,[]
REL-3277,PRJ-0638,has_participant,PER-GN-01650,stated,,GIAN-NIDHI-R0638,[]
REL-3278,PRJ-0639,submitted_by_institution,INS-0001,stated,,GIAN-NIDHI-R0639,[]
REL-3279,PRJ-0639,has_participant,PER-GN-01651,stated,,GIAN-NIDHI-R0639,[]
REL-3280,PRJ-0639,has_participant,PER-GN-01652,stated,,GIAN-NIDHI-R0639,[]
REL-3281,PRJ-0639,has_participant,PER-GN-01653,stated,,GIAN-NIDHI-R0639,[]
REL-3282,PRJ-0639,has_participant,PER-GN-01654,stated,,GIAN-NIDHI-R0639,[]
REL-3283,PRJ-0640,submitted_by_institution,INS-0001,stated,,GIAN-NIDHI-R0640,[]
REL-3284,PRJ-0640,has_participant,PER-GN-01655,stated,,GIAN-NIDHI-R0640,[]
REL-3285,PRJ-0640,has_participant,PER-GN-01656,stated,,GIAN-NIDHI-R0640,[]
REL-3286,PRJ-0640,has_participant,PER-GN-01657,stated,,GIAN-NIDHI-R0640,[]
REL-3287,PRJ-0640,has_participant,PER-GN-01658,stated,,GIAN-NIDHI-R0640,[]
